INSERT INTO company_Sila (company_ID, company_name, company_points) VALUES (1, 'Monad Yazılım', 100.0);
INSERT INTO company_Sila (company_ID, company_name, company_points) VALUES (2, 'Acıbadem Hastanesi', 95.0);
INSERT INTO company_Sila (company_ID, company_name, company_points) VALUES (3, 'Memorial Hastanesi', 92.0);
INSERT INTO company_Sila (company_ID, company_name, company_points) VALUES (4, 'Medical Park', 90.0);
INSERT INTO company_Sila (company_ID, company_name, company_points) VALUES (5, 'Başkent Hastanesi', 88.0);
INSERT INTO company_Sila (company_ID, company_name, company_points) VALUES (6, 'Gazi Üniversitesi Hastanesi', 85.0);
INSERT INTO company_Sila (company_ID, company_name, company_points) VALUES (7, 'Hacettepe Hastanesi', 80.0);
INSERT INTO company_Sila (company_ID, company_name, company_points) VALUES (8, 'İbni Sina Hastanesi', 78.0);
INSERT INTO company_Sila (company_ID, company_name, company_points) VALUES (9, 'Güven Hastanesi', 82.0);
INSERT INTO company_Sila (company_ID, company_name, company_points) VALUES (10, 'Liv Hospital', 86.0);
INSERT INTO company_Sila (company_ID, company_name, company_points) VALUES (11, 'Medicana', 84.0);
ALTER TABLE users_Sila ADD is_approved NUMBER(1,0) DEFAULT 1 NOT NULL;
INSERT INTO users_Sila (user_type, user_ID, is_approved, name_surname, email, password, role, company_ID) VALUES ('Supervisor', 1, 1, 'Bora Aydemir', 'bora.aydemir@monad.com.tr', 'hash_hash', 'ROLE_YAZILIM_YONETICISI', 1);
INSERT INTO users_Sila (user_type, user_ID, is_approved, name_surname, email, password, role, company_ID) VALUES ('ProductOwner', 2, 1, 'Başak Hanım', 'basak@monad.com.tr', 'hash_hash', 'ROLE_URUN_SORUMLUSU', 1);
INSERT INTO users_Sila (user_type, user_ID, is_approved, name_surname, email, password, role, company_ID) VALUES ('Developer', 3, 1, 'Evren Aslankara', 'evren.aslankara@monad.com.tr', 'hash_hash', 'ROLE_YAZILIMCI', 1);
INSERT INTO users_Sila (user_type, user_ID, is_approved, name_surname, email, password, role, company_ID) VALUES ('Developer', 4, 1, 'Ahmet Bilen', 'ahmet.bilen@monad.com.tr', 'hash_hash', 'ROLE_YAZILIMCI', 1);
INSERT INTO users_Sila (user_type, user_ID, is_approved, name_surname, email, password, role, company_ID) VALUES ('Developer', 5, 1, 'Ercan Aktin', 'ercan.aktin@monad.com.tr', 'hash_hash', 'ROLE_YAZILIMCI', 1);
INSERT INTO users_Sila (user_type, user_ID, is_approved, name_surname, email, password, role, company_ID) VALUES ('Developer', 6, 1, 'Sercem Er', 'sercem.er@monad.com.tr', 'hash_hash', 'ROLE_YAZILIMCI', 1);
INSERT INTO users_Sila (user_type, user_ID, is_approved, name_surname, email, password, role, company_ID) VALUES ('Developer', 7, 1, 'Mehmet KARA', 'mehmet.kara@monad.com.tr', 'hash_hash', 'ROLE_YAZILIMCI', 1);
INSERT INTO users_Sila (user_type, user_ID, is_approved, name_surname, email, password, role, company_ID) VALUES ('Developer', 8, 1, 'Esra KEHCİ', 'esra.kehci̇@monad.com.tr', 'hash_hash', 'ROLE_YAZILIMCI', 1);
INSERT INTO users_Sila (user_type, user_ID, is_approved, name_surname, email, password, role, company_ID) VALUES ('Developer', 9, 1, 'Mustafa Berk', 'mustafa.berk@monad.com.tr', 'hash_hash', 'ROLE_YAZILIMCI', 1);
INSERT INTO users_Sila (user_type, user_ID, is_approved, name_surname, email, password, role, company_ID) VALUES ('Developer', 10, 1, 'Melih Can Benli', 'melih.can.benli@monad.com.tr', 'hash_hash', 'ROLE_YAZILIMCI', 1);
INSERT INTO users_Sila (user_type, user_ID, is_approved, name_surname, email, password, role, company_ID) VALUES ('Developer', 11, 1, 'Ahmet Suiçmez', 'ahmet.suicmez@monad.com.tr', 'hash_hash', 'ROLE_YAZILIMCI', 1);
INSERT INTO users_Sila (user_type, user_ID, is_approved, name_surname, email, password, role, company_ID) VALUES ('Developer', 12, 1, 'İzzet Ali Yıldırım', 'i̇zzet.ali.yildirim@monad.com.tr', 'hash_hash', 'ROLE_YAZILIMCI', 1);
INSERT INTO users_Sila (user_type, user_ID, is_approved, name_surname, email, password, role, company_ID) VALUES ('Developer', 13, 1, 'Onur Gökce', 'onur.gokce@monad.com.tr', 'hash_hash', 'ROLE_YAZILIMCI', 1);
INSERT INTO users_Sila (user_type, user_ID, is_approved, name_surname, email, password, role, company_ID) VALUES ('Developer', 14, 1, 'Yunus Batın', 'yunus.batin@monad.com.tr', 'hash_hash', 'ROLE_YAZILIMCI', 1);
INSERT INTO users_Sila (user_type, user_ID, is_approved, name_surname, email, password, role, company_ID) VALUES ('Developer', 15, 1, 'Deniz Özkan', 'deniz.ozkan@monad.com.tr', 'hash_hash', 'ROLE_YAZILIMCI', 1);
INSERT INTO users_Sila (user_type, user_ID, is_approved, name_surname, email, password, role, company_ID) VALUES ('Developer', 16, 1, 'Serap Gul Erkan', 'serap.gul.erkan@monad.com.tr', 'hash_hash', 'ROLE_YAZILIMCI', 1);
INSERT INTO users_Sila (user_type, user_ID, is_approved, name_surname, email, password, role, company_ID) VALUES ('Developer', 17, 1, 'Deniz Can Aksu', 'deniz.can.aksu@monad.com.tr', 'hash_hash', 'ROLE_YAZILIMCI', 1);
INSERT INTO users_Sila (user_type, user_ID, is_approved, name_surname, email, password, role, company_ID) VALUES ('Developer', 18, 1, 'Mertcan TUTUM', 'mertcan.tutum@monad.com.tr', 'hash_hash', 'ROLE_YAZILIMCI', 1);
INSERT INTO users_Sila (user_type, user_ID, is_approved, name_surname, email, password, role, company_ID) VALUES ('Developer', 19, 1, 'Hüseyin ACİME', 'huseyin.aci̇me@monad.com.tr', 'hash_hash', 'ROLE_YAZILIMCI', 1);
INSERT INTO users_Sila (user_type, user_ID, is_approved, name_surname, email, password, role, company_ID) VALUES ('Developer', 20, 1, 'Muhammet DU', 'muhammet.du@monad.com.tr', 'hash_hash', 'ROLE_YAZILIMCI', 1);
INSERT INTO users_Sila (user_type, user_ID, is_approved, name_surname, email, password, role, company_ID) VALUES ('Developer', 21, 1, 'Elif Bozkurt', 'elif.bozkurt@monad.com.tr', 'hash_hash', 'ROLE_YAZILIMCI', 1);
INSERT INTO users_Sila (user_type, user_ID, is_approved, name_surname, email, password, role, company_ID) VALUES ('Developer', 22, 1, 'Rabia Kırım', 'rabia.kirim@monad.com.tr', 'hash_hash', 'ROLE_YAZILIMCI', 1);
INSERT INTO users_Sila (user_type, user_ID, is_approved, name_surname, email, password, role, company_ID) VALUES ('Developer', 23, 1, 'Zülfikar YILDIRIM', 'zulfikar.yildirim@monad.com.tr', 'hash_hash', 'ROLE_YAZILIMCI', 1);
INSERT INTO users_Sila (user_type, user_ID, is_approved, name_surname, email, password, role, company_ID) VALUES ('Developer', 24, 1, 'Muhammed Sa', 'muhammed.sa@monad.com.tr', 'hash_hash', 'ROLE_YAZILIMCI', 1);
INSERT INTO users_Sila (user_type, user_ID, is_approved, name_surname, email, password, role, company_ID) VALUES ('Developer', 25, 1, 'Semih ALTIOK', 'semih.altiok@monad.com.tr', 'hash_hash', 'ROLE_YAZILIMCI', 1);
INSERT INTO users_Sila (user_type, user_ID, is_approved, name_surname, email, password, role, company_ID) VALUES ('Customer', 26, 1, 'Mehmet Yılmaz', 'it2@hastane.com', 'hash_hash', 'ROLE_MUSTERI', 2);
INSERT INTO users_Sila (user_type, user_ID, is_approved, name_surname, email, password, role, company_ID) VALUES ('Customer', 27, 1, 'Ayşe Kaya', 'it3@hastane.com', 'hash_hash', 'ROLE_MUSTERI', 3);
INSERT INTO users_Sila (user_type, user_ID, is_approved, name_surname, email, password, role, company_ID) VALUES ('Customer', 28, 1, 'Fatma Demir', 'it4@hastane.com', 'hash_hash', 'ROLE_MUSTERI', 4);
INSERT INTO users_Sila (user_type, user_ID, is_approved, name_surname, email, password, role, company_ID) VALUES ('Customer', 29, 1, 'Ali Çelik', 'it5@hastane.com', 'hash_hash', 'ROLE_MUSTERI', 5);
INSERT INTO users_Sila (user_type, user_ID, is_approved, name_surname, email, password, role, company_ID) VALUES ('Customer', 30, 1, 'Veli Şahin', 'it6@hastane.com', 'hash_hash', 'ROLE_MUSTERI', 6);
INSERT INTO users_Sila (user_type, user_ID, is_approved, name_surname, email, password, role, company_ID) VALUES ('Customer', 31, 1, 'Zeynep Arslan', 'it7@hastane.com', 'hash_hash', 'ROLE_MUSTERI', 7);
INSERT INTO users_Sila (user_type, user_ID, is_approved, name_surname, email, password, role, company_ID) VALUES ('Customer', 32, 1, 'Hatice Can', 'it8@hastane.com', 'hash_hash', 'ROLE_MUSTERI', 8);
INSERT INTO users_Sila (user_type, user_ID, is_approved, name_surname, email, password, role, company_ID) VALUES ('Customer', 33, 1, 'Emre Yıldız', 'it9@hastane.com', 'hash_hash', 'ROLE_MUSTERI', 9);
INSERT INTO users_Sila (user_type, user_ID, is_approved, name_surname, email, password, role, company_ID) VALUES ('Customer', 34, 1, 'Caner Doğan', 'it10@hastane.com', 'hash_hash', 'ROLE_MUSTERI', 10);
INSERT INTO users_Sila (user_type, user_ID, is_approved, name_surname, email, password, role, company_ID) VALUES ('Customer', 35, 1, 'Aslı Tekin', 'it11@hastane.com', 'hash_hash', 'ROLE_MUSTERI', 11);
INSERT INTO requests_Sila (request_ID, creator_ID, title, description, status, type, generated_id, created_at) VALUES (1, 26, 'Sistem Çöktü', 'Sabah saatlerinde tüm hastane genelinde sistem çöktü, hasta kayıtları alınamıyor. Çok acil durum! Bu çok uzun bir açıklama çünkü 100 karakter sınırını test etmek istiyoruz. Lütfen en kısa sürede çözün.', 'UNASSIGNED', 'SİSTEM_ÇÖKÜŞÜ', 'REQ-0001', CURRENT_TIMESTAMP);
INSERT INTO priorities_Sila (priority_ID, request_ID, company_points, product_mgr_score, software_mgr_score, priority_score) VALUES (1, 1, 95.0, 20.5, 30.0, 85.0);
INSERT INTO requests_Sila (request_ID, creator_ID, title, description, status, type, generated_id, created_at) VALUES (2, 27, 'Raporlama Hatası', 'Aylık raporlar eksik geliyor, bazı doktor isimleri listede yok.', 'UNASSIGNED', 'DİĞER', 'REQ-0002', CURRENT_TIMESTAMP);
INSERT INTO priorities_Sila (priority_ID, request_ID, company_points, product_mgr_score, software_mgr_score, priority_score) VALUES (2, 2, 92.0, 15.0, 15.0, 45.0);
INSERT INTO requests_Sila (request_ID, creator_ID, title, description, status, type, generated_id, created_at) VALUES (3, 28, 'Veritabanı Senkronizasyonu', 'Görüntüleme sonuçları veritabanına aktarılmıyor.', 'ASSIGNED', 'VERİ_KAYBI', 'REQ-0003', CURRENT_TIMESTAMP);
INSERT INTO priorities_Sila (priority_ID, request_ID, company_points, product_mgr_score, software_mgr_score, priority_score) VALUES (3, 3, 90.0, 45.0, 40.0, 90.0);
INSERT INTO workflows_Sila (task_ID, request_ID, developer_ID, workflow_status, assigned_by_ID, assigned_at) VALUES (1, 3, 3, 'ASSIGNED', 1, CURRENT_TIMESTAMP);
INSERT INTO requests_Sila (request_ID, creator_ID, title, description, status, type, generated_id, created_at) VALUES (4, 29, 'UI Düzeltmesi', 'Butonlar yanlış hizalanmış.', 'COMPLETED', 'BUG_DÜZELTME', 'REQ-0004', CURRENT_TIMESTAMP);
INSERT INTO priorities_Sila (priority_ID, request_ID, company_points, product_mgr_score, software_mgr_score, priority_score) VALUES (4, 4, 88.0, 5.0, 5.0, 25.0);
INSERT INTO workflows_Sila (task_ID, request_ID, developer_ID, workflow_status, assigned_by_ID, assigned_at, resolved_at) VALUES (2, 4, 3, 'RESOLVED', 1, CURRENT_TIMESTAMP, CURRENT_TIMESTAMP);
INSERT INTO requests_Sila (request_ID, creator_ID, title, description, status, type, generated_id, created_at) VALUES (5, 30, 'Ödeme Geçmiyor', 'Kredi kartı işlemleri arka planda patlıyor.', 'UNASSIGNED', 'DİĞER', 'REQ-0005', CURRENT_TIMESTAMP);
INSERT INTO priorities_Sila (priority_ID, request_ID, company_points, product_mgr_score, software_mgr_score, priority_score) VALUES (5, 5, 85.0, 50.0, 45.0, 95.0);
INSERT INTO workflows_Sila (task_ID, request_ID, developer_ID, workflow_status, assigned_by_ID, assigned_at) VALUES (3, 5, NULL, 'RESENT', 1, CURRENT_TIMESTAMP);
