INSERT INTO company_Sila (company_ID, company_name, company_points) VALUES (1, 'Monad Yazilim', 100.0);
INSERT INTO company_Sila (company_ID, company_name, company_points) VALUES (2, 'Acibadem Hastanesi', 95.0);
INSERT INTO company_Sila (company_ID, company_name, company_points) VALUES (3, 'Memorial Hastanesi', 92.0);
INSERT INTO company_Sila (company_ID, company_name, company_points) VALUES (4, 'Medical Park', 90.0);
INSERT INTO company_Sila (company_ID, company_name, company_points) VALUES (5, 'Baskent Hastanesi', 88.0);
INSERT INTO company_Sila (company_ID, company_name, company_points) VALUES (6, 'Gazi Universitesi Hastanesi', 85.0);
INSERT INTO company_Sila (company_ID, company_name, company_points) VALUES (7, 'Hacettepe Hastanesi', 80.0);
INSERT INTO company_Sila (company_ID, company_name, company_points) VALUES (8, 'Ibni Sina Hastanesi', 78.0);
INSERT INTO company_Sila (company_ID, company_name, company_points) VALUES (9, 'Guven Hastanesi', 82.0);
INSERT INTO company_Sila (company_ID, company_name, company_points) VALUES (10, 'Liv Hospital', 86.0);
INSERT INTO company_Sila (company_ID, company_name, company_points) VALUES (11, 'Medicana', 84.0);
INSERT INTO users_Sila (user_type, user_ID, is_approved, name_surname, email, password, role, company_ID) VALUES ('YAZILIM_YONETICISI', 1, 1, 'Bora Aydemir', 'bora.aydemir@monad.com.tr', '123', 'ROLE_YAZILIM_YONETICISI', 1);
INSERT INTO users_Sila (user_type, user_ID, is_approved, name_surname, email, password, role, company_ID) VALUES ('URUN_SORUMLUSU', 2, 1, 'Basak Hanim', 'basak@monad.com.tr', '123', 'ROLE_URUN_SORUMLUSU', 1);
INSERT INTO users_Sila (user_type, user_ID, is_approved, name_surname, email, password, role, company_ID) VALUES ('YAZILIMCI', 3, 1, 'Evren Aslankara', 'evren.aslankara@monad.com.tr', '123', 'ROLE_YAZILIMCI', 1);
INSERT INTO users_Sila (user_type, user_ID, is_approved, name_surname, email, password, role, company_ID) VALUES ('YAZILIMCI', 4, 1, 'Ahmet Bilen', 'ahmet.bilen@monad.com.tr', '123', 'ROLE_YAZILIMCI', 1);
INSERT INTO users_Sila (user_type, user_ID, is_approved, name_surname, email, password, role, company_ID) VALUES ('YAZILIMCI', 5, 1, 'Ercan Aktin', 'ercan.aktin@monad.com.tr', '123', 'ROLE_YAZILIMCI', 1);
INSERT INTO users_Sila (user_type, user_ID, is_approved, name_surname, email, password, role, company_ID) VALUES ('YAZILIMCI', 6, 1, 'Sercem Er', 'sercem.er@monad.com.tr', '123', 'ROLE_YAZILIMCI', 1);
INSERT INTO users_Sila (user_type, user_ID, is_approved, name_surname, email, password, role, company_ID) VALUES ('YAZILIMCI', 7, 1, 'Mehmet KARA', 'mehmet.kara@monad.com.tr', '123', 'ROLE_YAZILIMCI', 1);
INSERT INTO users_Sila (user_type, user_ID, is_approved, name_surname, email, password, role, company_ID) VALUES ('YAZILIMCI', 8, 1, 'Esra KEHCI', 'esra.kehci@monad.com.tr', '123', 'ROLE_YAZILIMCI', 1);
INSERT INTO users_Sila (user_type, user_ID, is_approved, name_surname, email, password, role, company_ID) VALUES ('YAZILIMCI', 9, 1, 'Mustafa Berk', 'mustafa.berk@monad.com.tr', '123', 'ROLE_YAZILIMCI', 1);
INSERT INTO users_Sila (user_type, user_ID, is_approved, name_surname, email, password, role, company_ID) VALUES ('YAZILIMCI', 10, 1, 'Melih Can Benli', 'melih.can.benli@monad.com.tr', '123', 'ROLE_YAZILIMCI', 1);
INSERT INTO users_Sila (user_type, user_ID, is_approved, name_surname, email, password, role, company_ID) VALUES ('YAZILIMCI', 11, 1, 'Ahmet Suicmez', 'ahmet.suicmez@monad.com.tr', '123', 'ROLE_YAZILIMCI', 1);
INSERT INTO users_Sila (user_type, user_ID, is_approved, name_surname, email, password, role, company_ID) VALUES ('YAZILIMCI', 12, 1, 'Izzet Ali Yildirim', 'izzet.ali.yildirim@monad.com.tr', '123', 'ROLE_YAZILIMCI', 1);
INSERT INTO users_Sila (user_type, user_ID, is_approved, name_surname, email, password, role, company_ID) VALUES ('YAZILIMCI', 13, 1, 'Onur Gokce', 'onur.gokce@monad.com.tr', '123', 'ROLE_YAZILIMCI', 1);
INSERT INTO users_Sila (user_type, user_ID, is_approved, name_surname, email, password, role, company_ID) VALUES ('YAZILIMCI', 14, 1, 'Yunus Batin', 'yunus.batin@monad.com.tr', '123', 'ROLE_YAZILIMCI', 1);
INSERT INTO users_Sila (user_type, user_ID, is_approved, name_surname, email, password, role, company_ID) VALUES ('YAZILIMCI', 15, 1, 'Deniz Ozkan', 'deniz.ozkan@monad.com.tr', '123', 'ROLE_YAZILIMCI', 1);
INSERT INTO users_Sila (user_type, user_ID, is_approved, name_surname, email, password, role, company_ID) VALUES ('YAZILIMCI', 16, 1, 'Serap Gul Erkan', 'serap.gul.erkan@monad.com.tr', '123', 'ROLE_YAZILIMCI', 1);
INSERT INTO users_Sila (user_type, user_ID, is_approved, name_surname, email, password, role, company_ID) VALUES ('YAZILIMCI', 17, 1, 'Deniz Can Aksu', 'deniz.can.aksu@monad.com.tr', '123', 'ROLE_YAZILIMCI', 1);
INSERT INTO users_Sila (user_type, user_ID, is_approved, name_surname, email, password, role, company_ID) VALUES ('YAZILIMCI', 18, 1, 'Mertcan TUTUM', 'mertcan.tutum@monad.com.tr', '123', 'ROLE_YAZILIMCI', 1);
INSERT INTO users_Sila (user_type, user_ID, is_approved, name_surname, email, password, role, company_ID) VALUES ('YAZILIMCI', 19, 1, 'Huseyin ACIME', 'huseyin.acime@monad.com.tr', '123', 'ROLE_YAZILIMCI', 1);
INSERT INTO users_Sila (user_type, user_ID, is_approved, name_surname, email, password, role, company_ID) VALUES ('YAZILIMCI', 20, 1, 'Muhammet DU', 'muhammet.du@monad.com.tr', '123', 'ROLE_YAZILIMCI', 1);
INSERT INTO users_Sila (user_type, user_ID, is_approved, name_surname, email, password, role, company_ID) VALUES ('YAZILIMCI', 21, 1, 'Elif Bozkurt', 'elif.bozkurt@monad.com.tr', '123', 'ROLE_YAZILIMCI', 1);
INSERT INTO users_Sila (user_type, user_ID, is_approved, name_surname, email, password, role, company_ID) VALUES ('YAZILIMCI', 22, 1, 'Rabia Kirim', 'rabia.kirim@monadyazilim.com', '123', 'ROLE_YAZILIMCI', 1);
INSERT INTO users_Sila (user_type, user_ID, is_approved, name_surname, email, password, role, company_ID) VALUES ('YAZILIMCI', 23, 1, 'Zulfikar YILDIRIM', 'zulfikar.yildirim@monad.com.tr', '123', 'ROLE_YAZILIMCI', 1);
INSERT INTO users_Sila (user_type, user_ID, is_approved, name_surname, email, password, role, company_ID) VALUES ('YAZILIMCI', 24, 1, 'Muhammed Sa', 'muhammed.sa@monad.com.tr', '123', 'ROLE_YAZILIMCI', 1);
INSERT INTO users_Sila (user_type, user_ID, is_approved, name_surname, email, password, role, company_ID) VALUES ('YAZILIMCI', 25, 1, 'Semih ALTIOK', 'semih.altiok@monad.com.tr', '123', 'ROLE_YAZILIMCI', 1);
INSERT INTO users_Sila (user_type, user_ID, is_approved, name_surname, email, password, role, company_ID) VALUES ('MUSTERI', 26, 1, 'Mehmet Yilmaz', 'it2@hastane.com', '123', 'ROLE_MUSTERI', 2);
INSERT INTO users_Sila (user_type, user_ID, is_approved, name_surname, email, password, role, company_ID) VALUES ('MUSTERI', 27, 1, 'Ayse Kaya', 'it3@hastane.com', '123', 'ROLE_MUSTERI', 3);
INSERT INTO users_Sila (user_type, user_ID, is_approved, name_surname, email, password, role, company_ID) VALUES ('MUSTERI', 28, 1, 'Fatma Demir', 'it4@hastane.com', '123', 'ROLE_MUSTERI', 4);
INSERT INTO users_Sila (user_type, user_ID, is_approved, name_surname, email, password, role, company_ID) VALUES ('MUSTERI', 29, 1, 'Ali Celik', 'it5@hastane.com', '123', 'ROLE_MUSTERI', 5);
INSERT INTO users_Sila (user_type, user_ID, is_approved, name_surname, email, password, role, company_ID) VALUES ('MUSTERI', 30, 1, 'Veli Sahin', 'it6@hastane.com', '123', 'ROLE_MUSTERI', 6);
INSERT INTO users_Sila (user_type, user_ID, is_approved, name_surname, email, password, role, company_ID) VALUES ('MUSTERI', 31, 1, 'Zeynep Arslan', 'it7@hastane.com', '123', 'ROLE_MUSTERI', 7);
INSERT INTO users_Sila (user_type, user_ID, is_approved, name_surname, email, password, role, company_ID) VALUES ('MUSTERI', 32, 1, 'Hatice Can', 'it8@hastane.com', '123', 'ROLE_MUSTERI', 8);
INSERT INTO users_Sila (user_type, user_ID, is_approved, name_surname, email, password, role, company_ID) VALUES ('MUSTERI', 33, 1, 'Emre Yildiz', 'it9@hastane.com', '123', 'ROLE_MUSTERI', 9);
INSERT INTO users_Sila (user_type, user_ID, is_approved, name_surname, email, password, role, company_ID) VALUES ('MUSTERI', 34, 1, 'Caner Dogan', 'it10@hastane.com', '123', 'ROLE_MUSTERI', 10);
INSERT INTO users_Sila (user_type, user_ID, is_approved, name_surname, email, password, role, company_ID) VALUES ('MUSTERI', 35, 1, 'Asli Tekin', 'it11@hastane.com', '123', 'ROLE_MUSTERI', 11);
INSERT INTO requests_Sila (request_ID, creator_ID, title, description, status, type, generated_id, created_at) VALUES (1, 26, 'Sistem Coktu', 'Sabah saatlerinde tum hastane genelinde sistem coktu, hasta kayitlari alinamiyor.', 'UNASSIGNED', 'SISTEM_COKUSU', 'REQ-0001', CURRENT_TIMESTAMP);
INSERT INTO priorities_Sila (priority_ID, request_ID, company_points, product_mgr_score, software_mgr_score, priority_score) VALUES (1, 1, 95.0, 20.5, 30.0, 85.0);
INSERT INTO requests_Sila (request_ID, creator_ID, title, description, status, type, generated_id, created_at) VALUES (2, 28, 'Sayfa acilmiyor', 'Bazi kayitlar ucmus gibi gorunuyor, loglara bakar misiniz?', 'PENDING', 'YENI_OZELLIK', 'REQ-0002', CURRENT_TIMESTAMP);
INSERT INTO priorities_Sila (priority_ID, request_ID, company_points, product_mgr_score, software_mgr_score, priority_score) VALUES (2, 2, 75.8, 27.4, 30.9, 134.1);
INSERT INTO requests_Sila (request_ID, creator_ID, title, description, status, type, generated_id, created_at) VALUES (3, 35, 'Sistem cokmesi', 'Rapor ekraninda eksik kolonlar var, lutfen ekleyin.', 'ASSIGNED', 'VERI_KAYBI', 'REQ-0003', CURRENT_TIMESTAMP);
INSERT INTO priorities_Sila (priority_ID, request_ID, company_points, product_mgr_score, software_mgr_score, priority_score) VALUES (3, 3, 91.5, 24.7, 32.9, 149.1);
INSERT INTO workflows_Sila (task_ID, request_ID, developer_ID, workflow_status, assigned_by_ID, assigned_at) VALUES (3, 3, 18, 'ASSIGNED', 1, CURRENT_TIMESTAMP);
INSERT INTO requests_Sila (request_ID, creator_ID, title, description, status, type, generated_id, created_at) VALUES (4, 29, 'Sayfa acilmiyor', 'Ana sayfaya girdigimde beyaz ekran aliyorum.', 'COMPLETED', 'DIGER', 'REQ-0004', CURRENT_TIMESTAMP);
INSERT INTO priorities_Sila (priority_ID, request_ID, company_points, product_mgr_score, software_mgr_score, priority_score) VALUES (4, 4, 84.5, 45.7, 41.6, 171.7);
INSERT INTO workflows_Sila (task_ID, request_ID, developer_ID, workflow_status, assigned_by_ID, assigned_at, resolved_at) VALUES (4, 4, 3, 'RESOLVED', 1, CURRENT_TIMESTAMP, CURRENT_TIMESTAMP);
INSERT INTO requests_Sila (request_ID, creator_ID, title, description, status, type, generated_id, created_at) VALUES (5, 28, 'Yanlis hesaplama', 'Giris yapamiyoruz, kullanici hatasi veriyor surekli.', 'UNASSIGNED', 'DIGER', 'REQ-0005', CURRENT_TIMESTAMP);
INSERT INTO priorities_Sila (priority_ID, request_ID, company_points, product_mgr_score, software_mgr_score, priority_score) VALUES (5, 5, 77.6, 29.0, 40.5, 147.1);
INSERT INTO requests_Sila (request_ID, creator_ID, title, description, status, type, generated_id, created_at) VALUES (6, 27, 'Buton calismiyor', 'Ana sayfaya girdigimde beyaz ekran aliyorum.', 'PENDING', 'YENI_OZELLIK', 'REQ-0006', CURRENT_TIMESTAMP);
INSERT INTO priorities_Sila (priority_ID, request_ID, company_points, product_mgr_score, software_mgr_score, priority_score) VALUES (6, 6, 93.0, 25.7, 23.3, 141.9);
INSERT INTO requests_Sila (request_ID, creator_ID, title, description, status, type, generated_id, created_at) VALUES (7, 32, 'Rapor Hatasi', 'Bazi kayitlar ucmus gibi gorunuyor, loglara bakar misiniz?', 'PENDING', 'YENI_OZELLIK', 'REQ-0007', CURRENT_TIMESTAMP);
INSERT INTO priorities_Sila (priority_ID, request_ID, company_points, product_mgr_score, software_mgr_score, priority_score) VALUES (7, 7, 94.5, 39.0, 31.5, 165.0);
INSERT INTO requests_Sila (request_ID, creator_ID, title, description, status, type, generated_id, created_at) VALUES (8, 32, 'Buton calismiyor', 'Sifre sifirlama maili gelmiyor, sunucu ayarlarini kontrol edelim.', 'PENDING', 'BUG_DUZELTME', 'REQ-0008', CURRENT_TIMESTAMP);
INSERT INTO priorities_Sila (priority_ID, request_ID, company_points, product_mgr_score, software_mgr_score, priority_score) VALUES (8, 8, 78.0, 47.8, 27.2, 153.0);
INSERT INTO requests_Sila (request_ID, creator_ID, title, description, status, type, generated_id, created_at) VALUES (9, 26, 'Yanlis hesaplama', 'Giris yapamiyoruz, kullanici hatasi veriyor surekli.', 'UNASSIGNED', 'YENI_OZELLIK', 'REQ-0009', CURRENT_TIMESTAMP);
INSERT INTO priorities_Sila (priority_ID, request_ID, company_points, product_mgr_score, software_mgr_score, priority_score) VALUES (9, 9, 87.1, 33.5, 17.1, 137.6);
INSERT INTO requests_Sila (request_ID, creator_ID, title, description, status, type, generated_id, created_at) VALUES (10, 28, 'Yanlis hesaplama', 'Bazi kayitlar ucmus gibi gorunuyor, loglara bakar misiniz?', 'ASSIGNED', 'YENI_OZELLIK', 'REQ-0010', CURRENT_TIMESTAMP);
INSERT INTO priorities_Sila (priority_ID, request_ID, company_points, product_mgr_score, software_mgr_score, priority_score) VALUES (10, 10, 72.1, 28.0, 14.7, 114.8);
INSERT INTO workflows_Sila (task_ID, request_ID, developer_ID, workflow_status, assigned_by_ID, assigned_at) VALUES (10, 10, 4, 'ASSIGNED', 1, CURRENT_TIMESTAMP);
INSERT INTO requests_Sila (request_ID, creator_ID, title, description, status, type, generated_id, created_at) VALUES (11, 35, 'Sistem cokmesi', 'Giris yapamiyoruz, kullanici hatasi veriyor surekli.', 'UNASSIGNED', 'VERI_KAYBI', 'REQ-0011', CURRENT_TIMESTAMP);
INSERT INTO priorities_Sila (priority_ID, request_ID, company_points, product_mgr_score, software_mgr_score, priority_score) VALUES (11, 11, 74.4, 12.4, 46.2, 133.1);
INSERT INTO requests_Sila (request_ID, creator_ID, title, description, status, type, generated_id, created_at) VALUES (12, 33, 'Rapor Hatasi', 'Ana sayfaya girdigimde beyaz ekran aliyorum.', 'UNASSIGNED', 'DIGER', 'REQ-0012', CURRENT_TIMESTAMP);
INSERT INTO priorities_Sila (priority_ID, request_ID, company_points, product_mgr_score, software_mgr_score, priority_score) VALUES (12, 12, 86.2, 39.2, 40.1, 165.5);
INSERT INTO requests_Sila (request_ID, creator_ID, title, description, status, type, generated_id, created_at) VALUES (13, 31, 'Ekran dondu', 'Musteriler sikayet ediyor, fatura kesilemiyor acil!', 'COMPLETED', 'VERI_KAYBI', 'REQ-0013', CURRENT_TIMESTAMP);
INSERT INTO priorities_Sila (priority_ID, request_ID, company_points, product_mgr_score, software_mgr_score, priority_score) VALUES (13, 13, 70.8, 47.9, 44.4, 163.1);
INSERT INTO workflows_Sila (task_ID, request_ID, developer_ID, workflow_status, assigned_by_ID, assigned_at, resolved_at) VALUES (13, 13, 10, 'RESOLVED', 1, CURRENT_TIMESTAMP, CURRENT_TIMESTAMP);
INSERT INTO requests_Sila (request_ID, creator_ID, title, description, status, type, generated_id, created_at) VALUES (14, 29, 'Sifremi unuttum', 'Performans sorunu var, sorgular cok yavas calisiyor.', 'UNASSIGNED', 'SISTEM_COKUSU', 'REQ-0014', CURRENT_TIMESTAMP);
INSERT INTO priorities_Sila (priority_ID, request_ID, company_points, product_mgr_score, software_mgr_score, priority_score) VALUES (14, 14, 89.3, 48.9, 41.5, 179.8);
INSERT INTO requests_Sila (request_ID, creator_ID, title, description, status, type, generated_id, created_at) VALUES (15, 28, 'Veri kaybi', 'Ekrandaki butonlar kaymis, responsive degil.', 'COMPLETED', 'YENI_OZELLIK', 'REQ-0015', CURRENT_TIMESTAMP);
INSERT INTO priorities_Sila (priority_ID, request_ID, company_points, product_mgr_score, software_mgr_score, priority_score) VALUES (15, 15, 77.8, 46.2, 11.8, 135.7);
INSERT INTO workflows_Sila (task_ID, request_ID, developer_ID, workflow_status, assigned_by_ID, assigned_at, resolved_at) VALUES (15, 15, 14, 'RESOLVED', 1, CURRENT_TIMESTAMP, CURRENT_TIMESTAMP);
INSERT INTO requests_Sila (request_ID, creator_ID, title, description, status, type, generated_id, created_at) VALUES (16, 35, 'Sistem cokmesi', 'Bu cok uzun bir aciklama olabilir, sadece test amacli lorem ipsum dolor sit amet.', 'COMPLETED', 'SISTEM_COKUSU', 'REQ-0016', CURRENT_TIMESTAMP);
INSERT INTO priorities_Sila (priority_ID, request_ID, company_points, product_mgr_score, software_mgr_score, priority_score) VALUES (16, 16, 91.4, 43.5, 32.9, 167.9);
INSERT INTO workflows_Sila (task_ID, request_ID, developer_ID, workflow_status, assigned_by_ID, assigned_at, resolved_at) VALUES (16, 16, 12, 'RESOLVED', 1, CURRENT_TIMESTAMP, CURRENT_TIMESTAMP);
INSERT INTO requests_Sila (request_ID, creator_ID, title, description, status, type, generated_id, created_at) VALUES (17, 34, 'Rapor Hatasi', 'Rapor ekraninda eksik kolonlar var, lutfen ekleyin.', 'UNASSIGNED', 'YENI_OZELLIK', 'REQ-0017', CURRENT_TIMESTAMP);
INSERT INTO priorities_Sila (priority_ID, request_ID, company_points, product_mgr_score, software_mgr_score, priority_score) VALUES (17, 17, 83.3, 14.3, 18.6, 116.2);
INSERT INTO requests_Sila (request_ID, creator_ID, title, description, status, type, generated_id, created_at) VALUES (18, 34, 'Rapor Hatasi', 'Sifre sifirlama maili gelmiyor, sunucu ayarlarini kontrol edelim.', 'COMPLETED', 'SISTEM_COKUSU', 'REQ-0018', CURRENT_TIMESTAMP);
INSERT INTO priorities_Sila (priority_ID, request_ID, company_points, product_mgr_score, software_mgr_score, priority_score) VALUES (18, 18, 74.4, 39.1, 34.2, 147.6);
INSERT INTO workflows_Sila (task_ID, request_ID, developer_ID, workflow_status, assigned_by_ID, assigned_at, resolved_at) VALUES (18, 18, 12, 'RESOLVED', 1, CURRENT_TIMESTAMP, CURRENT_TIMESTAMP);
INSERT INTO requests_Sila (request_ID, creator_ID, title, description, status, type, generated_id, created_at) VALUES (19, 34, 'Buton calismiyor', 'Bu cok uzun bir aciklama olabilir, sadece test amacli lorem ipsum dolor sit amet.', 'COMPLETED', 'VERI_KAYBI', 'REQ-0019', CURRENT_TIMESTAMP);
INSERT INTO priorities_Sila (priority_ID, request_ID, company_points, product_mgr_score, software_mgr_score, priority_score) VALUES (19, 19, 79.9, 11.0, 34.8, 125.7);
INSERT INTO workflows_Sila (task_ID, request_ID, developer_ID, workflow_status, assigned_by_ID, assigned_at, resolved_at) VALUES (19, 19, 20, 'RESOLVED', 1, CURRENT_TIMESTAMP, CURRENT_TIMESTAMP);
INSERT INTO requests_Sila (request_ID, creator_ID, title, description, status, type, generated_id, created_at) VALUES (20, 30, 'Rapor Hatasi', 'Sifre sifirlama maili gelmiyor, sunucu ayarlarini kontrol edelim.', 'COMPLETED', 'VERI_KAYBI', 'REQ-0020', CURRENT_TIMESTAMP);
INSERT INTO priorities_Sila (priority_ID, request_ID, company_points, product_mgr_score, software_mgr_score, priority_score) VALUES (20, 20, 85.6, 40.1, 47.0, 172.7);
INSERT INTO workflows_Sila (task_ID, request_ID, developer_ID, workflow_status, assigned_by_ID, assigned_at, resolved_at) VALUES (20, 20, 3, 'RESOLVED', 1, CURRENT_TIMESTAMP, CURRENT_TIMESTAMP);
INSERT INTO requests_Sila (request_ID, creator_ID, title, description, status, type, generated_id, created_at) VALUES (21, 34, 'Kullanici adi yanlis', 'Bu cok uzun bir aciklama olabilir, sadece test amacli lorem ipsum dolor sit amet.', 'COMPLETED', 'VERI_KAYBI', 'REQ-0021', CURRENT_TIMESTAMP);
INSERT INTO priorities_Sila (priority_ID, request_ID, company_points, product_mgr_score, software_mgr_score, priority_score) VALUES (21, 21, 72.3, 13.8, 13.7, 99.8);
INSERT INTO workflows_Sila (task_ID, request_ID, developer_ID, workflow_status, assigned_by_ID, assigned_at, resolved_at) VALUES (21, 21, 16, 'RESOLVED', 1, CURRENT_TIMESTAMP, CURRENT_TIMESTAMP);
INSERT INTO requests_Sila (request_ID, creator_ID, title, description, status, type, generated_id, created_at) VALUES (22, 28, 'Sifremi unuttum', 'Sistem surekli cokuyor, acil mudahale lazim.', 'ASSIGNED', 'DIGER', 'REQ-0022', CURRENT_TIMESTAMP);
INSERT INTO priorities_Sila (priority_ID, request_ID, company_points, product_mgr_score, software_mgr_score, priority_score) VALUES (22, 22, 99.8, 15.8, 48.4, 164.0);
INSERT INTO workflows_Sila (task_ID, request_ID, developer_ID, workflow_status, assigned_by_ID, assigned_at) VALUES (22, 22, 17, 'ASSIGNED', 1, CURRENT_TIMESTAMP);
INSERT INTO requests_Sila (request_ID, creator_ID, title, description, status, type, generated_id, created_at) VALUES (23, 30, 'Buton calismiyor', 'Sistem surekli cokuyor, acil mudahale lazim.', 'ASSIGNED', 'SISTEM_COKUSU', 'REQ-0023', CURRENT_TIMESTAMP);
INSERT INTO priorities_Sila (priority_ID, request_ID, company_points, product_mgr_score, software_mgr_score, priority_score) VALUES (23, 23, 70.5, 41.9, 16.3, 128.8);
INSERT INTO workflows_Sila (task_ID, request_ID, developer_ID, workflow_status, assigned_by_ID, assigned_at) VALUES (23, 23, 16, 'ASSIGNED', 1, CURRENT_TIMESTAMP);
INSERT INTO requests_Sila (request_ID, creator_ID, title, description, status, type, generated_id, created_at) VALUES (24, 29, 'Buton calismiyor', 'Bazi kayitlar ucmus gibi gorunuyor, loglara bakar misiniz?', 'PENDING', 'BUG_DUZELTME', 'REQ-0024', CURRENT_TIMESTAMP);
INSERT INTO priorities_Sila (priority_ID, request_ID, company_points, product_mgr_score, software_mgr_score, priority_score) VALUES (24, 24, 74.4, 13.6, 44.9, 132.9);
INSERT INTO requests_Sila (request_ID, creator_ID, title, description, status, type, generated_id, created_at) VALUES (25, 30, 'Ekran dondu', 'Bazi kayitlar ucmus gibi gorunuyor, loglara bakar misiniz?', 'ASSIGNED', 'DIGER', 'REQ-0025', CURRENT_TIMESTAMP);
INSERT INTO priorities_Sila (priority_ID, request_ID, company_points, product_mgr_score, software_mgr_score, priority_score) VALUES (25, 25, 81.8, 23.2, 41.4, 146.5);
INSERT INTO workflows_Sila (task_ID, request_ID, developer_ID, workflow_status, assigned_by_ID, assigned_at) VALUES (25, 25, 18, 'ASSIGNED', 1, CURRENT_TIMESTAMP);
INSERT INTO requests_Sila (request_ID, creator_ID, title, description, status, type, generated_id, created_at) VALUES (26, 28, 'Sifremi unuttum', 'Sifre sifirlama maili gelmiyor, sunucu ayarlarini kontrol edelim.', 'UNASSIGNED', 'DIGER', 'REQ-0026', CURRENT_TIMESTAMP);
INSERT INTO priorities_Sila (priority_ID, request_ID, company_points, product_mgr_score, software_mgr_score, priority_score) VALUES (26, 26, 72.9, 36.2, 16.9, 126.1);
INSERT INTO requests_Sila (request_ID, creator_ID, title, description, status, type, generated_id, created_at) VALUES (27, 34, 'Sayfa acilmiyor', 'Performans sorunu var, sorgular cok yavas calisiyor.', 'UNASSIGNED', 'SISTEM_COKUSU', 'REQ-0027', CURRENT_TIMESTAMP);
INSERT INTO priorities_Sila (priority_ID, request_ID, company_points, product_mgr_score, software_mgr_score, priority_score) VALUES (27, 27, 88.2, 13.6, 47.2, 148.9);
INSERT INTO requests_Sila (request_ID, creator_ID, title, description, status, type, generated_id, created_at) VALUES (28, 34, 'Rapor Hatasi', 'Ekrandaki butonlar kaymis, responsive degil.', 'UNASSIGNED', 'DIGER', 'REQ-0028', CURRENT_TIMESTAMP);
INSERT INTO priorities_Sila (priority_ID, request_ID, company_points, product_mgr_score, software_mgr_score, priority_score) VALUES (28, 28, 73.2, 48.0, 46.1, 167.4);
INSERT INTO requests_Sila (request_ID, creator_ID, title, description, status, type, generated_id, created_at) VALUES (29, 31, 'Sayfa acilmiyor', 'Bazi kayitlar ucmus gibi gorunuyor, loglara bakar misiniz?', 'COMPLETED', 'SISTEM_COKUSU', 'REQ-0029', CURRENT_TIMESTAMP);
INSERT INTO priorities_Sila (priority_ID, request_ID, company_points, product_mgr_score, software_mgr_score, priority_score) VALUES (29, 29, 92.4, 36.1, 39.1, 167.6);
INSERT INTO workflows_Sila (task_ID, request_ID, developer_ID, workflow_status, assigned_by_ID, assigned_at, resolved_at) VALUES (29, 29, 11, 'RESOLVED', 1, CURRENT_TIMESTAMP, CURRENT_TIMESTAMP);
INSERT INTO requests_Sila (request_ID, creator_ID, title, description, status, type, generated_id, created_at) VALUES (30, 35, 'Yanlis hesaplama', 'Bazi kayitlar ucmus gibi gorunuyor, loglara bakar misiniz?', 'ASSIGNED', 'BUG_DUZELTME', 'REQ-0030', CURRENT_TIMESTAMP);
INSERT INTO priorities_Sila (priority_ID, request_ID, company_points, product_mgr_score, software_mgr_score, priority_score) VALUES (30, 30, 74.5, 16.9, 10.9, 102.4);
INSERT INTO workflows_Sila (task_ID, request_ID, developer_ID, workflow_status, assigned_by_ID, assigned_at) VALUES (30, 30, 21, 'ASSIGNED', 1, CURRENT_TIMESTAMP);
INSERT INTO requests_Sila (request_ID, creator_ID, title, description, status, type, generated_id, created_at) VALUES (31, 30, 'Veri kaybi', 'Ana sayfaya girdigimde beyaz ekran aliyorum.', 'ASSIGNED', 'BUG_DUZELTME', 'REQ-0031', CURRENT_TIMESTAMP);
INSERT INTO priorities_Sila (priority_ID, request_ID, company_points, product_mgr_score, software_mgr_score, priority_score) VALUES (31, 31, 91.2, 43.8, 12.6, 147.6);
INSERT INTO workflows_Sila (task_ID, request_ID, developer_ID, workflow_status, assigned_by_ID, assigned_at) VALUES (31, 31, 20, 'ASSIGNED', 1, CURRENT_TIMESTAMP);
INSERT INTO requests_Sila (request_ID, creator_ID, title, description, status, type, generated_id, created_at) VALUES (32, 28, 'Ekran dondu', 'Sistem surekli cokuyor, acil mudahale lazim.', 'PENDING', 'BUG_DUZELTME', 'REQ-0032', CURRENT_TIMESTAMP);
INSERT INTO priorities_Sila (priority_ID, request_ID, company_points, product_mgr_score, software_mgr_score, priority_score) VALUES (32, 32, 99.6, 12.8, 26.8, 139.1);
INSERT INTO requests_Sila (request_ID, creator_ID, title, description, status, type, generated_id, created_at) VALUES (33, 33, 'Veri kaybi', 'Sistem surekli cokuyor, acil mudahale lazim.', 'UNASSIGNED', 'SISTEM_COKUSU', 'REQ-0033', CURRENT_TIMESTAMP);
INSERT INTO priorities_Sila (priority_ID, request_ID, company_points, product_mgr_score, software_mgr_score, priority_score) VALUES (33, 33, 91.2, 13.9, 39.5, 144.5);
INSERT INTO requests_Sila (request_ID, creator_ID, title, description, status, type, generated_id, created_at) VALUES (34, 28, 'Uygulama cok yavas', 'Ana sayfaya girdigimde beyaz ekran aliyorum.', 'ASSIGNED', 'YENI_OZELLIK', 'REQ-0034', CURRENT_TIMESTAMP);
INSERT INTO priorities_Sila (priority_ID, request_ID, company_points, product_mgr_score, software_mgr_score, priority_score) VALUES (34, 34, 87.6, 13.2, 37.0, 137.8);
INSERT INTO workflows_Sila (task_ID, request_ID, developer_ID, workflow_status, assigned_by_ID, assigned_at) VALUES (34, 34, 14, 'ASSIGNED', 1, CURRENT_TIMESTAMP);
INSERT INTO requests_Sila (request_ID, creator_ID, title, description, status, type, generated_id, created_at) VALUES (35, 34, 'Kullanici adi yanlis', 'Bu cok uzun bir aciklama olabilir, sadece test amacli lorem ipsum dolor sit amet.', 'UNASSIGNED', 'SISTEM_COKUSU', 'REQ-0035', CURRENT_TIMESTAMP);
INSERT INTO priorities_Sila (priority_ID, request_ID, company_points, product_mgr_score, software_mgr_score, priority_score) VALUES (35, 35, 97.4, 34.2, 27.4, 159.0);
INSERT INTO requests_Sila (request_ID, creator_ID, title, description, status, type, generated_id, created_at) VALUES (36, 33, 'Sayfa acilmiyor', 'Giris yapamiyoruz, kullanici hatasi veriyor surekli.', 'UNASSIGNED', 'SISTEM_COKUSU', 'REQ-0036', CURRENT_TIMESTAMP);
INSERT INTO priorities_Sila (priority_ID, request_ID, company_points, product_mgr_score, software_mgr_score, priority_score) VALUES (36, 36, 87.8, 12.9, 19.9, 120.7);
INSERT INTO requests_Sila (request_ID, creator_ID, title, description, status, type, generated_id, created_at) VALUES (37, 26, 'Buton calismiyor', 'Ekrandaki butonlar kaymis, responsive degil.', 'UNASSIGNED', 'BUG_DUZELTME', 'REQ-0037', CURRENT_TIMESTAMP);
INSERT INTO priorities_Sila (priority_ID, request_ID, company_points, product_mgr_score, software_mgr_score, priority_score) VALUES (37, 37, 72.1, 32.1, 13.0, 117.2);
INSERT INTO requests_Sila (request_ID, creator_ID, title, description, status, type, generated_id, created_at) VALUES (38, 26, 'Ekran dondu', 'Performans sorunu var, sorgular cok yavas calisiyor.', 'PENDING', 'SISTEM_COKUSU', 'REQ-0038', CURRENT_TIMESTAMP);
INSERT INTO priorities_Sila (priority_ID, request_ID, company_points, product_mgr_score, software_mgr_score, priority_score) VALUES (38, 38, 72.0, 20.3, 27.3, 119.6);
INSERT INTO requests_Sila (request_ID, creator_ID, title, description, status, type, generated_id, created_at) VALUES (39, 31, 'Ekran dondu', 'Rapor ekraninda eksik kolonlar var, lutfen ekleyin.', 'ASSIGNED', 'SISTEM_COKUSU', 'REQ-0039', CURRENT_TIMESTAMP);
INSERT INTO priorities_Sila (priority_ID, request_ID, company_points, product_mgr_score, software_mgr_score, priority_score) VALUES (39, 39, 89.2, 22.6, 43.1, 154.9);
INSERT INTO workflows_Sila (task_ID, request_ID, developer_ID, workflow_status, assigned_by_ID, assigned_at) VALUES (39, 39, 12, 'ASSIGNED', 1, CURRENT_TIMESTAMP);
INSERT INTO requests_Sila (request_ID, creator_ID, title, description, status, type, generated_id, created_at) VALUES (40, 26, 'Rapor Hatasi', 'Giris yapamiyoruz, kullanici hatasi veriyor surekli.', 'ASSIGNED', 'VERI_KAYBI', 'REQ-0040', CURRENT_TIMESTAMP);
INSERT INTO priorities_Sila (priority_ID, request_ID, company_points, product_mgr_score, software_mgr_score, priority_score) VALUES (40, 40, 78.5, 38.4, 34.2, 151.1);
INSERT INTO workflows_Sila (task_ID, request_ID, developer_ID, workflow_status, assigned_by_ID, assigned_at) VALUES (40, 40, 10, 'ASSIGNED', 1, CURRENT_TIMESTAMP);
INSERT INTO requests_Sila (request_ID, creator_ID, title, description, status, type, generated_id, created_at) VALUES (41, 26, 'Sistem cokmesi', 'Rapor ekraninda eksik kolonlar var, lutfen ekleyin.', 'PENDING', 'YENI_OZELLIK', 'REQ-0041', CURRENT_TIMESTAMP);
INSERT INTO priorities_Sila (priority_ID, request_ID, company_points, product_mgr_score, software_mgr_score, priority_score) VALUES (41, 41, 91.5, 36.3, 42.0, 169.8);
INSERT INTO requests_Sila (request_ID, creator_ID, title, description, status, type, generated_id, created_at) VALUES (42, 27, 'Kullanici adi yanlis', 'Sifre sifirlama maili gelmiyor, sunucu ayarlarini kontrol edelim.', 'UNASSIGNED', 'SISTEM_COKUSU', 'REQ-0042', CURRENT_TIMESTAMP);
INSERT INTO priorities_Sila (priority_ID, request_ID, company_points, product_mgr_score, software_mgr_score, priority_score) VALUES (42, 42, 80.8, 15.1, 30.5, 126.5);
INSERT INTO requests_Sila (request_ID, creator_ID, title, description, status, type, generated_id, created_at) VALUES (43, 35, 'Kullanici adi yanlis', 'Musteriler sikayet ediyor, fatura kesilemiyor acil!', 'ASSIGNED', 'SISTEM_COKUSU', 'REQ-0043', CURRENT_TIMESTAMP);
INSERT INTO priorities_Sila (priority_ID, request_ID, company_points, product_mgr_score, software_mgr_score, priority_score) VALUES (43, 43, 83.6, 48.5, 25.8, 158.0);
INSERT INTO workflows_Sila (task_ID, request_ID, developer_ID, workflow_status, assigned_by_ID, assigned_at) VALUES (43, 43, 15, 'ASSIGNED', 1, CURRENT_TIMESTAMP);
INSERT INTO requests_Sila (request_ID, creator_ID, title, description, status, type, generated_id, created_at) VALUES (44, 34, 'Uygulama cok yavas', 'Bazi kayitlar ucmus gibi gorunuyor, loglara bakar misiniz?', 'ASSIGNED', 'BUG_DUZELTME', 'REQ-0044', CURRENT_TIMESTAMP);
INSERT INTO priorities_Sila (priority_ID, request_ID, company_points, product_mgr_score, software_mgr_score, priority_score) VALUES (44, 44, 82.5, 35.2, 41.1, 158.7);
INSERT INTO workflows_Sila (task_ID, request_ID, developer_ID, workflow_status, assigned_by_ID, assigned_at) VALUES (44, 44, 7, 'ASSIGNED', 1, CURRENT_TIMESTAMP);
INSERT INTO requests_Sila (request_ID, creator_ID, title, description, status, type, generated_id, created_at) VALUES (45, 30, 'Buton calismiyor', 'Ana sayfaya girdigimde beyaz ekran aliyorum.', 'PENDING', 'DIGER', 'REQ-0045', CURRENT_TIMESTAMP);
INSERT INTO priorities_Sila (priority_ID, request_ID, company_points, product_mgr_score, software_mgr_score, priority_score) VALUES (45, 45, 87.5, 37.3, 29.5, 154.3);
INSERT INTO requests_Sila (request_ID, creator_ID, title, description, status, type, generated_id, created_at) VALUES (46, 26, 'Veri kaybi', 'Bazi kayitlar ucmus gibi gorunuyor, loglara bakar misiniz?', 'PENDING', 'BUG_DUZELTME', 'REQ-0046', CURRENT_TIMESTAMP);
INSERT INTO priorities_Sila (priority_ID, request_ID, company_points, product_mgr_score, software_mgr_score, priority_score) VALUES (46, 46, 81.6, 18.4, 38.7, 138.7);
INSERT INTO requests_Sila (request_ID, creator_ID, title, description, status, type, generated_id, created_at) VALUES (47, 34, 'Uygulama cok yavas', 'Performans sorunu var, sorgular cok yavas calisiyor.', 'PENDING', 'VERI_KAYBI', 'REQ-0047', CURRENT_TIMESTAMP);
INSERT INTO priorities_Sila (priority_ID, request_ID, company_points, product_mgr_score, software_mgr_score, priority_score) VALUES (47, 47, 89.9, 31.3, 32.6, 153.8);
INSERT INTO requests_Sila (request_ID, creator_ID, title, description, status, type, generated_id, created_at) VALUES (48, 33, 'Sayfa acilmiyor', 'Sifre sifirlama maili gelmiyor, sunucu ayarlarini kontrol edelim.', 'ASSIGNED', 'VERI_KAYBI', 'REQ-0048', CURRENT_TIMESTAMP);
INSERT INTO priorities_Sila (priority_ID, request_ID, company_points, product_mgr_score, software_mgr_score, priority_score) VALUES (48, 48, 98.9, 36.7, 10.2, 145.7);
INSERT INTO workflows_Sila (task_ID, request_ID, developer_ID, workflow_status, assigned_by_ID, assigned_at) VALUES (48, 48, 11, 'ASSIGNED', 1, CURRENT_TIMESTAMP);
INSERT INTO requests_Sila (request_ID, creator_ID, title, description, status, type, generated_id, created_at) VALUES (49, 27, 'Sayfa acilmiyor', 'Giris yapamiyoruz, kullanici hatasi veriyor surekli.', 'ASSIGNED', 'DIGER', 'REQ-0049', CURRENT_TIMESTAMP);
INSERT INTO priorities_Sila (priority_ID, request_ID, company_points, product_mgr_score, software_mgr_score, priority_score) VALUES (49, 49, 90.2, 47.8, 47.1, 185.1);
INSERT INTO workflows_Sila (task_ID, request_ID, developer_ID, workflow_status, assigned_by_ID, assigned_at) VALUES (49, 49, 5, 'ASSIGNED', 1, CURRENT_TIMESTAMP);
INSERT INTO requests_Sila (request_ID, creator_ID, title, description, status, type, generated_id, created_at) VALUES (50, 34, 'Ekran dondu', 'Performans sorunu var, sorgular cok yavas calisiyor.', 'ASSIGNED', 'BUG_DUZELTME', 'REQ-0050', CURRENT_TIMESTAMP);
INSERT INTO priorities_Sila (priority_ID, request_ID, company_points, product_mgr_score, software_mgr_score, priority_score) VALUES (50, 50, 81.3, 32.9, 42.7, 156.9);
INSERT INTO workflows_Sila (task_ID, request_ID, developer_ID, workflow_status, assigned_by_ID, assigned_at) VALUES (50, 50, 10, 'ASSIGNED', 1, CURRENT_TIMESTAMP);
INSERT INTO requests_Sila (request_ID, creator_ID, title, description, status, type, generated_id, created_at) VALUES (51, 28, 'Kullanici adi yanlis', 'Giris yapamiyoruz, kullanici hatasi veriyor surekli.', 'PENDING', 'DIGER', 'REQ-0051', CURRENT_TIMESTAMP);
INSERT INTO priorities_Sila (priority_ID, request_ID, company_points, product_mgr_score, software_mgr_score, priority_score) VALUES (51, 51, 76.3, 47.8, 15.3, 139.4);