DELETE FROM request_notes_Sila WHERE note_ID >= 2000;
DELETE FROM workflows_Sila WHERE task_ID >= 2000;
DELETE FROM priorities_Sila WHERE priority_ID >= 2000;
DELETE FROM requests_Sila WHERE request_ID >= 2000;
INSERT INTO requests_Sila (request_ID, creator_ID, title, description, status, type, generated_id, final_priority_score, created_at) VALUES (2000, 33, 'Mobil uyumluluk sorunu - Mock Dev 3 - 0', 'Test ortaminda calisiyor ama canlida hata veriyor.', 'COMPLETED', 'DİĞER', 'M-0000', 76.3, '2026-07-08 15:03:35');
INSERT INTO priorities_Sila (priority_ID, request_ID, company_points, product_mgr_score, software_mgr_score, priority_score) VALUES (2000, 2000, 70.7, 4, 4, 76.3);
INSERT INTO workflows_Sila (task_ID, request_ID, developer_ID, workflow_status, assigned_by_ID, assigned_at, resolved_at) VALUES (2000, 2000, 3, 'RESOLVED', 1, '2026-07-08 16:03:35', '2026-07-09 16:03:35');
INSERT INTO request_notes_Sila (note_ID, request_ID, content, submitter_ID, is_internal, created_at) VALUES (2000, 2000, 'Mock not eklendi. Test amacli. (Note 0)', 3, FALSE, '2026-07-08 17:03:35');
INSERT INTO requests_Sila (request_ID, creator_ID, title, description, status, type, generated_id, final_priority_score, created_at) VALUES (2001, 31, 'Kullanici girisi yavas - Mock Dev 3 - 1', 'Loglarda NullPointerException gordum, ekteki dosyaya bakiniz.', 'ASSIGNED', 'GELİŞTİRME', 'M-0001', 64.9, '2026-07-18 15:03:35');
INSERT INTO priorities_Sila (priority_ID, request_ID, company_points, product_mgr_score, software_mgr_score, priority_score) VALUES (2001, 2001, 72.3, 3, 3, 64.9);
INSERT INTO workflows_Sila (task_ID, request_ID, developer_ID, workflow_status, assigned_by_ID, assigned_at) VALUES (2001, 2001, 3, 'ASSIGNED', 1, '2026-07-18 16:03:35');
INSERT INTO request_notes_Sila (note_ID, request_ID, content, submitter_ID, is_internal, created_at) VALUES (2001, 2001, 'Mock not eklendi. Test amacli. (Note 0)', 1, TRUE, '2026-07-18 17:03:35');
INSERT INTO request_notes_Sila (note_ID, request_ID, content, submitter_ID, is_internal, created_at) VALUES (2002, 2001, 'Mock not eklendi. Test amacli. (Note 1)', 3, FALSE, '2026-07-18 18:03:35');
INSERT INTO requests_Sila (request_ID, creator_ID, title, description, status, type, generated_id, final_priority_score, created_at) VALUES (2002, 26, 'Kullanici girisi yavas - Mock Dev 3 - 2', 'Performans cok dusuk.', 'COMPLETED', 'ENTEGRASYON_SIKINTILARI', 'M-0002', 83.3, '2026-07-05 15:03:35');
INSERT INTO priorities_Sila (priority_ID, request_ID, company_points, product_mgr_score, software_mgr_score, priority_score) VALUES (2002, 2002, 88.3, 5, 3, 83.3);
INSERT INTO workflows_Sila (task_ID, request_ID, developer_ID, workflow_status, assigned_by_ID, assigned_at, resolved_at) VALUES (2002, 2002, 3, 'RESOLVED', 1, '2026-07-05 16:03:35', '2026-07-06 16:03:35');
INSERT INTO request_notes_Sila (note_ID, request_ID, content, submitter_ID, is_internal, created_at) VALUES (2003, 2002, 'Mock not eklendi. Test amacli. (Note 0)', 1, FALSE, '2026-07-05 17:03:35');
INSERT INTO requests_Sila (request_ID, creator_ID, title, description, status, type, generated_id, final_priority_score, created_at) VALUES (2003, 27, 'Kullanici girisi yavas - Mock Dev 3 - 3', 'Tasarim ekibi guncellemeyi talep etti.', 'COMPLETED', 'DİĞER', 'M-0003', 73.4, '2026-07-04 15:03:35');
INSERT INTO priorities_Sila (priority_ID, request_ID, company_points, product_mgr_score, software_mgr_score, priority_score) VALUES (2003, 2003, 78.4, 3, 4, 73.4);
INSERT INTO workflows_Sila (task_ID, request_ID, developer_ID, workflow_status, assigned_by_ID, assigned_at, resolved_at) VALUES (2003, 2003, 3, 'RESOLVED', 1, '2026-07-04 16:03:35', '2026-07-08 16:03:35');
INSERT INTO request_notes_Sila (note_ID, request_ID, content, submitter_ID, is_internal, created_at) VALUES (2004, 2003, 'Mock not eklendi. Test amacli. (Note 0)', 3, TRUE, '2026-07-04 17:03:35');
INSERT INTO request_notes_Sila (note_ID, request_ID, content, submitter_ID, is_internal, created_at) VALUES (2005, 2003, 'Mock not eklendi. Test amacli. (Note 1)', 1, TRUE, '2026-07-04 18:03:35');
INSERT INTO request_notes_Sila (note_ID, request_ID, content, submitter_ID, is_internal, created_at) VALUES (2006, 2003, 'Mock not eklendi. Test amacli. (Note 2)', 3, FALSE, '2026-07-04 19:03:35');
INSERT INTO requests_Sila (request_ID, creator_ID, title, description, status, type, generated_id, final_priority_score, created_at) VALUES (2004, 35, 'Yeni buton eklenmesi - Mock Dev 3 - 4', 'Tasarim ekibi guncellemeyi talep etti.', 'ASSIGNED', 'SİSTEM_ÇÖKÜŞÜ', 'M-0004', 84.9, '2026-07-15 15:03:35');
INSERT INTO priorities_Sila (priority_ID, request_ID, company_points, product_mgr_score, software_mgr_score, priority_score) VALUES (2004, 2004, 92.3, 5, 3, 84.9);
INSERT INTO workflows_Sila (task_ID, request_ID, developer_ID, workflow_status, assigned_by_ID, assigned_at) VALUES (2004, 2004, 3, 'ASSIGNED', 1, '2026-07-15 16:03:35');
INSERT INTO request_notes_Sila (note_ID, request_ID, content, submitter_ID, is_internal, created_at) VALUES (2007, 2004, 'Mock not eklendi. Test amacli. (Note 0)', 1, TRUE, '2026-07-15 17:03:35');
INSERT INTO request_notes_Sila (note_ID, request_ID, content, submitter_ID, is_internal, created_at) VALUES (2008, 2004, 'Mock not eklendi. Test amacli. (Note 1)', 1, TRUE, '2026-07-15 18:03:35');
INSERT INTO requests_Sila (request_ID, creator_ID, title, description, status, type, generated_id, final_priority_score, created_at) VALUES (2005, 26, 'Mobil uyumluluk sorunu - Mock Dev 3 - 5', 'Test ortaminda calisiyor ama canlida hata veriyor.', 'ASSIGNED', 'SİSTEM_ÇÖKÜŞÜ', 'M-0005', 71.4, '2026-06-28 15:03:35');
INSERT INTO priorities_Sila (priority_ID, request_ID, company_points, product_mgr_score, software_mgr_score, priority_score) VALUES (2005, 2005, 73.5, 3, 4, 71.4);
INSERT INTO workflows_Sila (task_ID, request_ID, developer_ID, workflow_status, assigned_by_ID, assigned_at) VALUES (2005, 2005, 3, 'ASSIGNED', 1, '2026-06-28 16:03:35');
INSERT INTO request_notes_Sila (note_ID, request_ID, content, submitter_ID, is_internal, created_at) VALUES (2009, 2005, 'Mock not eklendi. Test amacli. (Note 0)', 1, FALSE, '2026-06-28 17:03:35');
INSERT INTO requests_Sila (request_ID, creator_ID, title, description, status, type, generated_id, final_priority_score, created_at) VALUES (2006, 29, 'Sifre sifirlama maili gelmiyor - Mock Dev 3 - 6', 'Dun yapilan guncellemeden sonra bozuldu.', 'ASSIGNED', 'GELİŞTİRME', 'M-0006', 79.7, '2026-06-29 15:03:35');
INSERT INTO priorities_Sila (priority_ID, request_ID, company_points, product_mgr_score, software_mgr_score, priority_score) VALUES (2006, 2006, 79.3, 3, 5, 79.7);
INSERT INTO workflows_Sila (task_ID, request_ID, developer_ID, workflow_status, assigned_by_ID, assigned_at) VALUES (2006, 2006, 3, 'ASSIGNED', 1, '2026-06-29 16:03:35');
INSERT INTO request_notes_Sila (note_ID, request_ID, content, submitter_ID, is_internal, created_at) VALUES (2010, 2006, 'Mock not eklendi. Test amacli. (Note 0)', 3, FALSE, '2026-06-29 17:03:35');
INSERT INTO request_notes_Sila (note_ID, request_ID, content, submitter_ID, is_internal, created_at) VALUES (2011, 2006, 'Mock not eklendi. Test amacli. (Note 1)', 1, FALSE, '2026-06-29 18:03:35');
INSERT INTO request_notes_Sila (note_ID, request_ID, content, submitter_ID, is_internal, created_at) VALUES (2012, 2006, 'Mock not eklendi. Test amacli. (Note 2)', 3, TRUE, '2026-06-29 19:03:35');
INSERT INTO requests_Sila (request_ID, creator_ID, title, description, status, type, generated_id, final_priority_score, created_at) VALUES (2007, 34, 'Mobil uyumluluk sorunu - Mock Dev 3 - 7', 'Test ortaminda calisiyor ama canlida hata veriyor.', 'COMPLETED', 'GELİŞTİRME', 'M-0007', 90.2, '2026-07-15 15:03:35');
INSERT INTO priorities_Sila (priority_ID, request_ID, company_points, product_mgr_score, software_mgr_score, priority_score) VALUES (2007, 2007, 75.4, 5, 5, 90.2);
INSERT INTO workflows_Sila (task_ID, request_ID, developer_ID, workflow_status, assigned_by_ID, assigned_at, resolved_at) VALUES (2007, 2007, 3, 'RESOLVED', 1, '2026-07-15 16:03:35', '2026-07-19 16:03:35');
INSERT INTO request_notes_Sila (note_ID, request_ID, content, submitter_ID, is_internal, created_at) VALUES (2013, 2007, 'Mock not eklendi. Test amacli. (Note 0)', 3, TRUE, '2026-07-15 17:03:35');
INSERT INTO request_notes_Sila (note_ID, request_ID, content, submitter_ID, is_internal, created_at) VALUES (2014, 2007, 'Mock not eklendi. Test amacli. (Note 1)', 1, FALSE, '2026-07-15 18:03:35');
INSERT INTO request_notes_Sila (note_ID, request_ID, content, submitter_ID, is_internal, created_at) VALUES (2015, 2007, 'Mock not eklendi. Test amacli. (Note 2)', 3, TRUE, '2026-07-15 19:03:35');
INSERT INTO requests_Sila (request_ID, creator_ID, title, description, status, type, generated_id, final_priority_score, created_at) VALUES (2008, 31, 'Mobil uyumluluk sorunu - Mock Dev 3 - 8', 'Performans cok dusuk.', 'ASSIGNED', 'DİĞER', 'M-0008', 89.4, '2026-06-25 15:03:35');
INSERT INTO priorities_Sila (priority_ID, request_ID, company_points, product_mgr_score, software_mgr_score, priority_score) VALUES (2008, 2008, 88.5, 5, 4, 89.4);
INSERT INTO workflows_Sila (task_ID, request_ID, developer_ID, workflow_status, assigned_by_ID, assigned_at) VALUES (2008, 2008, 3, 'ASSIGNED', 1, '2026-06-25 16:03:35');
INSERT INTO request_notes_Sila (note_ID, request_ID, content, submitter_ID, is_internal, created_at) VALUES (2016, 2008, 'Mock not eklendi. Test amacli. (Note 0)', 1, FALSE, '2026-06-25 17:03:35');
INSERT INTO requests_Sila (request_ID, creator_ID, title, description, status, type, generated_id, final_priority_score, created_at) VALUES (2009, 26, 'Veri kaybi yasaniyor - Mock Dev 3 - 9', 'Performans cok dusuk.', 'COMPLETED', 'ENTEGRASYON_SIKINTILARI', 'M-0009', 83.8, '2026-07-07 15:03:35');
INSERT INTO priorities_Sila (priority_ID, request_ID, company_points, product_mgr_score, software_mgr_score, priority_score) VALUES (2009, 2009, 89.5, 5, 3, 83.8);
INSERT INTO workflows_Sila (task_ID, request_ID, developer_ID, workflow_status, assigned_by_ID, assigned_at, resolved_at) VALUES (2009, 2009, 3, 'RESOLVED', 1, '2026-07-07 16:03:35', '2026-07-09 16:03:35');
INSERT INTO request_notes_Sila (note_ID, request_ID, content, submitter_ID, is_internal, created_at) VALUES (2017, 2009, 'Mock not eklendi. Test amacli. (Note 0)', 3, TRUE, '2026-07-07 17:03:35');
INSERT INTO request_notes_Sila (note_ID, request_ID, content, submitter_ID, is_internal, created_at) VALUES (2018, 2009, 'Mock not eklendi. Test amacli. (Note 1)', 1, TRUE, '2026-07-07 18:03:35');
INSERT INTO request_notes_Sila (note_ID, request_ID, content, submitter_ID, is_internal, created_at) VALUES (2019, 2009, 'Mock not eklendi. Test amacli. (Note 2)', 3, TRUE, '2026-07-07 19:03:35');
INSERT INTO requests_Sila (request_ID, creator_ID, title, description, status, type, generated_id, final_priority_score, created_at) VALUES (2010, 28, '500 Internal Server Error - Mock Dev 3 - 10', 'Dun yapilan guncellemeden sonra bozuldu.', 'ASSIGNED', 'GELİŞTİRME', 'M-0010', 96.6, '2026-07-03 15:03:35');
INSERT INTO priorities_Sila (priority_ID, request_ID, company_points, product_mgr_score, software_mgr_score, priority_score) VALUES (2010, 2010, 91.4, 5, 5, 96.6);
INSERT INTO workflows_Sila (task_ID, request_ID, developer_ID, workflow_status, assigned_by_ID, assigned_at) VALUES (2010, 2010, 3, 'ASSIGNED', 1, '2026-07-03 16:03:35');
INSERT INTO request_notes_Sila (note_ID, request_ID, content, submitter_ID, is_internal, created_at) VALUES (2020, 2010, 'Mock not eklendi. Test amacli. (Note 0)', 1, TRUE, '2026-07-03 17:03:35');
INSERT INTO request_notes_Sila (note_ID, request_ID, content, submitter_ID, is_internal, created_at) VALUES (2021, 2010, 'Mock not eklendi. Test amacli. (Note 1)', 1, TRUE, '2026-07-03 18:03:35');
INSERT INTO requests_Sila (request_ID, creator_ID, title, description, status, type, generated_id, final_priority_score, created_at) VALUES (2011, 34, 'Mobil uyumluluk sorunu - Mock Dev 3 - 11', 'Musteriler bu sorundan sikayetci, acil bakilmasi gerekiyor.', 'COMPLETED', 'BUG_DÜZELTME', 'M-0011', 76.3, '2026-06-25 15:03:35');
INSERT INTO priorities_Sila (priority_ID, request_ID, company_points, product_mgr_score, software_mgr_score, priority_score) VALUES (2011, 2011, 70.7, 3, 5, 76.3);
INSERT INTO workflows_Sila (task_ID, request_ID, developer_ID, workflow_status, assigned_by_ID, assigned_at, resolved_at) VALUES (2011, 2011, 3, 'RESOLVED', 1, '2026-06-25 16:03:35', '2026-06-29 16:03:35');
INSERT INTO request_notes_Sila (note_ID, request_ID, content, submitter_ID, is_internal, created_at) VALUES (2022, 2011, 'Mock not eklendi. Test amacli. (Note 0)', 3, TRUE, '2026-06-25 17:03:35');
INSERT INTO request_notes_Sila (note_ID, request_ID, content, submitter_ID, is_internal, created_at) VALUES (2023, 2011, 'Mock not eklendi. Test amacli. (Note 1)', 3, TRUE, '2026-06-25 18:03:35');
INSERT INTO request_notes_Sila (note_ID, request_ID, content, submitter_ID, is_internal, created_at) VALUES (2024, 2011, 'Mock not eklendi. Test amacli. (Note 2)', 3, TRUE, '2026-06-25 19:03:35');
INSERT INTO requests_Sila (request_ID, creator_ID, title, description, status, type, generated_id, final_priority_score, created_at) VALUES (2012, 34, '500 Internal Server Error - Mock Dev 3 - 12', 'Test ortaminda calisiyor ama canlida hata veriyor.', 'ASSIGNED', 'SİSTEM_ÇÖKÜŞÜ', 'M-0012', 85.8, '2026-07-01 15:03:35');
INSERT INTO priorities_Sila (priority_ID, request_ID, company_points, product_mgr_score, software_mgr_score, priority_score) VALUES (2012, 2012, 94.4, 4, 4, 85.8);
INSERT INTO workflows_Sila (task_ID, request_ID, developer_ID, workflow_status, assigned_by_ID, assigned_at) VALUES (2012, 2012, 3, 'ASSIGNED', 1, '2026-07-01 16:03:35');
INSERT INTO request_notes_Sila (note_ID, request_ID, content, submitter_ID, is_internal, created_at) VALUES (2025, 2012, 'Mock not eklendi. Test amacli. (Note 0)', 3, TRUE, '2026-07-01 17:03:35');
INSERT INTO request_notes_Sila (note_ID, request_ID, content, submitter_ID, is_internal, created_at) VALUES (2026, 2012, 'Mock not eklendi. Test amacli. (Note 1)', 1, TRUE, '2026-07-01 18:03:35');
INSERT INTO request_notes_Sila (note_ID, request_ID, content, submitter_ID, is_internal, created_at) VALUES (2027, 2012, 'Mock not eklendi. Test amacli. (Note 2)', 1, TRUE, '2026-07-01 19:03:35');
INSERT INTO requests_Sila (request_ID, creator_ID, title, description, status, type, generated_id, final_priority_score, created_at) VALUES (2013, 33, 'Yeni buton eklenmesi - Mock Dev 3 - 13', 'Tasarim ekibi guncellemeyi talep etti.', 'ASSIGNED', 'DİĞER', 'M-0013', 77.9, '2026-07-13 15:03:35');
INSERT INTO priorities_Sila (priority_ID, request_ID, company_points, product_mgr_score, software_mgr_score, priority_score) VALUES (2013, 2013, 89.8, 3, 4, 77.9);
INSERT INTO workflows_Sila (task_ID, request_ID, developer_ID, workflow_status, assigned_by_ID, assigned_at) VALUES (2013, 2013, 3, 'ASSIGNED', 1, '2026-07-13 16:03:35');
INSERT INTO request_notes_Sila (note_ID, request_ID, content, submitter_ID, is_internal, created_at) VALUES (2028, 2013, 'Mock not eklendi. Test amacli. (Note 0)', 3, TRUE, '2026-07-13 17:03:35');
INSERT INTO request_notes_Sila (note_ID, request_ID, content, submitter_ID, is_internal, created_at) VALUES (2029, 2013, 'Mock not eklendi. Test amacli. (Note 1)', 1, FALSE, '2026-07-13 18:03:35');
INSERT INTO requests_Sila (request_ID, creator_ID, title, description, status, type, generated_id, final_priority_score, created_at) VALUES (2014, 33, 'Arayuzde kayma var - Mock Dev 3 - 14', 'Sistemin genelini etkileyen bir yavaslik soz konusu.', 'COMPLETED', 'YENİ_ÖZELLİK_EKLEME', 'M-0014', 83.0, '2026-07-03 15:03:35');
INSERT INTO priorities_Sila (priority_ID, request_ID, company_points, product_mgr_score, software_mgr_score, priority_score) VALUES (2014, 2014, 72.6, 4, 5, 83.0);
INSERT INTO workflows_Sila (task_ID, request_ID, developer_ID, workflow_status, assigned_by_ID, assigned_at, resolved_at) VALUES (2014, 2014, 3, 'RESOLVED', 1, '2026-07-03 16:03:35', '2026-07-05 16:03:35');
INSERT INTO request_notes_Sila (note_ID, request_ID, content, submitter_ID, is_internal, created_at) VALUES (2030, 2014, 'Mock not eklendi. Test amacli. (Note 0)', 3, FALSE, '2026-07-03 17:03:35');
INSERT INTO requests_Sila (request_ID, creator_ID, title, description, status, type, generated_id, final_priority_score, created_at) VALUES (2015, 26, 'Sifre sifirlama maili gelmiyor - Mock Dev 3 - 15', 'Sistemin genelini etkileyen bir yavaslik soz konusu.', 'ASSIGNED', 'ENTEGRASYON_SIKINTILARI', 'M-0015', 91.4, '2026-07-14 15:03:35');
INSERT INTO priorities_Sila (priority_ID, request_ID, company_points, product_mgr_score, software_mgr_score, priority_score) VALUES (2015, 2015, 78.5, 5, 5, 91.4);
INSERT INTO workflows_Sila (task_ID, request_ID, developer_ID, workflow_status, assigned_by_ID, assigned_at) VALUES (2015, 2015, 3, 'ASSIGNED', 1, '2026-07-14 16:03:35');
INSERT INTO request_notes_Sila (note_ID, request_ID, content, submitter_ID, is_internal, created_at) VALUES (2031, 2015, 'Mock not eklendi. Test amacli. (Note 0)', 1, FALSE, '2026-07-14 17:03:35');
INSERT INTO request_notes_Sila (note_ID, request_ID, content, submitter_ID, is_internal, created_at) VALUES (2032, 2015, 'Mock not eklendi. Test amacli. (Note 1)', 3, TRUE, '2026-07-14 18:03:35');
INSERT INTO requests_Sila (request_ID, creator_ID, title, description, status, type, generated_id, final_priority_score, created_at) VALUES (2016, 33, 'Veritabani baglanti hatasi - Mock Dev 3 - 16', 'Veriler eksik geliyor, veritabani sorgusu optimize edilmeli.', 'ASSIGNED', 'BUG_DÜZELTME', 'M-0016', 84.6, '2026-07-17 15:03:35');
INSERT INTO priorities_Sila (priority_ID, request_ID, company_points, product_mgr_score, software_mgr_score, priority_score) VALUES (2016, 2016, 76.5, 5, 4, 84.6);
INSERT INTO workflows_Sila (task_ID, request_ID, developer_ID, workflow_status, assigned_by_ID, assigned_at) VALUES (2016, 2016, 3, 'ASSIGNED', 1, '2026-07-17 16:03:35');
INSERT INTO request_notes_Sila (note_ID, request_ID, content, submitter_ID, is_internal, created_at) VALUES (2033, 2016, 'Mock not eklendi. Test amacli. (Note 0)', 1, TRUE, '2026-07-17 17:03:35');
INSERT INTO request_notes_Sila (note_ID, request_ID, content, submitter_ID, is_internal, created_at) VALUES (2034, 2016, 'Mock not eklendi. Test amacli. (Note 1)', 1, TRUE, '2026-07-17 18:03:35');
INSERT INTO requests_Sila (request_ID, creator_ID, title, description, status, type, generated_id, final_priority_score, created_at) VALUES (2017, 27, 'Yeni buton eklenmesi - Mock Dev 3 - 17', 'Veriler eksik geliyor, veritabani sorgusu optimize edilmeli.', 'COMPLETED', 'YENİ_ÖZELLİK_EKLEME', 'M-0017', 76.2, '2026-06-30 15:03:35');
INSERT INTO priorities_Sila (priority_ID, request_ID, company_points, product_mgr_score, software_mgr_score, priority_score) VALUES (2017, 2017, 70.5, 4, 4, 76.2);
INSERT INTO workflows_Sila (task_ID, request_ID, developer_ID, workflow_status, assigned_by_ID, assigned_at, resolved_at) VALUES (2017, 2017, 3, 'RESOLVED', 1, '2026-06-30 16:03:35', '2026-07-04 16:03:35');
INSERT INTO request_notes_Sila (note_ID, request_ID, content, submitter_ID, is_internal, created_at) VALUES (2035, 2017, 'Mock not eklendi. Test amacli. (Note 0)', 3, TRUE, '2026-06-30 17:03:35');
INSERT INTO requests_Sila (request_ID, creator_ID, title, description, status, type, generated_id, final_priority_score, created_at) VALUES (2018, 26, 'Sifre sifirlama maili gelmiyor - Mock Dev 3 - 18', 'Tasarim ekibi guncellemeyi talep etti.', 'COMPLETED', 'GELİŞTİRME', 'M-0018', 80.3, '2026-06-22 15:03:35');
INSERT INTO priorities_Sila (priority_ID, request_ID, company_points, product_mgr_score, software_mgr_score, priority_score) VALUES (2018, 2018, 80.7, 4, 4, 80.3);
INSERT INTO workflows_Sila (task_ID, request_ID, developer_ID, workflow_status, assigned_by_ID, assigned_at, resolved_at) VALUES (2018, 2018, 3, 'RESOLVED', 1, '2026-06-22 16:03:35', '2026-06-24 16:03:35');
INSERT INTO request_notes_Sila (note_ID, request_ID, content, submitter_ID, is_internal, created_at) VALUES (2036, 2018, 'Mock not eklendi. Test amacli. (Note 0)', 1, FALSE, '2026-06-22 17:03:35');
INSERT INTO requests_Sila (request_ID, creator_ID, title, description, status, type, generated_id, final_priority_score, created_at) VALUES (2019, 30, 'Mobil uyumluluk sorunu - Mock Dev 3 - 19', 'Sistemin genelini etkileyen bir yavaslik soz konusu.', 'ASSIGNED', 'YENİ_ÖZELLİK_EKLEME', 'M-0019', 81.2, '2026-06-25 15:03:35');
INSERT INTO priorities_Sila (priority_ID, request_ID, company_points, product_mgr_score, software_mgr_score, priority_score) VALUES (2019, 2019, 98.0, 3, 4, 81.2);
INSERT INTO workflows_Sila (task_ID, request_ID, developer_ID, workflow_status, assigned_by_ID, assigned_at) VALUES (2019, 2019, 3, 'ASSIGNED', 1, '2026-06-25 16:03:35');
INSERT INTO request_notes_Sila (note_ID, request_ID, content, submitter_ID, is_internal, created_at) VALUES (2037, 2019, 'Mock not eklendi. Test amacli. (Note 0)', 1, FALSE, '2026-06-25 17:03:35');
INSERT INTO requests_Sila (request_ID, creator_ID, title, description, status, type, generated_id, final_priority_score, created_at) VALUES (2020, 32, 'Veritabani baglanti hatasi - Mock Dev 3 - 20', 'Veriler eksik geliyor, veritabani sorgusu optimize edilmeli.', 'COMPLETED', 'YENİ_ÖZELLİK_EKLEME', 'M-0020', 81.4, '2026-07-12 15:03:35');
INSERT INTO priorities_Sila (priority_ID, request_ID, company_points, product_mgr_score, software_mgr_score, priority_score) VALUES (2020, 2020, 98.6, 4, 3, 81.4);
INSERT INTO workflows_Sila (task_ID, request_ID, developer_ID, workflow_status, assigned_by_ID, assigned_at, resolved_at) VALUES (2020, 2020, 3, 'RESOLVED', 1, '2026-07-12 16:03:35', '2026-07-15 16:03:35');
INSERT INTO request_notes_Sila (note_ID, request_ID, content, submitter_ID, is_internal, created_at) VALUES (2038, 2020, 'Mock not eklendi. Test amacli. (Note 0)', 3, FALSE, '2026-07-12 17:03:35');
INSERT INTO request_notes_Sila (note_ID, request_ID, content, submitter_ID, is_internal, created_at) VALUES (2039, 2020, 'Mock not eklendi. Test amacli. (Note 1)', 1, FALSE, '2026-07-12 18:03:35');
INSERT INTO requests_Sila (request_ID, creator_ID, title, description, status, type, generated_id, final_priority_score, created_at) VALUES (2021, 35, 'Sifre sifirlama maili gelmiyor - Mock Dev 3 - 21', 'Performans cok dusuk.', 'COMPLETED', 'DİĞER', 'M-0021', 83.8, '2026-07-07 15:03:35');
INSERT INTO priorities_Sila (priority_ID, request_ID, company_points, product_mgr_score, software_mgr_score, priority_score) VALUES (2021, 2021, 74.5, 5, 4, 83.8);
INSERT INTO workflows_Sila (task_ID, request_ID, developer_ID, workflow_status, assigned_by_ID, assigned_at, resolved_at) VALUES (2021, 2021, 3, 'RESOLVED', 1, '2026-07-07 16:03:35', '2026-07-10 16:03:35');
INSERT INTO request_notes_Sila (note_ID, request_ID, content, submitter_ID, is_internal, created_at) VALUES (2040, 2021, 'Mock not eklendi. Test amacli. (Note 0)', 3, TRUE, '2026-07-07 17:03:35');
INSERT INTO requests_Sila (request_ID, creator_ID, title, description, status, type, generated_id, final_priority_score, created_at) VALUES (2022, 31, 'Sifre sifirlama maili gelmiyor - Mock Dev 3 - 22', 'Dun yapilan guncellemeden sonra bozuldu.', 'COMPLETED', 'YENİ_ÖZELLİK_EKLEME', 'M-0022', 79.3, '2026-06-26 15:03:35');
INSERT INTO priorities_Sila (priority_ID, request_ID, company_points, product_mgr_score, software_mgr_score, priority_score) VALUES (2022, 2022, 78.2, 5, 3, 79.3);
INSERT INTO workflows_Sila (task_ID, request_ID, developer_ID, workflow_status, assigned_by_ID, assigned_at, resolved_at) VALUES (2022, 2022, 3, 'RESOLVED', 1, '2026-06-26 16:03:35', '2026-06-29 16:03:35');
INSERT INTO request_notes_Sila (note_ID, request_ID, content, submitter_ID, is_internal, created_at) VALUES (2041, 2022, 'Mock not eklendi. Test amacli. (Note 0)', 1, FALSE, '2026-06-26 17:03:35');
INSERT INTO request_notes_Sila (note_ID, request_ID, content, submitter_ID, is_internal, created_at) VALUES (2042, 2022, 'Mock not eklendi. Test amacli. (Note 1)', 3, FALSE, '2026-06-26 18:03:35');
INSERT INTO requests_Sila (request_ID, creator_ID, title, description, status, type, generated_id, final_priority_score, created_at) VALUES (2023, 34, 'Kullanici girisi yavas - Mock Dev 3 - 23', 'Sistemin genelini etkileyen bir yavaslik soz konusu.', 'COMPLETED', 'VERİ_KAYBI', 'M-0023', 90.6, '2026-06-26 15:03:35');
INSERT INTO priorities_Sila (priority_ID, request_ID, company_points, product_mgr_score, software_mgr_score, priority_score) VALUES (2023, 2023, 76.4, 5, 5, 90.6);
INSERT INTO workflows_Sila (task_ID, request_ID, developer_ID, workflow_status, assigned_by_ID, assigned_at, resolved_at) VALUES (2023, 2023, 3, 'RESOLVED', 1, '2026-06-26 16:03:35', '2026-06-28 16:03:35');
INSERT INTO request_notes_Sila (note_ID, request_ID, content, submitter_ID, is_internal, created_at) VALUES (2043, 2023, 'Mock not eklendi. Test amacli. (Note 0)', 1, FALSE, '2026-06-26 17:03:35');
INSERT INTO request_notes_Sila (note_ID, request_ID, content, submitter_ID, is_internal, created_at) VALUES (2044, 2023, 'Mock not eklendi. Test amacli. (Note 1)', 3, FALSE, '2026-06-26 18:03:35');
INSERT INTO requests_Sila (request_ID, creator_ID, title, description, status, type, generated_id, final_priority_score, created_at) VALUES (2024, 27, 'Sayfa yuklenmiyor - Mock Dev 3 - 24', 'Dun yapilan guncellemeden sonra bozuldu.', 'ASSIGNED', 'DİĞER', 'M-0024', 76.0, '2026-06-25 15:03:35');
INSERT INTO priorities_Sila (priority_ID, request_ID, company_points, product_mgr_score, software_mgr_score, priority_score) VALUES (2024, 2024, 85.0, 3, 4, 76.0);
INSERT INTO workflows_Sila (task_ID, request_ID, developer_ID, workflow_status, assigned_by_ID, assigned_at) VALUES (2024, 2024, 3, 'ASSIGNED', 1, '2026-06-25 16:03:35');
INSERT INTO request_notes_Sila (note_ID, request_ID, content, submitter_ID, is_internal, created_at) VALUES (2045, 2024, 'Mock not eklendi. Test amacli. (Note 0)', 1, TRUE, '2026-06-25 17:03:35');
INSERT INTO request_notes_Sila (note_ID, request_ID, content, submitter_ID, is_internal, created_at) VALUES (2046, 2024, 'Mock not eklendi. Test amacli. (Note 1)', 3, FALSE, '2026-06-25 18:03:35');
INSERT INTO requests_Sila (request_ID, creator_ID, title, description, status, type, generated_id, final_priority_score, created_at) VALUES (2025, 29, 'Arayuzde kayma var - Mock Dev 3 - 25', 'Veriler eksik geliyor, veritabani sorgusu optimize edilmeli.', 'COMPLETED', 'YENİ_ÖZELLİK_EKLEME', 'M-0025', 71.8, '2026-06-22 15:03:35');
INSERT INTO priorities_Sila (priority_ID, request_ID, company_points, product_mgr_score, software_mgr_score, priority_score) VALUES (2025, 2025, 74.6, 4, 3, 71.8);
INSERT INTO workflows_Sila (task_ID, request_ID, developer_ID, workflow_status, assigned_by_ID, assigned_at, resolved_at) VALUES (2025, 2025, 3, 'RESOLVED', 1, '2026-06-22 16:03:35', '2026-06-25 16:03:35');
INSERT INTO request_notes_Sila (note_ID, request_ID, content, submitter_ID, is_internal, created_at) VALUES (2047, 2025, 'Mock not eklendi. Test amacli. (Note 0)', 1, TRUE, '2026-06-22 17:03:35');
INSERT INTO request_notes_Sila (note_ID, request_ID, content, submitter_ID, is_internal, created_at) VALUES (2048, 2025, 'Mock not eklendi. Test amacli. (Note 1)', 1, FALSE, '2026-06-22 18:03:35');
INSERT INTO requests_Sila (request_ID, creator_ID, title, description, status, type, generated_id, final_priority_score, created_at) VALUES (2026, 30, 'Veritabani baglanti hatasi - Mock Dev 3 - 26', 'Loglarda NullPointerException gordum, ekteki dosyaya bakiniz.', 'COMPLETED', 'DİĞER', 'M-0026', 83.6, '2026-07-17 15:03:35');
INSERT INTO priorities_Sila (priority_ID, request_ID, company_points, product_mgr_score, software_mgr_score, priority_score) VALUES (2026, 2026, 74.1, 4, 5, 83.6);
INSERT INTO workflows_Sila (task_ID, request_ID, developer_ID, workflow_status, assigned_by_ID, assigned_at, resolved_at) VALUES (2026, 2026, 3, 'RESOLVED', 1, '2026-07-17 16:03:35', '2026-07-22 16:03:35');
INSERT INTO request_notes_Sila (note_ID, request_ID, content, submitter_ID, is_internal, created_at) VALUES (2049, 2026, 'Mock not eklendi. Test amacli. (Note 0)', 3, FALSE, '2026-07-17 17:03:35');
INSERT INTO request_notes_Sila (note_ID, request_ID, content, submitter_ID, is_internal, created_at) VALUES (2050, 2026, 'Mock not eklendi. Test amacli. (Note 1)', 1, FALSE, '2026-07-17 18:03:35');
INSERT INTO requests_Sila (request_ID, creator_ID, title, description, status, type, generated_id, final_priority_score, created_at) VALUES (2027, 27, '500 Internal Server Error - Mock Dev 3 - 27', 'Dun yapilan guncellemeden sonra bozuldu.', 'ASSIGNED', 'SİSTEM_ÇÖKÜŞÜ', 'M-0027', 83.2, '2026-06-26 15:03:35');
INSERT INTO priorities_Sila (priority_ID, request_ID, company_points, product_mgr_score, software_mgr_score, priority_score) VALUES (2027, 2027, 87.9, 3, 5, 83.2);
INSERT INTO workflows_Sila (task_ID, request_ID, developer_ID, workflow_status, assigned_by_ID, assigned_at) VALUES (2027, 2027, 3, 'ASSIGNED', 1, '2026-06-26 16:03:35');
INSERT INTO request_notes_Sila (note_ID, request_ID, content, submitter_ID, is_internal, created_at) VALUES (2051, 2027, 'Mock not eklendi. Test amacli. (Note 0)', 1, TRUE, '2026-06-26 17:03:35');
INSERT INTO request_notes_Sila (note_ID, request_ID, content, submitter_ID, is_internal, created_at) VALUES (2052, 2027, 'Mock not eklendi. Test amacli. (Note 1)', 3, FALSE, '2026-06-26 18:03:35');
INSERT INTO requests_Sila (request_ID, creator_ID, title, description, status, type, generated_id, final_priority_score, created_at) VALUES (2028, 35, 'Yeni buton eklenmesi - Mock Dev 3 - 28', 'Dun yapilan guncellemeden sonra bozuldu.', 'ASSIGNED', 'YENİ_ÖZELLİK_EKLEME', 'M-0028', 71.4, '2026-07-11 15:03:35');
INSERT INTO priorities_Sila (priority_ID, request_ID, company_points, product_mgr_score, software_mgr_score, priority_score) VALUES (2028, 2028, 88.6, 3, 3, 71.4);
INSERT INTO workflows_Sila (task_ID, request_ID, developer_ID, workflow_status, assigned_by_ID, assigned_at) VALUES (2028, 2028, 3, 'ASSIGNED', 1, '2026-07-11 16:03:35');
INSERT INTO request_notes_Sila (note_ID, request_ID, content, submitter_ID, is_internal, created_at) VALUES (2053, 2028, 'Mock not eklendi. Test amacli. (Note 0)', 1, FALSE, '2026-07-11 17:03:35');
INSERT INTO request_notes_Sila (note_ID, request_ID, content, submitter_ID, is_internal, created_at) VALUES (2054, 2028, 'Mock not eklendi. Test amacli. (Note 1)', 3, TRUE, '2026-07-11 18:03:35');
INSERT INTO requests_Sila (request_ID, creator_ID, title, description, status, type, generated_id, final_priority_score, created_at) VALUES (2029, 35, 'Sifre sifirlama maili gelmiyor - Mock Dev 3 - 29', 'Performans cok dusuk.', 'ASSIGNED', 'SİSTEM_ÇÖKÜŞÜ', 'M-0029', 83.7, '2026-07-07 15:03:35');
INSERT INTO priorities_Sila (priority_ID, request_ID, company_points, product_mgr_score, software_mgr_score, priority_score) VALUES (2029, 2029, 74.2, 4, 5, 83.7);
INSERT INTO workflows_Sila (task_ID, request_ID, developer_ID, workflow_status, assigned_by_ID, assigned_at) VALUES (2029, 2029, 3, 'ASSIGNED', 1, '2026-07-07 16:03:35');
INSERT INTO request_notes_Sila (note_ID, request_ID, content, submitter_ID, is_internal, created_at) VALUES (2055, 2029, 'Mock not eklendi. Test amacli. (Note 0)', 1, TRUE, '2026-07-07 17:03:35');
INSERT INTO request_notes_Sila (note_ID, request_ID, content, submitter_ID, is_internal, created_at) VALUES (2056, 2029, 'Mock not eklendi. Test amacli. (Note 1)', 3, TRUE, '2026-07-07 18:03:35');
INSERT INTO request_notes_Sila (note_ID, request_ID, content, submitter_ID, is_internal, created_at) VALUES (2057, 2029, 'Mock not eklendi. Test amacli. (Note 2)', 3, FALSE, '2026-07-07 19:03:35');
INSERT INTO requests_Sila (request_ID, creator_ID, title, description, status, type, generated_id, final_priority_score, created_at) VALUES (2030, 34, 'Mobil uyumluluk sorunu - Mock Dev 3 - 30', 'Musteriler bu sorundan sikayetci, acil bakilmasi gerekiyor.', 'ASSIGNED', 'BUG_DÜZELTME', 'M-0030', 82.4, '2026-06-25 15:03:35');
INSERT INTO priorities_Sila (priority_ID, request_ID, company_points, product_mgr_score, software_mgr_score, priority_score) VALUES (2030, 2030, 86.1, 3, 5, 82.4);
INSERT INTO workflows_Sila (task_ID, request_ID, developer_ID, workflow_status, assigned_by_ID, assigned_at) VALUES (2030, 2030, 3, 'ASSIGNED', 1, '2026-06-25 16:03:35');
INSERT INTO request_notes_Sila (note_ID, request_ID, content, submitter_ID, is_internal, created_at) VALUES (2058, 2030, 'Mock not eklendi. Test amacli. (Note 0)', 1, TRUE, '2026-06-25 17:03:35');
INSERT INTO request_notes_Sila (note_ID, request_ID, content, submitter_ID, is_internal, created_at) VALUES (2059, 2030, 'Mock not eklendi. Test amacli. (Note 1)', 1, FALSE, '2026-06-25 18:03:35');
INSERT INTO request_notes_Sila (note_ID, request_ID, content, submitter_ID, is_internal, created_at) VALUES (2060, 2030, 'Mock not eklendi. Test amacli. (Note 2)', 1, TRUE, '2026-06-25 19:03:35');
INSERT INTO requests_Sila (request_ID, creator_ID, title, description, status, type, generated_id, final_priority_score, created_at) VALUES (2031, 33, 'Sayfa yuklenmiyor - Mock Dev 3 - 31', 'Dun yapilan guncellemeden sonra bozuldu.', 'COMPLETED', 'DİĞER', 'M-0031', 91.5, '2026-07-04 15:03:35');
INSERT INTO priorities_Sila (priority_ID, request_ID, company_points, product_mgr_score, software_mgr_score, priority_score) VALUES (2031, 2031, 78.8, 5, 5, 91.5);
INSERT INTO workflows_Sila (task_ID, request_ID, developer_ID, workflow_status, assigned_by_ID, assigned_at, resolved_at) VALUES (2031, 2031, 3, 'RESOLVED', 1, '2026-07-04 16:03:35', '2026-07-05 16:03:35');
INSERT INTO request_notes_Sila (note_ID, request_ID, content, submitter_ID, is_internal, created_at) VALUES (2061, 2031, 'Mock not eklendi. Test amacli. (Note 0)', 3, TRUE, '2026-07-04 17:03:35');
INSERT INTO requests_Sila (request_ID, creator_ID, title, description, status, type, generated_id, final_priority_score, created_at) VALUES (2032, 28, 'Mobil uyumluluk sorunu - Mock Dev 3 - 32', 'Performans cok dusuk.', 'COMPLETED', 'GELİŞTİRME', 'M-0032', 75.8, '2026-07-06 15:03:35');
INSERT INTO priorities_Sila (priority_ID, request_ID, company_points, product_mgr_score, software_mgr_score, priority_score) VALUES (2032, 2032, 99.4, 3, 3, 75.8);
INSERT INTO workflows_Sila (task_ID, request_ID, developer_ID, workflow_status, assigned_by_ID, assigned_at, resolved_at) VALUES (2032, 2032, 3, 'RESOLVED', 1, '2026-07-06 16:03:35', '2026-07-08 16:03:35');
INSERT INTO request_notes_Sila (note_ID, request_ID, content, submitter_ID, is_internal, created_at) VALUES (2062, 2032, 'Mock not eklendi. Test amacli. (Note 0)', 1, FALSE, '2026-07-06 17:03:35');
INSERT INTO request_notes_Sila (note_ID, request_ID, content, submitter_ID, is_internal, created_at) VALUES (2063, 2032, 'Mock not eklendi. Test amacli. (Note 1)', 1, TRUE, '2026-07-06 18:03:35');
INSERT INTO request_notes_Sila (note_ID, request_ID, content, submitter_ID, is_internal, created_at) VALUES (2064, 2032, 'Mock not eklendi. Test amacli. (Note 2)', 3, TRUE, '2026-07-06 19:03:35');
INSERT INTO requests_Sila (request_ID, creator_ID, title, description, status, type, generated_id, final_priority_score, created_at) VALUES (2033, 35, 'Arayuzde kayma var - Mock Dev 3 - 33', 'Musteriler bu sorundan sikayetci, acil bakilmasi gerekiyor.', 'COMPLETED', 'SİSTEM_ÇÖKÜŞÜ', 'M-0033', 87.8, '2026-07-15 15:03:35');
INSERT INTO priorities_Sila (priority_ID, request_ID, company_points, product_mgr_score, software_mgr_score, priority_score) VALUES (2033, 2033, 84.5, 4, 5, 87.8);
INSERT INTO workflows_Sila (task_ID, request_ID, developer_ID, workflow_status, assigned_by_ID, assigned_at, resolved_at) VALUES (2033, 2033, 3, 'RESOLVED', 1, '2026-07-15 16:03:35', '2026-07-17 16:03:35');
INSERT INTO request_notes_Sila (note_ID, request_ID, content, submitter_ID, is_internal, created_at) VALUES (2065, 2033, 'Mock not eklendi. Test amacli. (Note 0)', 3, TRUE, '2026-07-15 17:03:35');
INSERT INTO request_notes_Sila (note_ID, request_ID, content, submitter_ID, is_internal, created_at) VALUES (2066, 2033, 'Mock not eklendi. Test amacli. (Note 1)', 3, FALSE, '2026-07-15 18:03:35');
INSERT INTO requests_Sila (request_ID, creator_ID, title, description, status, type, generated_id, final_priority_score, created_at) VALUES (2034, 26, 'Yeni buton eklenmesi - Mock Dev 3 - 34', 'Veriler eksik geliyor, veritabani sorgusu optimize edilmeli.', 'COMPLETED', 'DİĞER', 'M-0034', 76.4, '2026-06-27 15:03:35');
INSERT INTO priorities_Sila (priority_ID, request_ID, company_points, product_mgr_score, software_mgr_score, priority_score) VALUES (2034, 2034, 70.9, 3, 5, 76.4);
INSERT INTO workflows_Sila (task_ID, request_ID, developer_ID, workflow_status, assigned_by_ID, assigned_at, resolved_at) VALUES (2034, 2034, 3, 'RESOLVED', 1, '2026-06-27 16:03:35', '2026-06-30 16:03:35');
INSERT INTO request_notes_Sila (note_ID, request_ID, content, submitter_ID, is_internal, created_at) VALUES (2067, 2034, 'Mock not eklendi. Test amacli. (Note 0)', 1, TRUE, '2026-06-27 17:03:35');
INSERT INTO requests_Sila (request_ID, creator_ID, title, description, status, type, generated_id, final_priority_score, created_at) VALUES (2035, 31, 'Arayuzde kayma var - Mock Dev 3 - 35', 'Tasarim ekibi guncellemeyi talep etti.', 'ASSIGNED', 'BUG_DÜZELTME', 'M-0035', 87.7, '2026-06-30 15:03:35');
INSERT INTO priorities_Sila (priority_ID, request_ID, company_points, product_mgr_score, software_mgr_score, priority_score) VALUES (2035, 2035, 99.3, 4, 4, 87.7);
INSERT INTO workflows_Sila (task_ID, request_ID, developer_ID, workflow_status, assigned_by_ID, assigned_at) VALUES (2035, 2035, 3, 'ASSIGNED', 1, '2026-06-30 16:03:35');
INSERT INTO request_notes_Sila (note_ID, request_ID, content, submitter_ID, is_internal, created_at) VALUES (2068, 2035, 'Mock not eklendi. Test amacli. (Note 0)', 3, FALSE, '2026-06-30 17:03:35');
INSERT INTO request_notes_Sila (note_ID, request_ID, content, submitter_ID, is_internal, created_at) VALUES (2069, 2035, 'Mock not eklendi. Test amacli. (Note 1)', 3, TRUE, '2026-06-30 18:03:35');
INSERT INTO requests_Sila (request_ID, creator_ID, title, description, status, type, generated_id, final_priority_score, created_at) VALUES (2036, 32, 'Yeni buton eklenmesi - Mock Dev 3 - 36', 'Tasarim ekibi guncellemeyi talep etti.', 'ASSIGNED', 'YENİ_ÖZELLİK_EKLEME', 'M-0036', 96.4, '2026-07-02 15:03:35');
INSERT INTO priorities_Sila (priority_ID, request_ID, company_points, product_mgr_score, software_mgr_score, priority_score) VALUES (2036, 2036, 91.1, 5, 5, 96.4);
INSERT INTO workflows_Sila (task_ID, request_ID, developer_ID, workflow_status, assigned_by_ID, assigned_at) VALUES (2036, 2036, 3, 'ASSIGNED', 1, '2026-07-02 16:03:35');
INSERT INTO request_notes_Sila (note_ID, request_ID, content, submitter_ID, is_internal, created_at) VALUES (2070, 2036, 'Mock not eklendi. Test amacli. (Note 0)', 3, FALSE, '2026-07-02 17:03:35');
INSERT INTO request_notes_Sila (note_ID, request_ID, content, submitter_ID, is_internal, created_at) VALUES (2071, 2036, 'Mock not eklendi. Test amacli. (Note 1)', 1, FALSE, '2026-07-02 18:03:35');
INSERT INTO request_notes_Sila (note_ID, request_ID, content, submitter_ID, is_internal, created_at) VALUES (2072, 2036, 'Mock not eklendi. Test amacli. (Note 2)', 1, FALSE, '2026-07-02 19:03:35');
INSERT INTO requests_Sila (request_ID, creator_ID, title, description, status, type, generated_id, final_priority_score, created_at) VALUES (2037, 31, 'Veri kaybi yasaniyor - Mock Dev 3 - 37', 'Sistemin genelini etkileyen bir yavaslik soz konusu.', 'COMPLETED', 'GELİŞTİRME', 'M-0037', 99.7, '2026-07-07 15:03:35');
INSERT INTO priorities_Sila (priority_ID, request_ID, company_points, product_mgr_score, software_mgr_score, priority_score) VALUES (2037, 2037, 99.2, 5, 5, 99.7);
INSERT INTO workflows_Sila (task_ID, request_ID, developer_ID, workflow_status, assigned_by_ID, assigned_at, resolved_at) VALUES (2037, 2037, 3, 'RESOLVED', 1, '2026-07-07 16:03:35', '2026-07-08 16:03:35');
INSERT INTO request_notes_Sila (note_ID, request_ID, content, submitter_ID, is_internal, created_at) VALUES (2073, 2037, 'Mock not eklendi. Test amacli. (Note 0)', 1, TRUE, '2026-07-07 17:03:35');
INSERT INTO requests_Sila (request_ID, creator_ID, title, description, status, type, generated_id, final_priority_score, created_at) VALUES (2038, 33, 'Veritabani baglanti hatasi - Mock Dev 3 - 38', 'Dun yapilan guncellemeden sonra bozuldu.', 'ASSIGNED', 'DİĞER', 'M-0038', 80.9, '2026-06-24 15:03:35');
INSERT INTO priorities_Sila (priority_ID, request_ID, company_points, product_mgr_score, software_mgr_score, priority_score) VALUES (2038, 2038, 82.3, 5, 3, 80.9);
INSERT INTO workflows_Sila (task_ID, request_ID, developer_ID, workflow_status, assigned_by_ID, assigned_at) VALUES (2038, 2038, 3, 'ASSIGNED', 1, '2026-06-24 16:03:35');
INSERT INTO request_notes_Sila (note_ID, request_ID, content, submitter_ID, is_internal, created_at) VALUES (2074, 2038, 'Mock not eklendi. Test amacli. (Note 0)', 1, FALSE, '2026-06-24 17:03:35');
INSERT INTO request_notes_Sila (note_ID, request_ID, content, submitter_ID, is_internal, created_at) VALUES (2075, 2038, 'Mock not eklendi. Test amacli. (Note 1)', 1, FALSE, '2026-06-24 18:03:35');
INSERT INTO requests_Sila (request_ID, creator_ID, title, description, status, type, generated_id, final_priority_score, created_at) VALUES (2039, 29, 'Arayuzde kayma var - Mock Dev 3 - 39', 'Veriler eksik geliyor, veritabani sorgusu optimize edilmeli.', 'ASSIGNED', 'DİĞER', 'M-0039', 84.8, '2026-07-02 15:03:35');
INSERT INTO priorities_Sila (priority_ID, request_ID, company_points, product_mgr_score, software_mgr_score, priority_score) VALUES (2039, 2039, 77.1, 5, 4, 84.8);
INSERT INTO workflows_Sila (task_ID, request_ID, developer_ID, workflow_status, assigned_by_ID, assigned_at) VALUES (2039, 2039, 3, 'ASSIGNED', 1, '2026-07-02 16:03:35');
INSERT INTO request_notes_Sila (note_ID, request_ID, content, submitter_ID, is_internal, created_at) VALUES (2076, 2039, 'Mock not eklendi. Test amacli. (Note 0)', 3, TRUE, '2026-07-02 17:03:35');
INSERT INTO request_notes_Sila (note_ID, request_ID, content, submitter_ID, is_internal, created_at) VALUES (2077, 2039, 'Mock not eklendi. Test amacli. (Note 1)', 1, TRUE, '2026-07-02 18:03:35');
INSERT INTO requests_Sila (request_ID, creator_ID, title, description, status, type, generated_id, final_priority_score, created_at) VALUES (2040, 32, 'Raporlama modulu calismiyor - Mock Dev 3 - 40', 'Tasarim ekibi guncellemeyi talep etti.', 'COMPLETED', 'YENİ_ÖZELLİK_EKLEME', 'M-0040', 81.5, '2026-07-15 15:03:35');
INSERT INTO priorities_Sila (priority_ID, request_ID, company_points, product_mgr_score, software_mgr_score, priority_score) VALUES (2040, 2040, 98.6, 4, 3, 81.5);
INSERT INTO workflows_Sila (task_ID, request_ID, developer_ID, workflow_status, assigned_by_ID, assigned_at, resolved_at) VALUES (2040, 2040, 3, 'RESOLVED', 1, '2026-07-15 16:03:35', '2026-07-19 16:03:35');
INSERT INTO request_notes_Sila (note_ID, request_ID, content, submitter_ID, is_internal, created_at) VALUES (2078, 2040, 'Mock not eklendi. Test amacli. (Note 0)', 3, TRUE, '2026-07-15 17:03:35');
INSERT INTO request_notes_Sila (note_ID, request_ID, content, submitter_ID, is_internal, created_at) VALUES (2079, 2040, 'Mock not eklendi. Test amacli. (Note 1)', 3, FALSE, '2026-07-15 18:03:35');
INSERT INTO request_notes_Sila (note_ID, request_ID, content, submitter_ID, is_internal, created_at) VALUES (2080, 2040, 'Mock not eklendi. Test amacli. (Note 2)', 3, FALSE, '2026-07-15 19:03:35');
INSERT INTO requests_Sila (request_ID, creator_ID, title, description, status, type, generated_id, final_priority_score, created_at) VALUES (2041, 33, '500 Internal Server Error - Mock Dev 3 - 41', 'Tasarim ekibi guncellemeyi talep etti.', 'ASSIGNED', 'VERİ_KAYBI', 'M-0041', 83.5, '2026-07-18 15:03:35');
INSERT INTO priorities_Sila (priority_ID, request_ID, company_points, product_mgr_score, software_mgr_score, priority_score) VALUES (2041, 2041, 73.7, 4, 5, 83.5);
INSERT INTO workflows_Sila (task_ID, request_ID, developer_ID, workflow_status, assigned_by_ID, assigned_at) VALUES (2041, 2041, 3, 'ASSIGNED', 1, '2026-07-18 16:03:35');
INSERT INTO request_notes_Sila (note_ID, request_ID, content, submitter_ID, is_internal, created_at) VALUES (2081, 2041, 'Mock not eklendi. Test amacli. (Note 0)', 3, FALSE, '2026-07-18 17:03:35');
INSERT INTO request_notes_Sila (note_ID, request_ID, content, submitter_ID, is_internal, created_at) VALUES (2082, 2041, 'Mock not eklendi. Test amacli. (Note 1)', 3, FALSE, '2026-07-18 18:03:35');
INSERT INTO requests_Sila (request_ID, creator_ID, title, description, status, type, generated_id, final_priority_score, created_at) VALUES (2042, 31, 'Sifre sifirlama maili gelmiyor - Mock Dev 3 - 42', 'Veriler eksik geliyor, veritabani sorgusu optimize edilmeli.', 'ASSIGNED', 'BUG_DÜZELTME', 'M-0042', 87.5, '2026-07-03 15:03:35');
INSERT INTO priorities_Sila (priority_ID, request_ID, company_points, product_mgr_score, software_mgr_score, priority_score) VALUES (2042, 2042, 83.7, 4, 5, 87.5);
INSERT INTO workflows_Sila (task_ID, request_ID, developer_ID, workflow_status, assigned_by_ID, assigned_at) VALUES (2042, 2042, 3, 'ASSIGNED', 1, '2026-07-03 16:03:35');
INSERT INTO request_notes_Sila (note_ID, request_ID, content, submitter_ID, is_internal, created_at) VALUES (2083, 2042, 'Mock not eklendi. Test amacli. (Note 0)', 3, FALSE, '2026-07-03 17:03:35');
INSERT INTO request_notes_Sila (note_ID, request_ID, content, submitter_ID, is_internal, created_at) VALUES (2084, 2042, 'Mock not eklendi. Test amacli. (Note 1)', 3, TRUE, '2026-07-03 18:03:35');
INSERT INTO requests_Sila (request_ID, creator_ID, title, description, status, type, generated_id, final_priority_score, created_at) VALUES (2043, 30, 'Veri kaybi yasaniyor - Mock Dev 3 - 43', 'Performans cok dusuk.', 'ASSIGNED', 'GELİŞTİRME', 'M-0043', 87.6, '2026-06-27 15:03:35');
INSERT INTO priorities_Sila (priority_ID, request_ID, company_points, product_mgr_score, software_mgr_score, priority_score) VALUES (2043, 2043, 84.0, 4, 5, 87.6);
INSERT INTO workflows_Sila (task_ID, request_ID, developer_ID, workflow_status, assigned_by_ID, assigned_at) VALUES (2043, 2043, 3, 'ASSIGNED', 1, '2026-06-27 16:03:35');
INSERT INTO request_notes_Sila (note_ID, request_ID, content, submitter_ID, is_internal, created_at) VALUES (2085, 2043, 'Mock not eklendi. Test amacli. (Note 0)', 1, TRUE, '2026-06-27 17:03:35');
INSERT INTO requests_Sila (request_ID, creator_ID, title, description, status, type, generated_id, final_priority_score, created_at) VALUES (2044, 28, 'Arayuzde kayma var - Mock Dev 3 - 44', 'Performans cok dusuk.', 'COMPLETED', 'YENİ_ÖZELLİK_EKLEME', 'M-0044', 75.3, '2026-07-14 15:03:35');
INSERT INTO priorities_Sila (priority_ID, request_ID, company_points, product_mgr_score, software_mgr_score, priority_score) VALUES (2044, 2044, 83.3, 3, 4, 75.3);
INSERT INTO workflows_Sila (task_ID, request_ID, developer_ID, workflow_status, assigned_by_ID, assigned_at, resolved_at) VALUES (2044, 2044, 3, 'RESOLVED', 1, '2026-07-14 16:03:35', '2026-07-16 16:03:35');
INSERT INTO request_notes_Sila (note_ID, request_ID, content, submitter_ID, is_internal, created_at) VALUES (2086, 2044, 'Mock not eklendi. Test amacli. (Note 0)', 1, FALSE, '2026-07-14 17:03:35');
INSERT INTO request_notes_Sila (note_ID, request_ID, content, submitter_ID, is_internal, created_at) VALUES (2087, 2044, 'Mock not eklendi. Test amacli. (Note 1)', 1, FALSE, '2026-07-14 18:03:35');
INSERT INTO requests_Sila (request_ID, creator_ID, title, description, status, type, generated_id, final_priority_score, created_at) VALUES (2045, 27, 'Arayuzde kayma var - Mock Dev 3 - 45', 'Dun yapilan guncellemeden sonra bozuldu.', 'ASSIGNED', 'YENİ_ÖZELLİK_EKLEME', 'M-0045', 77.2, '2026-06-28 15:03:35');
INSERT INTO priorities_Sila (priority_ID, request_ID, company_points, product_mgr_score, software_mgr_score, priority_score) VALUES (2045, 2045, 72.9, 4, 4, 77.2);
INSERT INTO workflows_Sila (task_ID, request_ID, developer_ID, workflow_status, assigned_by_ID, assigned_at) VALUES (2045, 2045, 3, 'ASSIGNED', 1, '2026-06-28 16:03:35');
INSERT INTO request_notes_Sila (note_ID, request_ID, content, submitter_ID, is_internal, created_at) VALUES (2088, 2045, 'Mock not eklendi. Test amacli. (Note 0)', 1, FALSE, '2026-06-28 17:03:35');
INSERT INTO request_notes_Sila (note_ID, request_ID, content, submitter_ID, is_internal, created_at) VALUES (2089, 2045, 'Mock not eklendi. Test amacli. (Note 1)', 3, TRUE, '2026-06-28 18:03:35');
INSERT INTO requests_Sila (request_ID, creator_ID, title, description, status, type, generated_id, final_priority_score, created_at) VALUES (2046, 32, 'Yeni buton eklenmesi - Mock Dev 3 - 46', 'Veriler eksik geliyor, veritabani sorgusu optimize edilmeli.', 'COMPLETED', 'SİSTEM_ÇÖKÜŞÜ', 'M-0046', 79.0, '2026-07-12 15:03:35');
INSERT INTO priorities_Sila (priority_ID, request_ID, company_points, product_mgr_score, software_mgr_score, priority_score) VALUES (2046, 2046, 92.5, 4, 3, 79.0);
INSERT INTO workflows_Sila (task_ID, request_ID, developer_ID, workflow_status, assigned_by_ID, assigned_at, resolved_at) VALUES (2046, 2046, 3, 'RESOLVED', 1, '2026-07-12 16:03:35', '2026-07-15 16:03:35');
INSERT INTO request_notes_Sila (note_ID, request_ID, content, submitter_ID, is_internal, created_at) VALUES (2090, 2046, 'Mock not eklendi. Test amacli. (Note 0)', 3, FALSE, '2026-07-12 17:03:35');
INSERT INTO request_notes_Sila (note_ID, request_ID, content, submitter_ID, is_internal, created_at) VALUES (2091, 2046, 'Mock not eklendi. Test amacli. (Note 1)', 3, TRUE, '2026-07-12 18:03:35');
INSERT INTO requests_Sila (request_ID, creator_ID, title, description, status, type, generated_id, final_priority_score, created_at) VALUES (2047, 30, 'Yeni buton eklenmesi - Mock Dev 3 - 47', 'Loglarda NullPointerException gordum, ekteki dosyaya bakiniz.', 'COMPLETED', 'BUG_DÜZELTME', 'M-0047', 72.9, '2026-07-17 15:03:35');
INSERT INTO priorities_Sila (priority_ID, request_ID, company_points, product_mgr_score, software_mgr_score, priority_score) VALUES (2047, 2047, 77.4, 4, 3, 72.9);
INSERT INTO workflows_Sila (task_ID, request_ID, developer_ID, workflow_status, assigned_by_ID, assigned_at, resolved_at) VALUES (2047, 2047, 3, 'RESOLVED', 1, '2026-07-17 16:03:35', '2026-07-21 16:03:35');
INSERT INTO request_notes_Sila (note_ID, request_ID, content, submitter_ID, is_internal, created_at) VALUES (2092, 2047, 'Mock not eklendi. Test amacli. (Note 0)', 3, FALSE, '2026-07-17 17:03:35');
INSERT INTO requests_Sila (request_ID, creator_ID, title, description, status, type, generated_id, final_priority_score, created_at) VALUES (2048, 30, 'Veritabani baglanti hatasi - Mock Dev 3 - 48', 'Loglarda NullPointerException gordum, ekteki dosyaya bakiniz.', 'ASSIGNED', 'BUG_DÜZELTME', 'M-0048', 96.7, '2026-06-28 15:03:35');
INSERT INTO priorities_Sila (priority_ID, request_ID, company_points, product_mgr_score, software_mgr_score, priority_score) VALUES (2048, 2048, 91.8, 5, 5, 96.7);
INSERT INTO workflows_Sila (task_ID, request_ID, developer_ID, workflow_status, assigned_by_ID, assigned_at) VALUES (2048, 2048, 3, 'ASSIGNED', 1, '2026-06-28 16:03:35');
INSERT INTO request_notes_Sila (note_ID, request_ID, content, submitter_ID, is_internal, created_at) VALUES (2093, 2048, 'Mock not eklendi. Test amacli. (Note 0)', 1, TRUE, '2026-06-28 17:03:35');
INSERT INTO requests_Sila (request_ID, creator_ID, title, description, status, type, generated_id, final_priority_score, created_at) VALUES (2049, 31, 'Mobil uyumluluk sorunu - Mock Dev 3 - 49', 'Loglarda NullPointerException gordum, ekteki dosyaya bakiniz.', 'ASSIGNED', 'YENİ_ÖZELLİK_EKLEME', 'M-0049', 88.1, '2026-06-20 15:03:35');
INSERT INTO priorities_Sila (priority_ID, request_ID, company_points, product_mgr_score, software_mgr_score, priority_score) VALUES (2049, 2049, 70.1, 5, 5, 88.1);
INSERT INTO workflows_Sila (task_ID, request_ID, developer_ID, workflow_status, assigned_by_ID, assigned_at) VALUES (2049, 2049, 3, 'ASSIGNED', 1, '2026-06-20 16:03:35');
INSERT INTO request_notes_Sila (note_ID, request_ID, content, submitter_ID, is_internal, created_at) VALUES (2094, 2049, 'Mock not eklendi. Test amacli. (Note 0)', 1, TRUE, '2026-06-20 17:03:35');
INSERT INTO requests_Sila (request_ID, creator_ID, title, description, status, type, generated_id, final_priority_score, created_at) VALUES (2050, 29, 'Veri kaybi yasaniyor - Mock Dev 3 - 50', 'Musteriler bu sorundan sikayetci, acil bakilmasi gerekiyor.', 'COMPLETED', 'DİĞER', 'M-0050', 87.3, '2026-06-23 15:03:35');
INSERT INTO priorities_Sila (priority_ID, request_ID, company_points, product_mgr_score, software_mgr_score, priority_score) VALUES (2050, 2050, 98.3, 3, 5, 87.3);
INSERT INTO workflows_Sila (task_ID, request_ID, developer_ID, workflow_status, assigned_by_ID, assigned_at, resolved_at) VALUES (2050, 2050, 3, 'RESOLVED', 1, '2026-06-23 16:03:35', '2026-06-27 16:03:35');
INSERT INTO request_notes_Sila (note_ID, request_ID, content, submitter_ID, is_internal, created_at) VALUES (2095, 2050, 'Mock not eklendi. Test amacli. (Note 0)', 1, FALSE, '2026-06-23 17:03:35');
INSERT INTO request_notes_Sila (note_ID, request_ID, content, submitter_ID, is_internal, created_at) VALUES (2096, 2050, 'Mock not eklendi. Test amacli. (Note 1)', 1, FALSE, '2026-06-23 18:03:35');
INSERT INTO request_notes_Sila (note_ID, request_ID, content, submitter_ID, is_internal, created_at) VALUES (2097, 2050, 'Mock not eklendi. Test amacli. (Note 2)', 3, FALSE, '2026-06-23 19:03:35');
INSERT INTO requests_Sila (request_ID, creator_ID, title, description, status, type, generated_id, final_priority_score, created_at) VALUES (2051, 34, 'Raporlama modulu calismiyor - Mock Dev 3 - 51', 'Musteriler bu sorundan sikayetci, acil bakilmasi gerekiyor.', 'COMPLETED', 'VERİ_KAYBI', 'M-0051', 64.2, '2026-06-29 15:03:35');
INSERT INTO priorities_Sila (priority_ID, request_ID, company_points, product_mgr_score, software_mgr_score, priority_score) VALUES (2051, 2051, 70.5, 3, 3, 64.2);
INSERT INTO workflows_Sila (task_ID, request_ID, developer_ID, workflow_status, assigned_by_ID, assigned_at, resolved_at) VALUES (2051, 2051, 3, 'RESOLVED', 1, '2026-06-29 16:03:35', '2026-07-03 16:03:35');
INSERT INTO request_notes_Sila (note_ID, request_ID, content, submitter_ID, is_internal, created_at) VALUES (2098, 2051, 'Mock not eklendi. Test amacli. (Note 0)', 3, FALSE, '2026-06-29 17:03:35');
INSERT INTO request_notes_Sila (note_ID, request_ID, content, submitter_ID, is_internal, created_at) VALUES (2099, 2051, 'Mock not eklendi. Test amacli. (Note 1)', 1, FALSE, '2026-06-29 18:03:35');
INSERT INTO requests_Sila (request_ID, creator_ID, title, description, status, type, generated_id, final_priority_score, created_at) VALUES (2052, 29, 'Yeni buton eklenmesi - Mock Dev 3 - 52', 'Veriler eksik geliyor, veritabani sorgusu optimize edilmeli.', 'COMPLETED', 'DİĞER', 'M-0052', 93.2, '2026-07-11 15:03:35');
INSERT INTO priorities_Sila (priority_ID, request_ID, company_points, product_mgr_score, software_mgr_score, priority_score) VALUES (2052, 2052, 98.1, 5, 4, 93.2);
INSERT INTO workflows_Sila (task_ID, request_ID, developer_ID, workflow_status, assigned_by_ID, assigned_at, resolved_at) VALUES (2052, 2052, 3, 'RESOLVED', 1, '2026-07-11 16:03:35', '2026-07-15 16:03:35');
INSERT INTO request_notes_Sila (note_ID, request_ID, content, submitter_ID, is_internal, created_at) VALUES (2100, 2052, 'Mock not eklendi. Test amacli. (Note 0)', 1, FALSE, '2026-07-11 17:03:35');
INSERT INTO request_notes_Sila (note_ID, request_ID, content, submitter_ID, is_internal, created_at) VALUES (2101, 2052, 'Mock not eklendi. Test amacli. (Note 1)', 1, TRUE, '2026-07-11 18:03:35');
INSERT INTO request_notes_Sila (note_ID, request_ID, content, submitter_ID, is_internal, created_at) VALUES (2102, 2052, 'Mock not eklendi. Test amacli. (Note 2)', 1, FALSE, '2026-07-11 19:03:35');
INSERT INTO requests_Sila (request_ID, creator_ID, title, description, status, type, generated_id, final_priority_score, created_at) VALUES (2053, 26, 'Veri kaybi yasaniyor - Mock Dev 3 - 53', 'Test ortaminda calisiyor ama canlida hata veriyor.', 'COMPLETED', 'GELİŞTİRME', 'M-0053', 81.8, '2026-07-13 15:03:35');
INSERT INTO priorities_Sila (priority_ID, request_ID, company_points, product_mgr_score, software_mgr_score, priority_score) VALUES (2053, 2053, 84.6, 5, 3, 81.8);
INSERT INTO workflows_Sila (task_ID, request_ID, developer_ID, workflow_status, assigned_by_ID, assigned_at, resolved_at) VALUES (2053, 2053, 3, 'RESOLVED', 1, '2026-07-13 16:03:35', '2026-07-16 16:03:35');
INSERT INTO request_notes_Sila (note_ID, request_ID, content, submitter_ID, is_internal, created_at) VALUES (2103, 2053, 'Mock not eklendi. Test amacli. (Note 0)', 3, TRUE, '2026-07-13 17:03:35');
INSERT INTO request_notes_Sila (note_ID, request_ID, content, submitter_ID, is_internal, created_at) VALUES (2104, 2053, 'Mock not eklendi. Test amacli. (Note 1)', 1, FALSE, '2026-07-13 18:03:35');
INSERT INTO request_notes_Sila (note_ID, request_ID, content, submitter_ID, is_internal, created_at) VALUES (2105, 2053, 'Mock not eklendi. Test amacli. (Note 2)', 1, TRUE, '2026-07-13 19:03:35');
INSERT INTO requests_Sila (request_ID, creator_ID, title, description, status, type, generated_id, final_priority_score, created_at) VALUES (2054, 29, 'Arayuzde kayma var - Mock Dev 3 - 54', 'Test ortaminda calisiyor ama canlida hata veriyor.', 'ASSIGNED', 'ENTEGRASYON_SIKINTILARI', 'M-0054', 79.2, '2026-07-12 15:03:35');
INSERT INTO priorities_Sila (priority_ID, request_ID, company_points, product_mgr_score, software_mgr_score, priority_score) VALUES (2054, 2054, 93.0, 4, 3, 79.2);
INSERT INTO workflows_Sila (task_ID, request_ID, developer_ID, workflow_status, assigned_by_ID, assigned_at) VALUES (2054, 2054, 3, 'ASSIGNED', 1, '2026-07-12 16:03:35');
INSERT INTO request_notes_Sila (note_ID, request_ID, content, submitter_ID, is_internal, created_at) VALUES (2106, 2054, 'Mock not eklendi. Test amacli. (Note 0)', 3, FALSE, '2026-07-12 17:03:35');
INSERT INTO requests_Sila (request_ID, creator_ID, title, description, status, type, generated_id, final_priority_score, created_at) VALUES (2055, 33, 'Veritabani baglanti hatasi - Mock Dev 3 - 55', 'Tasarim ekibi guncellemeyi talep etti.', 'ASSIGNED', 'DİĞER', 'M-0055', 86.3, '2026-06-26 15:03:35');
INSERT INTO priorities_Sila (priority_ID, request_ID, company_points, product_mgr_score, software_mgr_score, priority_score) VALUES (2055, 2055, 95.8, 5, 3, 86.3);
INSERT INTO workflows_Sila (task_ID, request_ID, developer_ID, workflow_status, assigned_by_ID, assigned_at) VALUES (2055, 2055, 3, 'ASSIGNED', 1, '2026-06-26 16:03:35');
INSERT INTO request_notes_Sila (note_ID, request_ID, content, submitter_ID, is_internal, created_at) VALUES (2107, 2055, 'Mock not eklendi. Test amacli. (Note 0)', 1, FALSE, '2026-06-26 17:03:35');
INSERT INTO requests_Sila (request_ID, creator_ID, title, description, status, type, generated_id, final_priority_score, created_at) VALUES (2056, 34, 'Kullanici girisi yavas - Mock Dev 3 - 56', 'Veriler eksik geliyor, veritabani sorgusu optimize edilmeli.', 'ASSIGNED', 'BUG_DÜZELTME', 'M-0056', 91.1, '2026-06-24 15:03:35');
INSERT INTO priorities_Sila (priority_ID, request_ID, company_points, product_mgr_score, software_mgr_score, priority_score) VALUES (2056, 2056, 92.6, 5, 4, 91.1);
INSERT INTO workflows_Sila (task_ID, request_ID, developer_ID, workflow_status, assigned_by_ID, assigned_at) VALUES (2056, 2056, 3, 'ASSIGNED', 1, '2026-06-24 16:03:35');
INSERT INTO request_notes_Sila (note_ID, request_ID, content, submitter_ID, is_internal, created_at) VALUES (2108, 2056, 'Mock not eklendi. Test amacli. (Note 0)', 3, TRUE, '2026-06-24 17:03:35');
INSERT INTO request_notes_Sila (note_ID, request_ID, content, submitter_ID, is_internal, created_at) VALUES (2109, 2056, 'Mock not eklendi. Test amacli. (Note 1)', 1, FALSE, '2026-06-24 18:03:35');
INSERT INTO requests_Sila (request_ID, creator_ID, title, description, status, type, generated_id, final_priority_score, created_at) VALUES (2057, 29, 'Veritabani baglanti hatasi - Mock Dev 3 - 57', 'Dun yapilan guncellemeden sonra bozuldu.', 'COMPLETED', 'VERİ_KAYBI', 'M-0057', 82.6, '2026-07-13 15:03:35');
INSERT INTO priorities_Sila (priority_ID, request_ID, company_points, product_mgr_score, software_mgr_score, priority_score) VALUES (2057, 2057, 86.6, 5, 3, 82.6);
INSERT INTO workflows_Sila (task_ID, request_ID, developer_ID, workflow_status, assigned_by_ID, assigned_at, resolved_at) VALUES (2057, 2057, 3, 'RESOLVED', 1, '2026-07-13 16:03:35', '2026-07-15 16:03:35');
INSERT INTO request_notes_Sila (note_ID, request_ID, content, submitter_ID, is_internal, created_at) VALUES (2110, 2057, 'Mock not eklendi. Test amacli. (Note 0)', 1, TRUE, '2026-07-13 17:03:35');
INSERT INTO requests_Sila (request_ID, creator_ID, title, description, status, type, generated_id, final_priority_score, created_at) VALUES (2058, 27, 'Yeni buton eklenmesi - Mock Dev 3 - 58', 'Loglarda NullPointerException gordum, ekteki dosyaya bakiniz.', 'COMPLETED', 'GELİŞTİRME', 'M-0058', 82.5, '2026-06-24 15:03:35');
INSERT INTO priorities_Sila (priority_ID, request_ID, company_points, product_mgr_score, software_mgr_score, priority_score) VALUES (2058, 2058, 71.2, 4, 5, 82.5);
INSERT INTO workflows_Sila (task_ID, request_ID, developer_ID, workflow_status, assigned_by_ID, assigned_at, resolved_at) VALUES (2058, 2058, 3, 'RESOLVED', 1, '2026-06-24 16:03:35', '2026-06-27 16:03:35');
INSERT INTO request_notes_Sila (note_ID, request_ID, content, submitter_ID, is_internal, created_at) VALUES (2111, 2058, 'Mock not eklendi. Test amacli. (Note 0)', 1, TRUE, '2026-06-24 17:03:35');
INSERT INTO requests_Sila (request_ID, creator_ID, title, description, status, type, generated_id, final_priority_score, created_at) VALUES (2059, 31, 'Kullanici girisi yavas - Mock Dev 3 - 59', 'Performans cok dusuk.', 'ASSIGNED', 'SİSTEM_ÇÖKÜŞÜ', 'M-0059', 99.6, '2026-07-10 15:03:35');
INSERT INTO priorities_Sila (priority_ID, request_ID, company_points, product_mgr_score, software_mgr_score, priority_score) VALUES (2059, 2059, 98.9, 5, 5, 99.6);
INSERT INTO workflows_Sila (task_ID, request_ID, developer_ID, workflow_status, assigned_by_ID, assigned_at) VALUES (2059, 2059, 3, 'ASSIGNED', 1, '2026-07-10 16:03:35');
INSERT INTO request_notes_Sila (note_ID, request_ID, content, submitter_ID, is_internal, created_at) VALUES (2112, 2059, 'Mock not eklendi. Test amacli. (Note 0)', 1, FALSE, '2026-07-10 17:03:35');
INSERT INTO requests_Sila (request_ID, creator_ID, title, description, status, type, generated_id, final_priority_score, created_at) VALUES (2060, 30, 'Yeni buton eklenmesi - Mock Dev 3 - 60', 'Performans cok dusuk.', 'COMPLETED', 'YENİ_ÖZELLİK_EKLEME', 'M-0060', 86.4, '2026-07-04 15:03:35');
INSERT INTO priorities_Sila (priority_ID, request_ID, company_points, product_mgr_score, software_mgr_score, priority_score) VALUES (2060, 2060, 95.9, 4, 4, 86.4);
INSERT INTO workflows_Sila (task_ID, request_ID, developer_ID, workflow_status, assigned_by_ID, assigned_at, resolved_at) VALUES (2060, 2060, 3, 'RESOLVED', 1, '2026-07-04 16:03:35', '2026-07-05 16:03:35');
INSERT INTO request_notes_Sila (note_ID, request_ID, content, submitter_ID, is_internal, created_at) VALUES (2113, 2060, 'Mock not eklendi. Test amacli. (Note 0)', 3, TRUE, '2026-07-04 17:03:35');
INSERT INTO request_notes_Sila (note_ID, request_ID, content, submitter_ID, is_internal, created_at) VALUES (2114, 2060, 'Mock not eklendi. Test amacli. (Note 1)', 1, TRUE, '2026-07-04 18:03:35');
INSERT INTO request_notes_Sila (note_ID, request_ID, content, submitter_ID, is_internal, created_at) VALUES (2115, 2060, 'Mock not eklendi. Test amacli. (Note 2)', 3, FALSE, '2026-07-04 19:03:35');
INSERT INTO requests_Sila (request_ID, creator_ID, title, description, status, type, generated_id, final_priority_score, created_at) VALUES (2061, 32, 'Sayfa yuklenmiyor - Mock Dev 3 - 61', 'Veriler eksik geliyor, veritabani sorgusu optimize edilmeli.', 'ASSIGNED', 'SİSTEM_ÇÖKÜŞÜ', 'M-0061', 84.3, '2026-07-06 15:03:35');
INSERT INTO priorities_Sila (priority_ID, request_ID, company_points, product_mgr_score, software_mgr_score, priority_score) VALUES (2061, 2061, 90.8, 3, 5, 84.3);
INSERT INTO workflows_Sila (task_ID, request_ID, developer_ID, workflow_status, assigned_by_ID, assigned_at) VALUES (2061, 2061, 3, 'ASSIGNED', 1, '2026-07-06 16:03:35');
INSERT INTO request_notes_Sila (note_ID, request_ID, content, submitter_ID, is_internal, created_at) VALUES (2116, 2061, 'Mock not eklendi. Test amacli. (Note 0)', 3, FALSE, '2026-07-06 17:03:35');
INSERT INTO request_notes_Sila (note_ID, request_ID, content, submitter_ID, is_internal, created_at) VALUES (2117, 2061, 'Mock not eklendi. Test amacli. (Note 1)', 3, FALSE, '2026-07-06 18:03:35');
INSERT INTO requests_Sila (request_ID, creator_ID, title, description, status, type, generated_id, final_priority_score, created_at) VALUES (2062, 28, 'Raporlama modulu calismiyor - Mock Dev 3 - 62', 'Tasarim ekibi guncellemeyi talep etti.', 'ASSIGNED', 'YENİ_ÖZELLİK_EKLEME', 'M-0062', 85.4, '2026-07-11 15:03:35');
INSERT INTO priorities_Sila (priority_ID, request_ID, company_points, product_mgr_score, software_mgr_score, priority_score) VALUES (2062, 2062, 78.5, 5, 4, 85.4);
INSERT INTO workflows_Sila (task_ID, request_ID, developer_ID, workflow_status, assigned_by_ID, assigned_at) VALUES (2062, 2062, 3, 'ASSIGNED', 1, '2026-07-11 16:03:35');
INSERT INTO request_notes_Sila (note_ID, request_ID, content, submitter_ID, is_internal, created_at) VALUES (2118, 2062, 'Mock not eklendi. Test amacli. (Note 0)', 3, TRUE, '2026-07-11 17:03:35');
INSERT INTO requests_Sila (request_ID, creator_ID, title, description, status, type, generated_id, final_priority_score, created_at) VALUES (2063, 27, 'Mobil uyumluluk sorunu - Mock Dev 4 - 0', 'Veriler eksik geliyor, veritabani sorgusu optimize edilmeli.', 'ASSIGNED', 'DİĞER', 'M-0063', 79.6, '2026-07-03 15:03:35');
INSERT INTO priorities_Sila (priority_ID, request_ID, company_points, product_mgr_score, software_mgr_score, priority_score) VALUES (2063, 2063, 79.0, 3, 5, 79.6);
INSERT INTO workflows_Sila (task_ID, request_ID, developer_ID, workflow_status, assigned_by_ID, assigned_at) VALUES (2063, 2063, 4, 'ASSIGNED', 1, '2026-07-03 16:03:35');
INSERT INTO request_notes_Sila (note_ID, request_ID, content, submitter_ID, is_internal, created_at) VALUES (2119, 2063, 'Mock not eklendi. Test amacli. (Note 0)', 1, FALSE, '2026-07-03 17:03:35');
INSERT INTO request_notes_Sila (note_ID, request_ID, content, submitter_ID, is_internal, created_at) VALUES (2120, 2063, 'Mock not eklendi. Test amacli. (Note 1)', 1, TRUE, '2026-07-03 18:03:35');
INSERT INTO request_notes_Sila (note_ID, request_ID, content, submitter_ID, is_internal, created_at) VALUES (2121, 2063, 'Mock not eklendi. Test amacli. (Note 2)', 1, TRUE, '2026-07-03 19:03:35');
INSERT INTO requests_Sila (request_ID, creator_ID, title, description, status, type, generated_id, final_priority_score, created_at) VALUES (2064, 30, 'Sayfa yuklenmiyor - Mock Dev 4 - 1', 'Test ortaminda calisiyor ama canlida hata veriyor.', 'COMPLETED', 'GELİŞTİRME', 'M-0064', 93.6, '2026-07-09 15:03:35');
INSERT INTO priorities_Sila (priority_ID, request_ID, company_points, product_mgr_score, software_mgr_score, priority_score) VALUES (2064, 2064, 99.0, 4, 5, 93.6);
INSERT INTO workflows_Sila (task_ID, request_ID, developer_ID, workflow_status, assigned_by_ID, assigned_at, resolved_at) VALUES (2064, 2064, 4, 'RESOLVED', 1, '2026-07-09 16:03:35', '2026-07-14 16:03:35');
INSERT INTO request_notes_Sila (note_ID, request_ID, content, submitter_ID, is_internal, created_at) VALUES (2122, 2064, 'Mock not eklendi. Test amacli. (Note 0)', 1, TRUE, '2026-07-09 17:03:35');
INSERT INTO requests_Sila (request_ID, creator_ID, title, description, status, type, generated_id, final_priority_score, created_at) VALUES (2065, 31, '500 Internal Server Error - Mock Dev 4 - 2', 'Musteriler bu sorundan sikayetci, acil bakilmasi gerekiyor.', 'ASSIGNED', 'YENİ_ÖZELLİK_EKLEME', 'M-0065', 81.0, '2026-06-20 15:03:35');
INSERT INTO priorities_Sila (priority_ID, request_ID, company_points, product_mgr_score, software_mgr_score, priority_score) VALUES (2065, 2065, 82.4, 3, 5, 81.0);
INSERT INTO workflows_Sila (task_ID, request_ID, developer_ID, workflow_status, assigned_by_ID, assigned_at) VALUES (2065, 2065, 4, 'ASSIGNED', 1, '2026-06-20 16:03:35');
INSERT INTO request_notes_Sila (note_ID, request_ID, content, submitter_ID, is_internal, created_at) VALUES (2123, 2065, 'Mock not eklendi. Test amacli. (Note 0)', 1, FALSE, '2026-06-20 17:03:35');
INSERT INTO request_notes_Sila (note_ID, request_ID, content, submitter_ID, is_internal, created_at) VALUES (2124, 2065, 'Mock not eklendi. Test amacli. (Note 1)', 4, TRUE, '2026-06-20 18:03:35');
INSERT INTO requests_Sila (request_ID, creator_ID, title, description, status, type, generated_id, final_priority_score, created_at) VALUES (2066, 26, 'Arayuzde kayma var - Mock Dev 4 - 3', 'Sistemin genelini etkileyen bir yavaslik soz konusu.', 'COMPLETED', 'BUG_DÜZELTME', 'M-0066', 87.9, '2026-07-10 15:03:35');
INSERT INTO priorities_Sila (priority_ID, request_ID, company_points, product_mgr_score, software_mgr_score, priority_score) VALUES (2066, 2066, 99.9, 5, 3, 87.9);
INSERT INTO workflows_Sila (task_ID, request_ID, developer_ID, workflow_status, assigned_by_ID, assigned_at, resolved_at) VALUES (2066, 2066, 4, 'RESOLVED', 1, '2026-07-10 16:03:35', '2026-07-12 16:03:35');
INSERT INTO request_notes_Sila (note_ID, request_ID, content, submitter_ID, is_internal, created_at) VALUES (2125, 2066, 'Mock not eklendi. Test amacli. (Note 0)', 1, TRUE, '2026-07-10 17:03:35');
INSERT INTO requests_Sila (request_ID, creator_ID, title, description, status, type, generated_id, final_priority_score, created_at) VALUES (2067, 35, 'Kullanici girisi yavas - Mock Dev 4 - 4', 'Veriler eksik geliyor, veritabani sorgusu optimize edilmeli.', 'ASSIGNED', 'DİĞER', 'M-0067', 79.7, '2026-07-07 15:03:35');
INSERT INTO priorities_Sila (priority_ID, request_ID, company_points, product_mgr_score, software_mgr_score, priority_score) VALUES (2067, 2067, 79.2, 4, 4, 79.7);
INSERT INTO workflows_Sila (task_ID, request_ID, developer_ID, workflow_status, assigned_by_ID, assigned_at) VALUES (2067, 2067, 4, 'ASSIGNED', 1, '2026-07-07 16:03:35');
INSERT INTO request_notes_Sila (note_ID, request_ID, content, submitter_ID, is_internal, created_at) VALUES (2126, 2067, 'Mock not eklendi. Test amacli. (Note 0)', 1, TRUE, '2026-07-07 17:03:35');
INSERT INTO request_notes_Sila (note_ID, request_ID, content, submitter_ID, is_internal, created_at) VALUES (2127, 2067, 'Mock not eklendi. Test amacli. (Note 1)', 1, FALSE, '2026-07-07 18:03:35');
INSERT INTO requests_Sila (request_ID, creator_ID, title, description, status, type, generated_id, final_priority_score, created_at) VALUES (2068, 26, 'Arayuzde kayma var - Mock Dev 4 - 5', 'Loglarda NullPointerException gordum, ekteki dosyaya bakiniz.', 'COMPLETED', 'BUG_DÜZELTME', 'M-0068', 80.3, '2026-06-27 15:03:35');
INSERT INTO priorities_Sila (priority_ID, request_ID, company_points, product_mgr_score, software_mgr_score, priority_score) VALUES (2068, 2068, 80.8, 5, 3, 80.3);
INSERT INTO workflows_Sila (task_ID, request_ID, developer_ID, workflow_status, assigned_by_ID, assigned_at, resolved_at) VALUES (2068, 2068, 4, 'RESOLVED', 1, '2026-06-27 16:03:35', '2026-07-02 16:03:35');
INSERT INTO request_notes_Sila (note_ID, request_ID, content, submitter_ID, is_internal, created_at) VALUES (2128, 2068, 'Mock not eklendi. Test amacli. (Note 0)', 1, FALSE, '2026-06-27 17:03:35');
INSERT INTO request_notes_Sila (note_ID, request_ID, content, submitter_ID, is_internal, created_at) VALUES (2129, 2068, 'Mock not eklendi. Test amacli. (Note 1)', 1, FALSE, '2026-06-27 18:03:35');
INSERT INTO requests_Sila (request_ID, creator_ID, title, description, status, type, generated_id, final_priority_score, created_at) VALUES (2069, 32, 'Raporlama modulu calismiyor - Mock Dev 4 - 6', 'Dun yapilan guncellemeden sonra bozuldu.', 'COMPLETED', 'DİĞER', 'M-0069', 88.7, '2026-06-28 15:03:35');
INSERT INTO priorities_Sila (priority_ID, request_ID, company_points, product_mgr_score, software_mgr_score, priority_score) VALUES (2069, 2069, 71.7, 5, 5, 88.7);
INSERT INTO workflows_Sila (task_ID, request_ID, developer_ID, workflow_status, assigned_by_ID, assigned_at, resolved_at) VALUES (2069, 2069, 4, 'RESOLVED', 1, '2026-06-28 16:03:35', '2026-06-30 16:03:35');
INSERT INTO request_notes_Sila (note_ID, request_ID, content, submitter_ID, is_internal, created_at) VALUES (2130, 2069, 'Mock not eklendi. Test amacli. (Note 0)', 1, TRUE, '2026-06-28 17:03:35');
INSERT INTO request_notes_Sila (note_ID, request_ID, content, submitter_ID, is_internal, created_at) VALUES (2131, 2069, 'Mock not eklendi. Test amacli. (Note 1)', 1, TRUE, '2026-06-28 18:03:35');
INSERT INTO request_notes_Sila (note_ID, request_ID, content, submitter_ID, is_internal, created_at) VALUES (2132, 2069, 'Mock not eklendi. Test amacli. (Note 2)', 4, TRUE, '2026-06-28 19:03:35');
INSERT INTO requests_Sila (request_ID, creator_ID, title, description, status, type, generated_id, final_priority_score, created_at) VALUES (2070, 35, 'Mobil uyumluluk sorunu - Mock Dev 4 - 7', 'Musteriler bu sorundan sikayetci, acil bakilmasi gerekiyor.', 'ASSIGNED', 'ENTEGRASYON_SIKINTILARI', 'M-0070', 83.4, '2026-06-25 15:03:35');
INSERT INTO priorities_Sila (priority_ID, request_ID, company_points, product_mgr_score, software_mgr_score, priority_score) VALUES (2070, 2070, 73.4, 4, 5, 83.4);
INSERT INTO workflows_Sila (task_ID, request_ID, developer_ID, workflow_status, assigned_by_ID, assigned_at) VALUES (2070, 2070, 4, 'ASSIGNED', 1, '2026-06-25 16:03:35');
INSERT INTO request_notes_Sila (note_ID, request_ID, content, submitter_ID, is_internal, created_at) VALUES (2133, 2070, 'Mock not eklendi. Test amacli. (Note 0)', 4, FALSE, '2026-06-25 17:03:35');
INSERT INTO request_notes_Sila (note_ID, request_ID, content, submitter_ID, is_internal, created_at) VALUES (2134, 2070, 'Mock not eklendi. Test amacli. (Note 1)', 1, FALSE, '2026-06-25 18:03:35');
INSERT INTO requests_Sila (request_ID, creator_ID, title, description, status, type, generated_id, final_priority_score, created_at) VALUES (2071, 34, 'Raporlama modulu calismiyor - Mock Dev 4 - 8', 'Dun yapilan guncellemeden sonra bozuldu.', 'ASSIGNED', 'YENİ_ÖZELLİK_EKLEME', 'M-0071', 93.9, '2026-07-18 15:03:35');
INSERT INTO priorities_Sila (priority_ID, request_ID, company_points, product_mgr_score, software_mgr_score, priority_score) VALUES (2071, 2071, 99.7, 5, 4, 93.9);
INSERT INTO workflows_Sila (task_ID, request_ID, developer_ID, workflow_status, assigned_by_ID, assigned_at) VALUES (2071, 2071, 4, 'ASSIGNED', 1, '2026-07-18 16:03:35');
INSERT INTO request_notes_Sila (note_ID, request_ID, content, submitter_ID, is_internal, created_at) VALUES (2135, 2071, 'Mock not eklendi. Test amacli. (Note 0)', 1, TRUE, '2026-07-18 17:03:35');
INSERT INTO request_notes_Sila (note_ID, request_ID, content, submitter_ID, is_internal, created_at) VALUES (2136, 2071, 'Mock not eklendi. Test amacli. (Note 1)', 1, TRUE, '2026-07-18 18:03:35');
INSERT INTO requests_Sila (request_ID, creator_ID, title, description, status, type, generated_id, final_priority_score, created_at) VALUES (2072, 31, 'Sayfa yuklenmiyor - Mock Dev 4 - 9', 'Performans cok dusuk.', 'COMPLETED', 'BUG_DÜZELTME', 'M-0072', 82.6, '2026-06-30 15:03:35');
INSERT INTO priorities_Sila (priority_ID, request_ID, company_points, product_mgr_score, software_mgr_score, priority_score) VALUES (2072, 2072, 86.5, 3, 5, 82.6);
INSERT INTO workflows_Sila (task_ID, request_ID, developer_ID, workflow_status, assigned_by_ID, assigned_at, resolved_at) VALUES (2072, 2072, 4, 'RESOLVED', 1, '2026-06-30 16:03:35', '2026-07-01 16:03:35');
INSERT INTO request_notes_Sila (note_ID, request_ID, content, submitter_ID, is_internal, created_at) VALUES (2137, 2072, 'Mock not eklendi. Test amacli. (Note 0)', 1, TRUE, '2026-06-30 17:03:35');
INSERT INTO requests_Sila (request_ID, creator_ID, title, description, status, type, generated_id, final_priority_score, created_at) VALUES (2073, 34, 'Raporlama modulu calismiyor - Mock Dev 4 - 10', 'Test ortaminda calisiyor ama canlida hata veriyor.', 'ASSIGNED', 'DİĞER', 'M-0073', 79.1, '2026-07-19 15:03:35');
INSERT INTO priorities_Sila (priority_ID, request_ID, company_points, product_mgr_score, software_mgr_score, priority_score) VALUES (2073, 2073, 77.7, 4, 4, 79.1);
INSERT INTO workflows_Sila (task_ID, request_ID, developer_ID, workflow_status, assigned_by_ID, assigned_at) VALUES (2073, 2073, 4, 'ASSIGNED', 1, '2026-07-19 16:03:35');
INSERT INTO request_notes_Sila (note_ID, request_ID, content, submitter_ID, is_internal, created_at) VALUES (2138, 2073, 'Mock not eklendi. Test amacli. (Note 0)', 4, TRUE, '2026-07-19 17:03:35');
INSERT INTO requests_Sila (request_ID, creator_ID, title, description, status, type, generated_id, final_priority_score, created_at) VALUES (2074, 26, '500 Internal Server Error - Mock Dev 4 - 11', 'Veriler eksik geliyor, veritabani sorgusu optimize edilmeli.', 'ASSIGNED', 'BUG_DÜZELTME', 'M-0074', 68.6, '2026-07-12 15:03:35');
INSERT INTO priorities_Sila (priority_ID, request_ID, company_points, product_mgr_score, software_mgr_score, priority_score) VALUES (2074, 2074, 81.5, 3, 3, 68.6);
INSERT INTO workflows_Sila (task_ID, request_ID, developer_ID, workflow_status, assigned_by_ID, assigned_at) VALUES (2074, 2074, 4, 'ASSIGNED', 1, '2026-07-12 16:03:35');
INSERT INTO request_notes_Sila (note_ID, request_ID, content, submitter_ID, is_internal, created_at) VALUES (2139, 2074, 'Mock not eklendi. Test amacli. (Note 0)', 1, FALSE, '2026-07-12 17:03:35');
INSERT INTO request_notes_Sila (note_ID, request_ID, content, submitter_ID, is_internal, created_at) VALUES (2140, 2074, 'Mock not eklendi. Test amacli. (Note 1)', 1, TRUE, '2026-07-12 18:03:35');
INSERT INTO request_notes_Sila (note_ID, request_ID, content, submitter_ID, is_internal, created_at) VALUES (2141, 2074, 'Mock not eklendi. Test amacli. (Note 2)', 4, TRUE, '2026-07-12 19:03:35');
INSERT INTO requests_Sila (request_ID, creator_ID, title, description, status, type, generated_id, final_priority_score, created_at) VALUES (2075, 27, '500 Internal Server Error - Mock Dev 4 - 12', 'Dun yapilan guncellemeden sonra bozuldu.', 'ASSIGNED', 'YENİ_ÖZELLİK_EKLEME', 'M-0075', 85.9, '2026-06-20 15:03:35');
INSERT INTO priorities_Sila (priority_ID, request_ID, company_points, product_mgr_score, software_mgr_score, priority_score) VALUES (2075, 2075, 79.8, 5, 4, 85.9);
INSERT INTO workflows_Sila (task_ID, request_ID, developer_ID, workflow_status, assigned_by_ID, assigned_at) VALUES (2075, 2075, 4, 'ASSIGNED', 1, '2026-06-20 16:03:35');
INSERT INTO request_notes_Sila (note_ID, request_ID, content, submitter_ID, is_internal, created_at) VALUES (2142, 2075, 'Mock not eklendi. Test amacli. (Note 0)', 4, FALSE, '2026-06-20 17:03:35');
INSERT INTO request_notes_Sila (note_ID, request_ID, content, submitter_ID, is_internal, created_at) VALUES (2143, 2075, 'Mock not eklendi. Test amacli. (Note 1)', 4, TRUE, '2026-06-20 18:03:35');
INSERT INTO requests_Sila (request_ID, creator_ID, title, description, status, type, generated_id, final_priority_score, created_at) VALUES (2076, 31, 'Veri kaybi yasaniyor - Mock Dev 4 - 13', 'Test ortaminda calisiyor ama canlida hata veriyor.', 'ASSIGNED', 'SİSTEM_ÇÖKÜŞÜ', 'M-0076', 75.0, '2026-07-14 15:03:35');
INSERT INTO priorities_Sila (priority_ID, request_ID, company_points, product_mgr_score, software_mgr_score, priority_score) VALUES (2076, 2076, 97.6, 3, 3, 75.0);
INSERT INTO workflows_Sila (task_ID, request_ID, developer_ID, workflow_status, assigned_by_ID, assigned_at) VALUES (2076, 2076, 4, 'ASSIGNED', 1, '2026-07-14 16:03:35');
INSERT INTO request_notes_Sila (note_ID, request_ID, content, submitter_ID, is_internal, created_at) VALUES (2144, 2076, 'Mock not eklendi. Test amacli. (Note 0)', 4, TRUE, '2026-07-14 17:03:35');
INSERT INTO requests_Sila (request_ID, creator_ID, title, description, status, type, generated_id, final_priority_score, created_at) VALUES (2077, 35, 'Sifre sifirlama maili gelmiyor - Mock Dev 4 - 14', 'Test ortaminda calisiyor ama canlida hata veriyor.', 'ASSIGNED', 'YENİ_ÖZELLİK_EKLEME', 'M-0077', 76.7, '2026-06-30 15:03:35');
INSERT INTO priorities_Sila (priority_ID, request_ID, company_points, product_mgr_score, software_mgr_score, priority_score) VALUES (2077, 2077, 86.8, 4, 3, 76.7);
INSERT INTO workflows_Sila (task_ID, request_ID, developer_ID, workflow_status, assigned_by_ID, assigned_at) VALUES (2077, 2077, 4, 'ASSIGNED', 1, '2026-06-30 16:03:35');
INSERT INTO request_notes_Sila (note_ID, request_ID, content, submitter_ID, is_internal, created_at) VALUES (2145, 2077, 'Mock not eklendi. Test amacli. (Note 0)', 4, FALSE, '2026-06-30 17:03:35');
INSERT INTO request_notes_Sila (note_ID, request_ID, content, submitter_ID, is_internal, created_at) VALUES (2146, 2077, 'Mock not eklendi. Test amacli. (Note 1)', 4, FALSE, '2026-06-30 18:03:35');
INSERT INTO request_notes_Sila (note_ID, request_ID, content, submitter_ID, is_internal, created_at) VALUES (2147, 2077, 'Mock not eklendi. Test amacli. (Note 2)', 4, TRUE, '2026-06-30 19:03:35');
INSERT INTO requests_Sila (request_ID, creator_ID, title, description, status, type, generated_id, final_priority_score, created_at) VALUES (2078, 31, 'Arayuzde kayma var - Mock Dev 4 - 15', 'Dun yapilan guncellemeden sonra bozuldu.', 'COMPLETED', 'YENİ_ÖZELLİK_EKLEME', 'M-0078', 95.9, '2026-07-11 15:03:35');
INSERT INTO priorities_Sila (priority_ID, request_ID, company_points, product_mgr_score, software_mgr_score, priority_score) VALUES (2078, 2078, 89.8, 5, 5, 95.9);
INSERT INTO workflows_Sila (task_ID, request_ID, developer_ID, workflow_status, assigned_by_ID, assigned_at, resolved_at) VALUES (2078, 2078, 4, 'RESOLVED', 1, '2026-07-11 16:03:35', '2026-07-15 16:03:35');
INSERT INTO request_notes_Sila (note_ID, request_ID, content, submitter_ID, is_internal, created_at) VALUES (2148, 2078, 'Mock not eklendi. Test amacli. (Note 0)', 1, FALSE, '2026-07-11 17:03:35');
INSERT INTO request_notes_Sila (note_ID, request_ID, content, submitter_ID, is_internal, created_at) VALUES (2149, 2078, 'Mock not eklendi. Test amacli. (Note 1)', 4, TRUE, '2026-07-11 18:03:35');
INSERT INTO requests_Sila (request_ID, creator_ID, title, description, status, type, generated_id, final_priority_score, created_at) VALUES (2079, 27, 'Raporlama modulu calismiyor - Mock Dev 4 - 16', 'Tasarim ekibi guncellemeyi talep etti.', 'ASSIGNED', 'BUG_DÜZELTME', 'M-0079', 87.9, '2026-07-03 15:03:35');
INSERT INTO priorities_Sila (priority_ID, request_ID, company_points, product_mgr_score, software_mgr_score, priority_score) VALUES (2079, 2079, 99.8, 5, 3, 87.9);
INSERT INTO workflows_Sila (task_ID, request_ID, developer_ID, workflow_status, assigned_by_ID, assigned_at) VALUES (2079, 2079, 4, 'ASSIGNED', 1, '2026-07-03 16:03:35');
INSERT INTO request_notes_Sila (note_ID, request_ID, content, submitter_ID, is_internal, created_at) VALUES (2150, 2079, 'Mock not eklendi. Test amacli. (Note 0)', 4, FALSE, '2026-07-03 17:03:35');
INSERT INTO request_notes_Sila (note_ID, request_ID, content, submitter_ID, is_internal, created_at) VALUES (2151, 2079, 'Mock not eklendi. Test amacli. (Note 1)', 1, FALSE, '2026-07-03 18:03:35');
INSERT INTO request_notes_Sila (note_ID, request_ID, content, submitter_ID, is_internal, created_at) VALUES (2152, 2079, 'Mock not eklendi. Test amacli. (Note 2)', 4, TRUE, '2026-07-03 19:03:35');
INSERT INTO requests_Sila (request_ID, creator_ID, title, description, status, type, generated_id, final_priority_score, created_at) VALUES (2080, 29, 'Yeni buton eklenmesi - Mock Dev 4 - 17', 'Dun yapilan guncellemeden sonra bozuldu.', 'COMPLETED', 'VERİ_KAYBI', 'M-0080', 89.5, '2026-07-10 15:03:35');
INSERT INTO priorities_Sila (priority_ID, request_ID, company_points, product_mgr_score, software_mgr_score, priority_score) VALUES (2080, 2080, 88.8, 4, 5, 89.5);
INSERT INTO workflows_Sila (task_ID, request_ID, developer_ID, workflow_status, assigned_by_ID, assigned_at, resolved_at) VALUES (2080, 2080, 4, 'RESOLVED', 1, '2026-07-10 16:03:35', '2026-07-11 16:03:35');
INSERT INTO request_notes_Sila (note_ID, request_ID, content, submitter_ID, is_internal, created_at) VALUES (2153, 2080, 'Mock not eklendi. Test amacli. (Note 0)', 4, FALSE, '2026-07-10 17:03:35');
INSERT INTO request_notes_Sila (note_ID, request_ID, content, submitter_ID, is_internal, created_at) VALUES (2154, 2080, 'Mock not eklendi. Test amacli. (Note 1)', 1, TRUE, '2026-07-10 18:03:35');
INSERT INTO request_notes_Sila (note_ID, request_ID, content, submitter_ID, is_internal, created_at) VALUES (2155, 2080, 'Mock not eklendi. Test amacli. (Note 2)', 4, FALSE, '2026-07-10 19:03:35');
INSERT INTO requests_Sila (request_ID, creator_ID, title, description, status, type, generated_id, final_priority_score, created_at) VALUES (2081, 35, 'Mobil uyumluluk sorunu - Mock Dev 4 - 18', 'Sistemin genelini etkileyen bir yavaslik soz konusu.', 'ASSIGNED', 'VERİ_KAYBI', 'M-0081', 73.4, '2026-07-04 15:03:35');
INSERT INTO priorities_Sila (priority_ID, request_ID, company_points, product_mgr_score, software_mgr_score, priority_score) VALUES (2081, 2081, 93.6, 3, 3, 73.4);
INSERT INTO workflows_Sila (task_ID, request_ID, developer_ID, workflow_status, assigned_by_ID, assigned_at) VALUES (2081, 2081, 4, 'ASSIGNED', 1, '2026-07-04 16:03:35');
INSERT INTO request_notes_Sila (note_ID, request_ID, content, submitter_ID, is_internal, created_at) VALUES (2156, 2081, 'Mock not eklendi. Test amacli. (Note 0)', 1, FALSE, '2026-07-04 17:03:35');
INSERT INTO request_notes_Sila (note_ID, request_ID, content, submitter_ID, is_internal, created_at) VALUES (2157, 2081, 'Mock not eklendi. Test amacli. (Note 1)', 1, TRUE, '2026-07-04 18:03:35');
INSERT INTO request_notes_Sila (note_ID, request_ID, content, submitter_ID, is_internal, created_at) VALUES (2158, 2081, 'Mock not eklendi. Test amacli. (Note 2)', 1, FALSE, '2026-07-04 19:03:35');
INSERT INTO requests_Sila (request_ID, creator_ID, title, description, status, type, generated_id, final_priority_score, created_at) VALUES (2082, 30, '500 Internal Server Error - Mock Dev 4 - 19', 'Musteriler bu sorundan sikayetci, acil bakilmasi gerekiyor.', 'COMPLETED', 'ENTEGRASYON_SIKINTILARI', 'M-0082', 90.7, '2026-07-09 15:03:35');
INSERT INTO priorities_Sila (priority_ID, request_ID, company_points, product_mgr_score, software_mgr_score, priority_score) VALUES (2082, 2082, 76.7, 5, 5, 90.7);
INSERT INTO workflows_Sila (task_ID, request_ID, developer_ID, workflow_status, assigned_by_ID, assigned_at, resolved_at) VALUES (2082, 2082, 4, 'RESOLVED', 1, '2026-07-09 16:03:35', '2026-07-13 16:03:35');
INSERT INTO request_notes_Sila (note_ID, request_ID, content, submitter_ID, is_internal, created_at) VALUES (2159, 2082, 'Mock not eklendi. Test amacli. (Note 0)', 1, FALSE, '2026-07-09 17:03:35');
INSERT INTO request_notes_Sila (note_ID, request_ID, content, submitter_ID, is_internal, created_at) VALUES (2160, 2082, 'Mock not eklendi. Test amacli. (Note 1)', 4, TRUE, '2026-07-09 18:03:35');
INSERT INTO requests_Sila (request_ID, creator_ID, title, description, status, type, generated_id, final_priority_score, created_at) VALUES (2083, 26, 'Veritabani baglanti hatasi - Mock Dev 4 - 20', 'Performans cok dusuk.', 'ASSIGNED', 'DİĞER', 'M-0083', 80.6, '2026-07-07 15:03:35');
INSERT INTO priorities_Sila (priority_ID, request_ID, company_points, product_mgr_score, software_mgr_score, priority_score) VALUES (2083, 2083, 81.5, 5, 3, 80.6);
INSERT INTO workflows_Sila (task_ID, request_ID, developer_ID, workflow_status, assigned_by_ID, assigned_at) VALUES (2083, 2083, 4, 'ASSIGNED', 1, '2026-07-07 16:03:35');
INSERT INTO request_notes_Sila (note_ID, request_ID, content, submitter_ID, is_internal, created_at) VALUES (2161, 2083, 'Mock not eklendi. Test amacli. (Note 0)', 4, FALSE, '2026-07-07 17:03:35');
INSERT INTO requests_Sila (request_ID, creator_ID, title, description, status, type, generated_id, final_priority_score, created_at) VALUES (2084, 32, 'Veritabani baglanti hatasi - Mock Dev 4 - 21', 'Loglarda NullPointerException gordum, ekteki dosyaya bakiniz.', 'ASSIGNED', 'GELİŞTİRME', 'M-0084', 91.5, '2026-07-08 15:03:35');
INSERT INTO priorities_Sila (priority_ID, request_ID, company_points, product_mgr_score, software_mgr_score, priority_score) VALUES (2084, 2084, 78.8, 5, 5, 91.5);
INSERT INTO workflows_Sila (task_ID, request_ID, developer_ID, workflow_status, assigned_by_ID, assigned_at) VALUES (2084, 2084, 4, 'ASSIGNED', 1, '2026-07-08 16:03:35');
INSERT INTO request_notes_Sila (note_ID, request_ID, content, submitter_ID, is_internal, created_at) VALUES (2162, 2084, 'Mock not eklendi. Test amacli. (Note 0)', 1, TRUE, '2026-07-08 17:03:35');
INSERT INTO request_notes_Sila (note_ID, request_ID, content, submitter_ID, is_internal, created_at) VALUES (2163, 2084, 'Mock not eklendi. Test amacli. (Note 1)', 1, FALSE, '2026-07-08 18:03:35');
INSERT INTO requests_Sila (request_ID, creator_ID, title, description, status, type, generated_id, final_priority_score, created_at) VALUES (2085, 30, 'Yeni buton eklenmesi - Mock Dev 4 - 22', 'Loglarda NullPointerException gordum, ekteki dosyaya bakiniz.', 'ASSIGNED', 'DİĞER', 'M-0085', 74.7, '2026-07-18 15:03:35');
INSERT INTO priorities_Sila (priority_ID, request_ID, company_points, product_mgr_score, software_mgr_score, priority_score) VALUES (2085, 2085, 81.7, 4, 3, 74.7);
INSERT INTO workflows_Sila (task_ID, request_ID, developer_ID, workflow_status, assigned_by_ID, assigned_at) VALUES (2085, 2085, 4, 'ASSIGNED', 1, '2026-07-18 16:03:35');
INSERT INTO request_notes_Sila (note_ID, request_ID, content, submitter_ID, is_internal, created_at) VALUES (2164, 2085, 'Mock not eklendi. Test amacli. (Note 0)', 1, TRUE, '2026-07-18 17:03:35');
INSERT INTO requests_Sila (request_ID, creator_ID, title, description, status, type, generated_id, final_priority_score, created_at) VALUES (2086, 33, 'Mobil uyumluluk sorunu - Mock Dev 4 - 23', 'Performans cok dusuk.', 'ASSIGNED', 'GELİŞTİRME', 'M-0086', 78.8, '2026-07-07 15:03:35');
INSERT INTO priorities_Sila (priority_ID, request_ID, company_points, product_mgr_score, software_mgr_score, priority_score) VALUES (2086, 2086, 92.0, 4, 3, 78.8);
INSERT INTO workflows_Sila (task_ID, request_ID, developer_ID, workflow_status, assigned_by_ID, assigned_at) VALUES (2086, 2086, 4, 'ASSIGNED', 1, '2026-07-07 16:03:35');
INSERT INTO request_notes_Sila (note_ID, request_ID, content, submitter_ID, is_internal, created_at) VALUES (2165, 2086, 'Mock not eklendi. Test amacli. (Note 0)', 1, FALSE, '2026-07-07 17:03:35');
INSERT INTO requests_Sila (request_ID, creator_ID, title, description, status, type, generated_id, final_priority_score, created_at) VALUES (2087, 28, 'Veritabani baglanti hatasi - Mock Dev 4 - 24', 'Dun yapilan guncellemeden sonra bozuldu.', 'COMPLETED', 'SİSTEM_ÇÖKÜŞÜ', 'M-0087', 75.3, '2026-07-07 15:03:35');
INSERT INTO priorities_Sila (priority_ID, request_ID, company_points, product_mgr_score, software_mgr_score, priority_score) VALUES (2087, 2087, 98.2, 3, 3, 75.3);
INSERT INTO workflows_Sila (task_ID, request_ID, developer_ID, workflow_status, assigned_by_ID, assigned_at, resolved_at) VALUES (2087, 2087, 4, 'RESOLVED', 1, '2026-07-07 16:03:35', '2026-07-11 16:03:35');
INSERT INTO request_notes_Sila (note_ID, request_ID, content, submitter_ID, is_internal, created_at) VALUES (2166, 2087, 'Mock not eklendi. Test amacli. (Note 0)', 4, TRUE, '2026-07-07 17:03:35');
INSERT INTO request_notes_Sila (note_ID, request_ID, content, submitter_ID, is_internal, created_at) VALUES (2167, 2087, 'Mock not eklendi. Test amacli. (Note 1)', 1, TRUE, '2026-07-07 18:03:35');
INSERT INTO request_notes_Sila (note_ID, request_ID, content, submitter_ID, is_internal, created_at) VALUES (2168, 2087, 'Mock not eklendi. Test amacli. (Note 2)', 4, TRUE, '2026-07-07 19:03:35');
INSERT INTO requests_Sila (request_ID, creator_ID, title, description, status, type, generated_id, final_priority_score, created_at) VALUES (2088, 31, 'Veritabani baglanti hatasi - Mock Dev 4 - 25', 'Dun yapilan guncellemeden sonra bozuldu.', 'COMPLETED', 'YENİ_ÖZELLİK_EKLEME', 'M-0088', 79.4, '2026-06-22 15:03:35');
INSERT INTO priorities_Sila (priority_ID, request_ID, company_points, product_mgr_score, software_mgr_score, priority_score) VALUES (2088, 2088, 78.5, 3, 5, 79.4);
INSERT INTO workflows_Sila (task_ID, request_ID, developer_ID, workflow_status, assigned_by_ID, assigned_at, resolved_at) VALUES (2088, 2088, 4, 'RESOLVED', 1, '2026-06-22 16:03:35', '2026-06-27 16:03:35');
INSERT INTO request_notes_Sila (note_ID, request_ID, content, submitter_ID, is_internal, created_at) VALUES (2169, 2088, 'Mock not eklendi. Test amacli. (Note 0)', 4, FALSE, '2026-06-22 17:03:35');
INSERT INTO request_notes_Sila (note_ID, request_ID, content, submitter_ID, is_internal, created_at) VALUES (2170, 2088, 'Mock not eklendi. Test amacli. (Note 1)', 1, FALSE, '2026-06-22 18:03:35');
INSERT INTO request_notes_Sila (note_ID, request_ID, content, submitter_ID, is_internal, created_at) VALUES (2171, 2088, 'Mock not eklendi. Test amacli. (Note 2)', 1, FALSE, '2026-06-22 19:03:35');
INSERT INTO requests_Sila (request_ID, creator_ID, title, description, status, type, generated_id, final_priority_score, created_at) VALUES (2089, 34, 'Sayfa yuklenmiyor - Mock Dev 4 - 26', 'Dun yapilan guncellemeden sonra bozuldu.', 'ASSIGNED', 'GELİŞTİRME', 'M-0089', 85.6, '2026-06-23 15:03:35');
INSERT INTO priorities_Sila (priority_ID, request_ID, company_points, product_mgr_score, software_mgr_score, priority_score) VALUES (2089, 2089, 94.0, 5, 3, 85.6);
INSERT INTO workflows_Sila (task_ID, request_ID, developer_ID, workflow_status, assigned_by_ID, assigned_at) VALUES (2089, 2089, 4, 'ASSIGNED', 1, '2026-06-23 16:03:35');
INSERT INTO request_notes_Sila (note_ID, request_ID, content, submitter_ID, is_internal, created_at) VALUES (2172, 2089, 'Mock not eklendi. Test amacli. (Note 0)', 4, TRUE, '2026-06-23 17:03:35');
INSERT INTO requests_Sila (request_ID, creator_ID, title, description, status, type, generated_id, final_priority_score, created_at) VALUES (2090, 30, 'Mobil uyumluluk sorunu - Mock Dev 4 - 27', 'Musteriler bu sorundan sikayetci, acil bakilmasi gerekiyor.', 'ASSIGNED', 'VERİ_KAYBI', 'M-0090', 84.3, '2026-07-18 15:03:35');
INSERT INTO priorities_Sila (priority_ID, request_ID, company_points, product_mgr_score, software_mgr_score, priority_score) VALUES (2090, 2090, 90.7, 5, 3, 84.3);
INSERT INTO workflows_Sila (task_ID, request_ID, developer_ID, workflow_status, assigned_by_ID, assigned_at) VALUES (2090, 2090, 4, 'ASSIGNED', 1, '2026-07-18 16:03:35');
INSERT INTO request_notes_Sila (note_ID, request_ID, content, submitter_ID, is_internal, created_at) VALUES (2173, 2090, 'Mock not eklendi. Test amacli. (Note 0)', 1, FALSE, '2026-07-18 17:03:35');
INSERT INTO requests_Sila (request_ID, creator_ID, title, description, status, type, generated_id, final_priority_score, created_at) VALUES (2091, 32, 'Kullanici girisi yavas - Mock Dev 4 - 28', 'Dun yapilan guncellemeden sonra bozuldu.', 'ASSIGNED', 'SİSTEM_ÇÖKÜŞÜ', 'M-0091', 94.8, '2026-06-24 15:03:35');
INSERT INTO priorities_Sila (priority_ID, request_ID, company_points, product_mgr_score, software_mgr_score, priority_score) VALUES (2091, 2091, 87.1, 5, 5, 94.8);
INSERT INTO workflows_Sila (task_ID, request_ID, developer_ID, workflow_status, assigned_by_ID, assigned_at) VALUES (2091, 2091, 4, 'ASSIGNED', 1, '2026-06-24 16:03:35');
INSERT INTO request_notes_Sila (note_ID, request_ID, content, submitter_ID, is_internal, created_at) VALUES (2174, 2091, 'Mock not eklendi. Test amacli. (Note 0)', 1, TRUE, '2026-06-24 17:03:35');
INSERT INTO request_notes_Sila (note_ID, request_ID, content, submitter_ID, is_internal, created_at) VALUES (2175, 2091, 'Mock not eklendi. Test amacli. (Note 1)', 1, FALSE, '2026-06-24 18:03:35');
INSERT INTO request_notes_Sila (note_ID, request_ID, content, submitter_ID, is_internal, created_at) VALUES (2176, 2091, 'Mock not eklendi. Test amacli. (Note 2)', 4, FALSE, '2026-06-24 19:03:35');
INSERT INTO requests_Sila (request_ID, creator_ID, title, description, status, type, generated_id, final_priority_score, created_at) VALUES (2092, 33, 'Yeni buton eklenmesi - Mock Dev 4 - 29', 'Veriler eksik geliyor, veritabani sorgusu optimize edilmeli.', 'ASSIGNED', 'YENİ_ÖZELLİK_EKLEME', 'M-0092', 81.7, '2026-07-05 15:03:35');
INSERT INTO priorities_Sila (priority_ID, request_ID, company_points, product_mgr_score, software_mgr_score, priority_score) VALUES (2092, 2092, 84.4, 5, 3, 81.7);
INSERT INTO workflows_Sila (task_ID, request_ID, developer_ID, workflow_status, assigned_by_ID, assigned_at) VALUES (2092, 2092, 4, 'ASSIGNED', 1, '2026-07-05 16:03:35');
INSERT INTO request_notes_Sila (note_ID, request_ID, content, submitter_ID, is_internal, created_at) VALUES (2177, 2092, 'Mock not eklendi. Test amacli. (Note 0)', 4, TRUE, '2026-07-05 17:03:35');
INSERT INTO request_notes_Sila (note_ID, request_ID, content, submitter_ID, is_internal, created_at) VALUES (2178, 2092, 'Mock not eklendi. Test amacli. (Note 1)', 4, TRUE, '2026-07-05 18:03:35');
INSERT INTO requests_Sila (request_ID, creator_ID, title, description, status, type, generated_id, final_priority_score, created_at) VALUES (2093, 26, 'Yeni buton eklenmesi - Mock Dev 4 - 30', 'Tasarim ekibi guncellemeyi talep etti.', 'COMPLETED', 'VERİ_KAYBI', 'M-0093', 86.8, '2026-07-14 15:03:35');
INSERT INTO priorities_Sila (priority_ID, request_ID, company_points, product_mgr_score, software_mgr_score, priority_score) VALUES (2093, 2093, 96.9, 4, 4, 86.8);
INSERT INTO workflows_Sila (task_ID, request_ID, developer_ID, workflow_status, assigned_by_ID, assigned_at, resolved_at) VALUES (2093, 2093, 4, 'RESOLVED', 1, '2026-07-14 16:03:35', '2026-07-17 16:03:35');
INSERT INTO request_notes_Sila (note_ID, request_ID, content, submitter_ID, is_internal, created_at) VALUES (2179, 2093, 'Mock not eklendi. Test amacli. (Note 0)', 1, FALSE, '2026-07-14 17:03:35');
INSERT INTO request_notes_Sila (note_ID, request_ID, content, submitter_ID, is_internal, created_at) VALUES (2180, 2093, 'Mock not eklendi. Test amacli. (Note 1)', 4, FALSE, '2026-07-14 18:03:35');
INSERT INTO request_notes_Sila (note_ID, request_ID, content, submitter_ID, is_internal, created_at) VALUES (2181, 2093, 'Mock not eklendi. Test amacli. (Note 2)', 1, TRUE, '2026-07-14 19:03:35');
INSERT INTO requests_Sila (request_ID, creator_ID, title, description, status, type, generated_id, final_priority_score, created_at) VALUES (2094, 28, 'Yeni buton eklenmesi - Mock Dev 4 - 31', 'Tasarim ekibi guncellemeyi talep etti.', 'ASSIGNED', 'DİĞER', 'M-0094', 73.9, '2026-07-14 15:03:35');
INSERT INTO priorities_Sila (priority_ID, request_ID, company_points, product_mgr_score, software_mgr_score, priority_score) VALUES (2094, 2094, 94.8, 3, 3, 73.9);
INSERT INTO workflows_Sila (task_ID, request_ID, developer_ID, workflow_status, assigned_by_ID, assigned_at) VALUES (2094, 2094, 4, 'ASSIGNED', 1, '2026-07-14 16:03:35');
INSERT INTO request_notes_Sila (note_ID, request_ID, content, submitter_ID, is_internal, created_at) VALUES (2182, 2094, 'Mock not eklendi. Test amacli. (Note 0)', 4, FALSE, '2026-07-14 17:03:35');
INSERT INTO request_notes_Sila (note_ID, request_ID, content, submitter_ID, is_internal, created_at) VALUES (2183, 2094, 'Mock not eklendi. Test amacli. (Note 1)', 1, TRUE, '2026-07-14 18:03:35');
INSERT INTO requests_Sila (request_ID, creator_ID, title, description, status, type, generated_id, final_priority_score, created_at) VALUES (2095, 26, 'Arayuzde kayma var - Mock Dev 4 - 32', 'Veriler eksik geliyor, veritabani sorgusu optimize edilmeli.', 'ASSIGNED', 'GELİŞTİRME', 'M-0095', 80.5, '2026-06-23 15:03:35');
INSERT INTO priorities_Sila (priority_ID, request_ID, company_points, product_mgr_score, software_mgr_score, priority_score) VALUES (2095, 2095, 96.2, 3, 4, 80.5);
INSERT INTO workflows_Sila (task_ID, request_ID, developer_ID, workflow_status, assigned_by_ID, assigned_at) VALUES (2095, 2095, 4, 'ASSIGNED', 1, '2026-06-23 16:03:35');
INSERT INTO request_notes_Sila (note_ID, request_ID, content, submitter_ID, is_internal, created_at) VALUES (2184, 2095, 'Mock not eklendi. Test amacli. (Note 0)', 1, TRUE, '2026-06-23 17:03:35');
INSERT INTO request_notes_Sila (note_ID, request_ID, content, submitter_ID, is_internal, created_at) VALUES (2185, 2095, 'Mock not eklendi. Test amacli. (Note 1)', 1, FALSE, '2026-06-23 18:03:35');
INSERT INTO request_notes_Sila (note_ID, request_ID, content, submitter_ID, is_internal, created_at) VALUES (2186, 2095, 'Mock not eklendi. Test amacli. (Note 2)', 1, TRUE, '2026-06-23 19:03:35');
INSERT INTO requests_Sila (request_ID, creator_ID, title, description, status, type, generated_id, final_priority_score, created_at) VALUES (2096, 28, '500 Internal Server Error - Mock Dev 4 - 33', 'Dun yapilan guncellemeden sonra bozuldu.', 'COMPLETED', 'BUG_DÜZELTME', 'M-0096', 77.0, '2026-06-24 15:03:35');
INSERT INTO priorities_Sila (priority_ID, request_ID, company_points, product_mgr_score, software_mgr_score, priority_score) VALUES (2096, 2096, 87.4, 3, 4, 77.0);
INSERT INTO workflows_Sila (task_ID, request_ID, developer_ID, workflow_status, assigned_by_ID, assigned_at, resolved_at) VALUES (2096, 2096, 4, 'RESOLVED', 1, '2026-06-24 16:03:35', '2026-06-25 16:03:35');
INSERT INTO request_notes_Sila (note_ID, request_ID, content, submitter_ID, is_internal, created_at) VALUES (2187, 2096, 'Mock not eklendi. Test amacli. (Note 0)', 1, FALSE, '2026-06-24 17:03:35');
INSERT INTO request_notes_Sila (note_ID, request_ID, content, submitter_ID, is_internal, created_at) VALUES (2188, 2096, 'Mock not eklendi. Test amacli. (Note 1)', 4, FALSE, '2026-06-24 18:03:35');
INSERT INTO request_notes_Sila (note_ID, request_ID, content, submitter_ID, is_internal, created_at) VALUES (2189, 2096, 'Mock not eklendi. Test amacli. (Note 2)', 1, FALSE, '2026-06-24 19:03:35');
INSERT INTO requests_Sila (request_ID, creator_ID, title, description, status, type, generated_id, final_priority_score, created_at) VALUES (2097, 34, 'Raporlama modulu calismiyor - Mock Dev 4 - 34', 'Sistemin genelini etkileyen bir yavaslik soz konusu.', 'COMPLETED', 'SİSTEM_ÇÖKÜŞÜ', 'M-0097', 83.9, '2026-07-14 15:03:35');
INSERT INTO priorities_Sila (priority_ID, request_ID, company_points, product_mgr_score, software_mgr_score, priority_score) VALUES (2097, 2097, 89.8, 5, 3, 83.9);
INSERT INTO workflows_Sila (task_ID, request_ID, developer_ID, workflow_status, assigned_by_ID, assigned_at, resolved_at) VALUES (2097, 2097, 4, 'RESOLVED', 1, '2026-07-14 16:03:35', '2026-07-16 16:03:35');
INSERT INTO request_notes_Sila (note_ID, request_ID, content, submitter_ID, is_internal, created_at) VALUES (2190, 2097, 'Mock not eklendi. Test amacli. (Note 0)', 1, TRUE, '2026-07-14 17:03:35');
INSERT INTO request_notes_Sila (note_ID, request_ID, content, submitter_ID, is_internal, created_at) VALUES (2191, 2097, 'Mock not eklendi. Test amacli. (Note 1)', 4, FALSE, '2026-07-14 18:03:35');
INSERT INTO requests_Sila (request_ID, creator_ID, title, description, status, type, generated_id, final_priority_score, created_at) VALUES (2098, 28, 'Raporlama modulu calismiyor - Mock Dev 4 - 35', 'Loglarda NullPointerException gordum, ekteki dosyaya bakiniz.', 'ASSIGNED', 'GELİŞTİRME', 'M-0098', 94.9, '2026-07-03 15:03:35');
INSERT INTO priorities_Sila (priority_ID, request_ID, company_points, product_mgr_score, software_mgr_score, priority_score) VALUES (2098, 2098, 87.2, 5, 5, 94.9);
INSERT INTO workflows_Sila (task_ID, request_ID, developer_ID, workflow_status, assigned_by_ID, assigned_at) VALUES (2098, 2098, 4, 'ASSIGNED', 1, '2026-07-03 16:03:35');
INSERT INTO request_notes_Sila (note_ID, request_ID, content, submitter_ID, is_internal, created_at) VALUES (2192, 2098, 'Mock not eklendi. Test amacli. (Note 0)', 4, FALSE, '2026-07-03 17:03:35');
INSERT INTO request_notes_Sila (note_ID, request_ID, content, submitter_ID, is_internal, created_at) VALUES (2193, 2098, 'Mock not eklendi. Test amacli. (Note 1)', 1, TRUE, '2026-07-03 18:03:35');
INSERT INTO requests_Sila (request_ID, creator_ID, title, description, status, type, generated_id, final_priority_score, created_at) VALUES (2099, 30, 'Sifre sifirlama maili gelmiyor - Mock Dev 4 - 36', 'Dun yapilan guncellemeden sonra bozuldu.', 'ASSIGNED', 'SİSTEM_ÇÖKÜŞÜ', 'M-0099', 65.9, '2026-06-27 15:03:35');
INSERT INTO priorities_Sila (priority_ID, request_ID, company_points, product_mgr_score, software_mgr_score, priority_score) VALUES (2099, 2099, 74.7, 3, 3, 65.9);
INSERT INTO workflows_Sila (task_ID, request_ID, developer_ID, workflow_status, assigned_by_ID, assigned_at) VALUES (2099, 2099, 4, 'ASSIGNED', 1, '2026-06-27 16:03:35');
INSERT INTO request_notes_Sila (note_ID, request_ID, content, submitter_ID, is_internal, created_at) VALUES (2194, 2099, 'Mock not eklendi. Test amacli. (Note 0)', 1, TRUE, '2026-06-27 17:03:35');
INSERT INTO request_notes_Sila (note_ID, request_ID, content, submitter_ID, is_internal, created_at) VALUES (2195, 2099, 'Mock not eklendi. Test amacli. (Note 1)', 4, TRUE, '2026-06-27 18:03:35');
INSERT INTO request_notes_Sila (note_ID, request_ID, content, submitter_ID, is_internal, created_at) VALUES (2196, 2099, 'Mock not eklendi. Test amacli. (Note 2)', 4, TRUE, '2026-06-27 19:03:35');
INSERT INTO requests_Sila (request_ID, creator_ID, title, description, status, type, generated_id, final_priority_score, created_at) VALUES (2100, 30, 'Sayfa yuklenmiyor - Mock Dev 4 - 37', 'Veriler eksik geliyor, veritabani sorgusu optimize edilmeli.', 'ASSIGNED', 'ENTEGRASYON_SIKINTILARI', 'M-0100', 80.6, '2026-06-30 15:03:35');
INSERT INTO priorities_Sila (priority_ID, request_ID, company_points, product_mgr_score, software_mgr_score, priority_score) VALUES (2100, 2100, 96.5, 4, 3, 80.6);
INSERT INTO workflows_Sila (task_ID, request_ID, developer_ID, workflow_status, assigned_by_ID, assigned_at) VALUES (2100, 2100, 4, 'ASSIGNED', 1, '2026-06-30 16:03:35');
INSERT INTO request_notes_Sila (note_ID, request_ID, content, submitter_ID, is_internal, created_at) VALUES (2197, 2100, 'Mock not eklendi. Test amacli. (Note 0)', 1, TRUE, '2026-06-30 17:03:35');
INSERT INTO request_notes_Sila (note_ID, request_ID, content, submitter_ID, is_internal, created_at) VALUES (2198, 2100, 'Mock not eklendi. Test amacli. (Note 1)', 4, FALSE, '2026-06-30 18:03:35');
INSERT INTO request_notes_Sila (note_ID, request_ID, content, submitter_ID, is_internal, created_at) VALUES (2199, 2100, 'Mock not eklendi. Test amacli. (Note 2)', 4, TRUE, '2026-06-30 19:03:35');
INSERT INTO requests_Sila (request_ID, creator_ID, title, description, status, type, generated_id, final_priority_score, created_at) VALUES (2101, 33, 'Mobil uyumluluk sorunu - Mock Dev 5 - 0', 'Test ortaminda calisiyor ama canlida hata veriyor.', 'ASSIGNED', 'SİSTEM_ÇÖKÜŞÜ', 'M-0101', 82.0, '2026-07-15 15:03:35');
INSERT INTO priorities_Sila (priority_ID, request_ID, company_points, product_mgr_score, software_mgr_score, priority_score) VALUES (2101, 2101, 85.1, 5, 3, 82.0);
INSERT INTO workflows_Sila (task_ID, request_ID, developer_ID, workflow_status, assigned_by_ID, assigned_at) VALUES (2101, 2101, 5, 'ASSIGNED', 1, '2026-07-15 16:03:35');
INSERT INTO request_notes_Sila (note_ID, request_ID, content, submitter_ID, is_internal, created_at) VALUES (2200, 2101, 'Mock not eklendi. Test amacli. (Note 0)', 5, TRUE, '2026-07-15 17:03:35');
INSERT INTO request_notes_Sila (note_ID, request_ID, content, submitter_ID, is_internal, created_at) VALUES (2201, 2101, 'Mock not eklendi. Test amacli. (Note 1)', 1, TRUE, '2026-07-15 18:03:35');
INSERT INTO requests_Sila (request_ID, creator_ID, title, description, status, type, generated_id, final_priority_score, created_at) VALUES (2102, 31, 'Raporlama modulu calismiyor - Mock Dev 5 - 1', 'Test ortaminda calisiyor ama canlida hata veriyor.', 'COMPLETED', 'VERİ_KAYBI', 'M-0102', 78.6, '2026-07-07 15:03:35');
INSERT INTO priorities_Sila (priority_ID, request_ID, company_points, product_mgr_score, software_mgr_score, priority_score) VALUES (2102, 2102, 76.4, 3, 5, 78.6);
INSERT INTO workflows_Sila (task_ID, request_ID, developer_ID, workflow_status, assigned_by_ID, assigned_at, resolved_at) VALUES (2102, 2102, 5, 'RESOLVED', 1, '2026-07-07 16:03:35', '2026-07-09 16:03:35');
INSERT INTO request_notes_Sila (note_ID, request_ID, content, submitter_ID, is_internal, created_at) VALUES (2202, 2102, 'Mock not eklendi. Test amacli. (Note 0)', 1, TRUE, '2026-07-07 17:03:35');
INSERT INTO request_notes_Sila (note_ID, request_ID, content, submitter_ID, is_internal, created_at) VALUES (2203, 2102, 'Mock not eklendi. Test amacli. (Note 1)', 5, TRUE, '2026-07-07 18:03:35');
INSERT INTO requests_Sila (request_ID, creator_ID, title, description, status, type, generated_id, final_priority_score, created_at) VALUES (2103, 30, 'Veritabani baglanti hatasi - Mock Dev 5 - 2', 'Test ortaminda calisiyor ama canlida hata veriyor.', 'COMPLETED', 'DİĞER', 'M-0103', 78.2, '2026-06-21 15:03:35');
INSERT INTO priorities_Sila (priority_ID, request_ID, company_points, product_mgr_score, software_mgr_score, priority_score) VALUES (2103, 2103, 75.4, 3, 5, 78.2);
INSERT INTO workflows_Sila (task_ID, request_ID, developer_ID, workflow_status, assigned_by_ID, assigned_at, resolved_at) VALUES (2103, 2103, 5, 'RESOLVED', 1, '2026-06-21 16:03:35', '2026-06-25 16:03:35');
INSERT INTO request_notes_Sila (note_ID, request_ID, content, submitter_ID, is_internal, created_at) VALUES (2204, 2103, 'Mock not eklendi. Test amacli. (Note 0)', 1, TRUE, '2026-06-21 17:03:35');
INSERT INTO request_notes_Sila (note_ID, request_ID, content, submitter_ID, is_internal, created_at) VALUES (2205, 2103, 'Mock not eklendi. Test amacli. (Note 1)', 1, FALSE, '2026-06-21 18:03:35');
INSERT INTO request_notes_Sila (note_ID, request_ID, content, submitter_ID, is_internal, created_at) VALUES (2206, 2103, 'Mock not eklendi. Test amacli. (Note 2)', 5, FALSE, '2026-06-21 19:03:35');
INSERT INTO requests_Sila (request_ID, creator_ID, title, description, status, type, generated_id, final_priority_score, created_at) VALUES (2104, 26, 'Sayfa yuklenmiyor - Mock Dev 5 - 3', 'Musteriler bu sorundan sikayetci, acil bakilmasi gerekiyor.', 'COMPLETED', 'DİĞER', 'M-0104', 89.7, '2026-07-18 15:03:35');
INSERT INTO priorities_Sila (priority_ID, request_ID, company_points, product_mgr_score, software_mgr_score, priority_score) VALUES (2104, 2104, 74.2, 5, 5, 89.7);
INSERT INTO workflows_Sila (task_ID, request_ID, developer_ID, workflow_status, assigned_by_ID, assigned_at, resolved_at) VALUES (2104, 2104, 5, 'RESOLVED', 1, '2026-07-18 16:03:35', '2026-07-21 16:03:35');
INSERT INTO request_notes_Sila (note_ID, request_ID, content, submitter_ID, is_internal, created_at) VALUES (2207, 2104, 'Mock not eklendi. Test amacli. (Note 0)', 1, FALSE, '2026-07-18 17:03:35');
INSERT INTO request_notes_Sila (note_ID, request_ID, content, submitter_ID, is_internal, created_at) VALUES (2208, 2104, 'Mock not eklendi. Test amacli. (Note 1)', 5, TRUE, '2026-07-18 18:03:35');
INSERT INTO request_notes_Sila (note_ID, request_ID, content, submitter_ID, is_internal, created_at) VALUES (2209, 2104, 'Mock not eklendi. Test amacli. (Note 2)', 1, TRUE, '2026-07-18 19:03:35');
INSERT INTO requests_Sila (request_ID, creator_ID, title, description, status, type, generated_id, final_priority_score, created_at) VALUES (2105, 28, 'Sayfa yuklenmiyor - Mock Dev 5 - 4', 'Veriler eksik geliyor, veritabani sorgusu optimize edilmeli.', 'COMPLETED', 'VERİ_KAYBI', 'M-0105', 83.4, '2026-07-10 15:03:35');
INSERT INTO priorities_Sila (priority_ID, request_ID, company_points, product_mgr_score, software_mgr_score, priority_score) VALUES (2105, 2105, 73.5, 5, 4, 83.4);
INSERT INTO workflows_Sila (task_ID, request_ID, developer_ID, workflow_status, assigned_by_ID, assigned_at, resolved_at) VALUES (2105, 2105, 5, 'RESOLVED', 1, '2026-07-10 16:03:35', '2026-07-11 16:03:35');
INSERT INTO request_notes_Sila (note_ID, request_ID, content, submitter_ID, is_internal, created_at) VALUES (2210, 2105, 'Mock not eklendi. Test amacli. (Note 0)', 5, FALSE, '2026-07-10 17:03:35');
INSERT INTO request_notes_Sila (note_ID, request_ID, content, submitter_ID, is_internal, created_at) VALUES (2211, 2105, 'Mock not eklendi. Test amacli. (Note 1)', 5, TRUE, '2026-07-10 18:03:35');
INSERT INTO requests_Sila (request_ID, creator_ID, title, description, status, type, generated_id, final_priority_score, created_at) VALUES (2106, 34, 'Veritabani baglanti hatasi - Mock Dev 5 - 5', 'Dun yapilan guncellemeden sonra bozuldu.', 'ASSIGNED', 'SİSTEM_ÇÖKÜŞÜ', 'M-0106', 93.3, '2026-06-29 15:03:35');
INSERT INTO priorities_Sila (priority_ID, request_ID, company_points, product_mgr_score, software_mgr_score, priority_score) VALUES (2106, 2106, 83.2, 5, 5, 93.3);
INSERT INTO workflows_Sila (task_ID, request_ID, developer_ID, workflow_status, assigned_by_ID, assigned_at) VALUES (2106, 2106, 5, 'ASSIGNED', 1, '2026-06-29 16:03:35');
INSERT INTO request_notes_Sila (note_ID, request_ID, content, submitter_ID, is_internal, created_at) VALUES (2212, 2106, 'Mock not eklendi. Test amacli. (Note 0)', 1, TRUE, '2026-06-29 17:03:35');
INSERT INTO request_notes_Sila (note_ID, request_ID, content, submitter_ID, is_internal, created_at) VALUES (2213, 2106, 'Mock not eklendi. Test amacli. (Note 1)', 5, TRUE, '2026-06-29 18:03:35');
INSERT INTO requests_Sila (request_ID, creator_ID, title, description, status, type, generated_id, final_priority_score, created_at) VALUES (2107, 28, 'Sifre sifirlama maili gelmiyor - Mock Dev 5 - 6', 'Tasarim ekibi guncellemeyi talep etti.', 'COMPLETED', 'ENTEGRASYON_SIKINTILARI', 'M-0107', 75.7, '2026-07-04 15:03:35');
INSERT INTO priorities_Sila (priority_ID, request_ID, company_points, product_mgr_score, software_mgr_score, priority_score) VALUES (2107, 2107, 84.3, 3, 4, 75.7);
INSERT INTO workflows_Sila (task_ID, request_ID, developer_ID, workflow_status, assigned_by_ID, assigned_at, resolved_at) VALUES (2107, 2107, 5, 'RESOLVED', 1, '2026-07-04 16:03:35', '2026-07-08 16:03:35');
INSERT INTO request_notes_Sila (note_ID, request_ID, content, submitter_ID, is_internal, created_at) VALUES (2214, 2107, 'Mock not eklendi. Test amacli. (Note 0)', 5, TRUE, '2026-07-04 17:03:35');
INSERT INTO request_notes_Sila (note_ID, request_ID, content, submitter_ID, is_internal, created_at) VALUES (2215, 2107, 'Mock not eklendi. Test amacli. (Note 1)', 5, FALSE, '2026-07-04 18:03:35');
INSERT INTO request_notes_Sila (note_ID, request_ID, content, submitter_ID, is_internal, created_at) VALUES (2216, 2107, 'Mock not eklendi. Test amacli. (Note 2)', 5, TRUE, '2026-07-04 19:03:35');
INSERT INTO requests_Sila (request_ID, creator_ID, title, description, status, type, generated_id, final_priority_score, created_at) VALUES (2108, 31, 'Veri kaybi yasaniyor - Mock Dev 5 - 7', 'Test ortaminda calisiyor ama canlida hata veriyor.', 'COMPLETED', 'ENTEGRASYON_SIKINTILARI', 'M-0108', 83.0, '2026-07-13 15:03:35');
INSERT INTO priorities_Sila (priority_ID, request_ID, company_points, product_mgr_score, software_mgr_score, priority_score) VALUES (2108, 2108, 87.5, 4, 4, 83.0);
INSERT INTO workflows_Sila (task_ID, request_ID, developer_ID, workflow_status, assigned_by_ID, assigned_at, resolved_at) VALUES (2108, 2108, 5, 'RESOLVED', 1, '2026-07-13 16:03:35', '2026-07-15 16:03:35');
INSERT INTO request_notes_Sila (note_ID, request_ID, content, submitter_ID, is_internal, created_at) VALUES (2217, 2108, 'Mock not eklendi. Test amacli. (Note 0)', 5, TRUE, '2026-07-13 17:03:35');
INSERT INTO request_notes_Sila (note_ID, request_ID, content, submitter_ID, is_internal, created_at) VALUES (2218, 2108, 'Mock not eklendi. Test amacli. (Note 1)', 1, TRUE, '2026-07-13 18:03:35');
INSERT INTO request_notes_Sila (note_ID, request_ID, content, submitter_ID, is_internal, created_at) VALUES (2219, 2108, 'Mock not eklendi. Test amacli. (Note 2)', 1, TRUE, '2026-07-13 19:03:35');
INSERT INTO requests_Sila (request_ID, creator_ID, title, description, status, type, generated_id, final_priority_score, created_at) VALUES (2109, 33, 'Kullanici girisi yavas - Mock Dev 5 - 8', 'Sistemin genelini etkileyen bir yavaslik soz konusu.', 'ASSIGNED', 'YENİ_ÖZELLİK_EKLEME', 'M-0109', 85.6, '2026-07-15 15:03:35');
INSERT INTO priorities_Sila (priority_ID, request_ID, company_points, product_mgr_score, software_mgr_score, priority_score) VALUES (2109, 2109, 79.0, 4, 5, 85.6);
INSERT INTO workflows_Sila (task_ID, request_ID, developer_ID, workflow_status, assigned_by_ID, assigned_at) VALUES (2109, 2109, 5, 'ASSIGNED', 1, '2026-07-15 16:03:35');
INSERT INTO request_notes_Sila (note_ID, request_ID, content, submitter_ID, is_internal, created_at) VALUES (2220, 2109, 'Mock not eklendi. Test amacli. (Note 0)', 5, TRUE, '2026-07-15 17:03:35');
INSERT INTO request_notes_Sila (note_ID, request_ID, content, submitter_ID, is_internal, created_at) VALUES (2221, 2109, 'Mock not eklendi. Test amacli. (Note 1)', 5, FALSE, '2026-07-15 18:03:35');
INSERT INTO request_notes_Sila (note_ID, request_ID, content, submitter_ID, is_internal, created_at) VALUES (2222, 2109, 'Mock not eklendi. Test amacli. (Note 2)', 5, TRUE, '2026-07-15 19:03:35');
INSERT INTO requests_Sila (request_ID, creator_ID, title, description, status, type, generated_id, final_priority_score, created_at) VALUES (2110, 34, 'Kullanici girisi yavas - Mock Dev 5 - 9', 'Sistemin genelini etkileyen bir yavaslik soz konusu.', 'COMPLETED', 'GELİŞTİRME', 'M-0110', 65.9, '2026-06-22 15:03:35');
INSERT INTO priorities_Sila (priority_ID, request_ID, company_points, product_mgr_score, software_mgr_score, priority_score) VALUES (2110, 2110, 74.8, 3, 3, 65.9);
INSERT INTO workflows_Sila (task_ID, request_ID, developer_ID, workflow_status, assigned_by_ID, assigned_at, resolved_at) VALUES (2110, 2110, 5, 'RESOLVED', 1, '2026-06-22 16:03:35', '2026-06-23 16:03:35');
INSERT INTO request_notes_Sila (note_ID, request_ID, content, submitter_ID, is_internal, created_at) VALUES (2223, 2110, 'Mock not eklendi. Test amacli. (Note 0)', 1, TRUE, '2026-06-22 17:03:35');
INSERT INTO request_notes_Sila (note_ID, request_ID, content, submitter_ID, is_internal, created_at) VALUES (2224, 2110, 'Mock not eklendi. Test amacli. (Note 1)', 5, TRUE, '2026-06-22 18:03:35');
INSERT INTO request_notes_Sila (note_ID, request_ID, content, submitter_ID, is_internal, created_at) VALUES (2225, 2110, 'Mock not eklendi. Test amacli. (Note 2)', 5, FALSE, '2026-06-22 19:03:35');
INSERT INTO requests_Sila (request_ID, creator_ID, title, description, status, type, generated_id, final_priority_score, created_at) VALUES (2111, 26, 'Arayuzde kayma var - Mock Dev 5 - 10', 'Veriler eksik geliyor, veritabani sorgusu optimize edilmeli.', 'ASSIGNED', 'ENTEGRASYON_SIKINTILARI', 'M-0111', 76.8, '2026-07-02 15:03:35');
INSERT INTO priorities_Sila (priority_ID, request_ID, company_points, product_mgr_score, software_mgr_score, priority_score) VALUES (2111, 2111, 87.0, 3, 4, 76.8);
INSERT INTO workflows_Sila (task_ID, request_ID, developer_ID, workflow_status, assigned_by_ID, assigned_at) VALUES (2111, 2111, 5, 'ASSIGNED', 1, '2026-07-02 16:03:35');
INSERT INTO request_notes_Sila (note_ID, request_ID, content, submitter_ID, is_internal, created_at) VALUES (2226, 2111, 'Mock not eklendi. Test amacli. (Note 0)', 5, TRUE, '2026-07-02 17:03:35');
INSERT INTO request_notes_Sila (note_ID, request_ID, content, submitter_ID, is_internal, created_at) VALUES (2227, 2111, 'Mock not eklendi. Test amacli. (Note 1)', 5, TRUE, '2026-07-02 18:03:35');
INSERT INTO requests_Sila (request_ID, creator_ID, title, description, status, type, generated_id, final_priority_score, created_at) VALUES (2112, 35, 'Sayfa yuklenmiyor - Mock Dev 5 - 11', 'Veriler eksik geliyor, veritabani sorgusu optimize edilmeli.', 'ASSIGNED', 'VERİ_KAYBI', 'M-0112', 68.8, '2026-07-09 15:03:35');
INSERT INTO priorities_Sila (priority_ID, request_ID, company_points, product_mgr_score, software_mgr_score, priority_score) VALUES (2112, 2112, 81.9, 3, 3, 68.8);
INSERT INTO workflows_Sila (task_ID, request_ID, developer_ID, workflow_status, assigned_by_ID, assigned_at) VALUES (2112, 2112, 5, 'ASSIGNED', 1, '2026-07-09 16:03:35');
INSERT INTO request_notes_Sila (note_ID, request_ID, content, submitter_ID, is_internal, created_at) VALUES (2228, 2112, 'Mock not eklendi. Test amacli. (Note 0)', 5, FALSE, '2026-07-09 17:03:35');
INSERT INTO request_notes_Sila (note_ID, request_ID, content, submitter_ID, is_internal, created_at) VALUES (2229, 2112, 'Mock not eklendi. Test amacli. (Note 1)', 1, TRUE, '2026-07-09 18:03:35');
INSERT INTO requests_Sila (request_ID, creator_ID, title, description, status, type, generated_id, final_priority_score, created_at) VALUES (2113, 33, 'Yeni buton eklenmesi - Mock Dev 5 - 12', 'Loglarda NullPointerException gordum, ekteki dosyaya bakiniz.', 'ASSIGNED', 'YENİ_ÖZELLİK_EKLEME', 'M-0113', 90.3, '2026-06-27 15:03:35');
INSERT INTO priorities_Sila (priority_ID, request_ID, company_points, product_mgr_score, software_mgr_score, priority_score) VALUES (2113, 2113, 90.8, 4, 5, 90.3);
INSERT INTO workflows_Sila (task_ID, request_ID, developer_ID, workflow_status, assigned_by_ID, assigned_at) VALUES (2113, 2113, 5, 'ASSIGNED', 1, '2026-06-27 16:03:35');
INSERT INTO request_notes_Sila (note_ID, request_ID, content, submitter_ID, is_internal, created_at) VALUES (2230, 2113, 'Mock not eklendi. Test amacli. (Note 0)', 1, TRUE, '2026-06-27 17:03:35');
INSERT INTO request_notes_Sila (note_ID, request_ID, content, submitter_ID, is_internal, created_at) VALUES (2231, 2113, 'Mock not eklendi. Test amacli. (Note 1)', 5, FALSE, '2026-06-27 18:03:35');
INSERT INTO requests_Sila (request_ID, creator_ID, title, description, status, type, generated_id, final_priority_score, created_at) VALUES (2114, 28, 'Arayuzde kayma var - Mock Dev 5 - 13', 'Test ortaminda calisiyor ama canlida hata veriyor.', 'ASSIGNED', 'VERİ_KAYBI', 'M-0114', 77.3, '2026-07-13 15:03:35');
INSERT INTO priorities_Sila (priority_ID, request_ID, company_points, product_mgr_score, software_mgr_score, priority_score) VALUES (2114, 2114, 73.1, 4, 4, 77.3);
INSERT INTO workflows_Sila (task_ID, request_ID, developer_ID, workflow_status, assigned_by_ID, assigned_at) VALUES (2114, 2114, 5, 'ASSIGNED', 1, '2026-07-13 16:03:35');
INSERT INTO request_notes_Sila (note_ID, request_ID, content, submitter_ID, is_internal, created_at) VALUES (2232, 2114, 'Mock not eklendi. Test amacli. (Note 0)', 1, TRUE, '2026-07-13 17:03:35');
INSERT INTO requests_Sila (request_ID, creator_ID, title, description, status, type, generated_id, final_priority_score, created_at) VALUES (2115, 28, 'Veri kaybi yasaniyor - Mock Dev 5 - 14', 'Sistemin genelini etkileyen bir yavaslik soz konusu.', 'COMPLETED', 'BUG_DÜZELTME', 'M-0115', 84.7, '2026-07-01 15:03:35');
INSERT INTO priorities_Sila (priority_ID, request_ID, company_points, product_mgr_score, software_mgr_score, priority_score) VALUES (2115, 2115, 76.7, 4, 5, 84.7);
INSERT INTO workflows_Sila (task_ID, request_ID, developer_ID, workflow_status, assigned_by_ID, assigned_at, resolved_at) VALUES (2115, 2115, 5, 'RESOLVED', 1, '2026-07-01 16:03:35', '2026-07-02 16:03:35');
INSERT INTO request_notes_Sila (note_ID, request_ID, content, submitter_ID, is_internal, created_at) VALUES (2233, 2115, 'Mock not eklendi. Test amacli. (Note 0)', 5, FALSE, '2026-07-01 17:03:35');
INSERT INTO request_notes_Sila (note_ID, request_ID, content, submitter_ID, is_internal, created_at) VALUES (2234, 2115, 'Mock not eklendi. Test amacli. (Note 1)', 1, TRUE, '2026-07-01 18:03:35');
INSERT INTO request_notes_Sila (note_ID, request_ID, content, submitter_ID, is_internal, created_at) VALUES (2235, 2115, 'Mock not eklendi. Test amacli. (Note 2)', 1, TRUE, '2026-07-01 19:03:35');
INSERT INTO requests_Sila (request_ID, creator_ID, title, description, status, type, generated_id, final_priority_score, created_at) VALUES (2116, 34, 'Raporlama modulu calismiyor - Mock Dev 5 - 15', 'Sistemin genelini etkileyen bir yavaslik soz konusu.', 'ASSIGNED', 'BUG_DÜZELTME', 'M-0116', 70.9, '2026-07-11 15:03:35');
INSERT INTO priorities_Sila (priority_ID, request_ID, company_points, product_mgr_score, software_mgr_score, priority_score) VALUES (2116, 2116, 72.3, 3, 4, 70.9);
INSERT INTO workflows_Sila (task_ID, request_ID, developer_ID, workflow_status, assigned_by_ID, assigned_at) VALUES (2116, 2116, 5, 'ASSIGNED', 1, '2026-07-11 16:03:35');
INSERT INTO request_notes_Sila (note_ID, request_ID, content, submitter_ID, is_internal, created_at) VALUES (2236, 2116, 'Mock not eklendi. Test amacli. (Note 0)', 1, FALSE, '2026-07-11 17:03:35');
INSERT INTO request_notes_Sila (note_ID, request_ID, content, submitter_ID, is_internal, created_at) VALUES (2237, 2116, 'Mock not eklendi. Test amacli. (Note 1)', 5, TRUE, '2026-07-11 18:03:35');
INSERT INTO request_notes_Sila (note_ID, request_ID, content, submitter_ID, is_internal, created_at) VALUES (2238, 2116, 'Mock not eklendi. Test amacli. (Note 2)', 1, TRUE, '2026-07-11 19:03:35');
INSERT INTO requests_Sila (request_ID, creator_ID, title, description, status, type, generated_id, final_priority_score, created_at) VALUES (2117, 30, 'Raporlama modulu calismiyor - Mock Dev 5 - 16', 'Tasarim ekibi guncellemeyi talep etti.', 'COMPLETED', 'YENİ_ÖZELLİK_EKLEME', 'M-0117', 84.9, '2026-07-16 15:03:35');
INSERT INTO priorities_Sila (priority_ID, request_ID, company_points, product_mgr_score, software_mgr_score, priority_score) VALUES (2117, 2117, 77.2, 4, 5, 84.9);
INSERT INTO workflows_Sila (task_ID, request_ID, developer_ID, workflow_status, assigned_by_ID, assigned_at, resolved_at) VALUES (2117, 2117, 5, 'RESOLVED', 1, '2026-07-16 16:03:35', '2026-07-21 16:03:35');
INSERT INTO request_notes_Sila (note_ID, request_ID, content, submitter_ID, is_internal, created_at) VALUES (2239, 2117, 'Mock not eklendi. Test amacli. (Note 0)', 1, TRUE, '2026-07-16 17:03:35');
INSERT INTO requests_Sila (request_ID, creator_ID, title, description, status, type, generated_id, final_priority_score, created_at) VALUES (2118, 33, 'Arayuzde kayma var - Mock Dev 5 - 17', 'Performans cok dusuk.', 'COMPLETED', 'YENİ_ÖZELLİK_EKLEME', 'M-0118', 74.2, '2026-06-20 15:03:35');
INSERT INTO priorities_Sila (priority_ID, request_ID, company_points, product_mgr_score, software_mgr_score, priority_score) VALUES (2118, 2118, 80.6, 3, 4, 74.2);
INSERT INTO workflows_Sila (task_ID, request_ID, developer_ID, workflow_status, assigned_by_ID, assigned_at, resolved_at) VALUES (2118, 2118, 5, 'RESOLVED', 1, '2026-06-20 16:03:35', '2026-06-24 16:03:35');
INSERT INTO request_notes_Sila (note_ID, request_ID, content, submitter_ID, is_internal, created_at) VALUES (2240, 2118, 'Mock not eklendi. Test amacli. (Note 0)', 5, FALSE, '2026-06-20 17:03:35');
INSERT INTO requests_Sila (request_ID, creator_ID, title, description, status, type, generated_id, final_priority_score, created_at) VALUES (2119, 26, 'Arayuzde kayma var - Mock Dev 5 - 18', 'Musteriler bu sorundan sikayetci, acil bakilmasi gerekiyor.', 'ASSIGNED', 'GELİŞTİRME', 'M-0119', 86.3, '2026-06-30 15:03:35');
INSERT INTO priorities_Sila (priority_ID, request_ID, company_points, product_mgr_score, software_mgr_score, priority_score) VALUES (2119, 2119, 80.8, 5, 4, 86.3);
INSERT INTO workflows_Sila (task_ID, request_ID, developer_ID, workflow_status, assigned_by_ID, assigned_at) VALUES (2119, 2119, 5, 'ASSIGNED', 1, '2026-06-30 16:03:35');
INSERT INTO request_notes_Sila (note_ID, request_ID, content, submitter_ID, is_internal, created_at) VALUES (2241, 2119, 'Mock not eklendi. Test amacli. (Note 0)', 5, FALSE, '2026-06-30 17:03:35');
INSERT INTO request_notes_Sila (note_ID, request_ID, content, submitter_ID, is_internal, created_at) VALUES (2242, 2119, 'Mock not eklendi. Test amacli. (Note 1)', 5, FALSE, '2026-06-30 18:03:35');
INSERT INTO requests_Sila (request_ID, creator_ID, title, description, status, type, generated_id, final_priority_score, created_at) VALUES (2120, 29, 'Arayuzde kayma var - Mock Dev 5 - 19', 'Tasarim ekibi guncellemeyi talep etti.', 'COMPLETED', 'BUG_DÜZELTME', 'M-0120', 69.4, '2026-06-20 15:03:35');
INSERT INTO priorities_Sila (priority_ID, request_ID, company_points, product_mgr_score, software_mgr_score, priority_score) VALUES (2120, 2120, 83.5, 3, 3, 69.4);
INSERT INTO workflows_Sila (task_ID, request_ID, developer_ID, workflow_status, assigned_by_ID, assigned_at, resolved_at) VALUES (2120, 2120, 5, 'RESOLVED', 1, '2026-06-20 16:03:35', '2026-06-24 16:03:35');
INSERT INTO request_notes_Sila (note_ID, request_ID, content, submitter_ID, is_internal, created_at) VALUES (2243, 2120, 'Mock not eklendi. Test amacli. (Note 0)', 5, FALSE, '2026-06-20 17:03:35');
INSERT INTO request_notes_Sila (note_ID, request_ID, content, submitter_ID, is_internal, created_at) VALUES (2244, 2120, 'Mock not eklendi. Test amacli. (Note 1)', 5, FALSE, '2026-06-20 18:03:35');
INSERT INTO requests_Sila (request_ID, creator_ID, title, description, status, type, generated_id, final_priority_score, created_at) VALUES (2121, 34, 'Arayuzde kayma var - Mock Dev 5 - 20', 'Sistemin genelini etkileyen bir yavaslik soz konusu.', 'ASSIGNED', 'DİĞER', 'M-0121', 83.2, '2026-07-11 15:03:35');
INSERT INTO priorities_Sila (priority_ID, request_ID, company_points, product_mgr_score, software_mgr_score, priority_score) VALUES (2121, 2121, 88.0, 3, 5, 83.2);
INSERT INTO workflows_Sila (task_ID, request_ID, developer_ID, workflow_status, assigned_by_ID, assigned_at) VALUES (2121, 2121, 5, 'ASSIGNED', 1, '2026-07-11 16:03:35');
INSERT INTO request_notes_Sila (note_ID, request_ID, content, submitter_ID, is_internal, created_at) VALUES (2245, 2121, 'Mock not eklendi. Test amacli. (Note 0)', 1, TRUE, '2026-07-11 17:03:35');
INSERT INTO request_notes_Sila (note_ID, request_ID, content, submitter_ID, is_internal, created_at) VALUES (2246, 2121, 'Mock not eklendi. Test amacli. (Note 1)', 1, TRUE, '2026-07-11 18:03:35');
INSERT INTO request_notes_Sila (note_ID, request_ID, content, submitter_ID, is_internal, created_at) VALUES (2247, 2121, 'Mock not eklendi. Test amacli. (Note 2)', 1, TRUE, '2026-07-11 19:03:35');
INSERT INTO requests_Sila (request_ID, creator_ID, title, description, status, type, generated_id, final_priority_score, created_at) VALUES (2122, 31, 'Yeni buton eklenmesi - Mock Dev 5 - 21', 'Performans cok dusuk.', 'ASSIGNED', 'BUG_DÜZELTME', 'M-0122', 98.8, '2026-07-14 15:03:35');
INSERT INTO priorities_Sila (priority_ID, request_ID, company_points, product_mgr_score, software_mgr_score, priority_score) VALUES (2122, 2122, 96.9, 5, 5, 98.8);
INSERT INTO workflows_Sila (task_ID, request_ID, developer_ID, workflow_status, assigned_by_ID, assigned_at) VALUES (2122, 2122, 5, 'ASSIGNED', 1, '2026-07-14 16:03:35');
INSERT INTO request_notes_Sila (note_ID, request_ID, content, submitter_ID, is_internal, created_at) VALUES (2248, 2122, 'Mock not eklendi. Test amacli. (Note 0)', 1, TRUE, '2026-07-14 17:03:35');
INSERT INTO request_notes_Sila (note_ID, request_ID, content, submitter_ID, is_internal, created_at) VALUES (2249, 2122, 'Mock not eklendi. Test amacli. (Note 1)', 1, FALSE, '2026-07-14 18:03:35');
INSERT INTO request_notes_Sila (note_ID, request_ID, content, submitter_ID, is_internal, created_at) VALUES (2250, 2122, 'Mock not eklendi. Test amacli. (Note 2)', 5, FALSE, '2026-07-14 19:03:35');
INSERT INTO requests_Sila (request_ID, creator_ID, title, description, status, type, generated_id, final_priority_score, created_at) VALUES (2123, 27, 'Yeni buton eklenmesi - Mock Dev 5 - 22', 'Sistemin genelini etkileyen bir yavaslik soz konusu.', 'ASSIGNED', 'VERİ_KAYBI', 'M-0123', 77.1, '2026-07-05 15:03:35');
INSERT INTO priorities_Sila (priority_ID, request_ID, company_points, product_mgr_score, software_mgr_score, priority_score) VALUES (2123, 2123, 72.8, 3, 5, 77.1);
INSERT INTO workflows_Sila (task_ID, request_ID, developer_ID, workflow_status, assigned_by_ID, assigned_at) VALUES (2123, 2123, 5, 'ASSIGNED', 1, '2026-07-05 16:03:35');
INSERT INTO request_notes_Sila (note_ID, request_ID, content, submitter_ID, is_internal, created_at) VALUES (2251, 2123, 'Mock not eklendi. Test amacli. (Note 0)', 1, FALSE, '2026-07-05 17:03:35');
INSERT INTO request_notes_Sila (note_ID, request_ID, content, submitter_ID, is_internal, created_at) VALUES (2252, 2123, 'Mock not eklendi. Test amacli. (Note 1)', 1, FALSE, '2026-07-05 18:03:35');
INSERT INTO requests_Sila (request_ID, creator_ID, title, description, status, type, generated_id, final_priority_score, created_at) VALUES (2124, 34, 'Veritabani baglanti hatasi - Mock Dev 5 - 23', 'Veriler eksik geliyor, veritabani sorgusu optimize edilmeli.', 'ASSIGNED', 'GELİŞTİRME', 'M-0124', 64.1, '2026-07-04 15:03:35');
INSERT INTO priorities_Sila (priority_ID, request_ID, company_points, product_mgr_score, software_mgr_score, priority_score) VALUES (2124, 2124, 70.4, 3, 3, 64.1);
INSERT INTO workflows_Sila (task_ID, request_ID, developer_ID, workflow_status, assigned_by_ID, assigned_at) VALUES (2124, 2124, 5, 'ASSIGNED', 1, '2026-07-04 16:03:35');
INSERT INTO request_notes_Sila (note_ID, request_ID, content, submitter_ID, is_internal, created_at) VALUES (2253, 2124, 'Mock not eklendi. Test amacli. (Note 0)', 5, TRUE, '2026-07-04 17:03:35');
INSERT INTO requests_Sila (request_ID, creator_ID, title, description, status, type, generated_id, final_priority_score, created_at) VALUES (2125, 34, 'Mobil uyumluluk sorunu - Mock Dev 5 - 24', 'Dun yapilan guncellemeden sonra bozuldu.', 'ASSIGNED', 'YENİ_ÖZELLİK_EKLEME', 'M-0125', 91.4, '2026-07-08 15:03:35');
INSERT INTO priorities_Sila (priority_ID, request_ID, company_points, product_mgr_score, software_mgr_score, priority_score) VALUES (2125, 2125, 93.4, 5, 4, 91.4);
INSERT INTO workflows_Sila (task_ID, request_ID, developer_ID, workflow_status, assigned_by_ID, assigned_at) VALUES (2125, 2125, 5, 'ASSIGNED', 1, '2026-07-08 16:03:35');
INSERT INTO request_notes_Sila (note_ID, request_ID, content, submitter_ID, is_internal, created_at) VALUES (2254, 2125, 'Mock not eklendi. Test amacli. (Note 0)', 5, TRUE, '2026-07-08 17:03:35');
INSERT INTO request_notes_Sila (note_ID, request_ID, content, submitter_ID, is_internal, created_at) VALUES (2255, 2125, 'Mock not eklendi. Test amacli. (Note 1)', 1, TRUE, '2026-07-08 18:03:35');
INSERT INTO requests_Sila (request_ID, creator_ID, title, description, status, type, generated_id, final_priority_score, created_at) VALUES (2126, 29, 'Raporlama modulu calismiyor - Mock Dev 5 - 25', 'Sistemin genelini etkileyen bir yavaslik soz konusu.', 'COMPLETED', 'ENTEGRASYON_SIKINTILARI', 'M-0126', 85.9, '2026-07-17 15:03:35');
INSERT INTO priorities_Sila (priority_ID, request_ID, company_points, product_mgr_score, software_mgr_score, priority_score) VALUES (2126, 2126, 79.7, 4, 5, 85.9);
INSERT INTO workflows_Sila (task_ID, request_ID, developer_ID, workflow_status, assigned_by_ID, assigned_at, resolved_at) VALUES (2126, 2126, 5, 'RESOLVED', 1, '2026-07-17 16:03:35', '2026-07-20 16:03:35');
INSERT INTO request_notes_Sila (note_ID, request_ID, content, submitter_ID, is_internal, created_at) VALUES (2256, 2126, 'Mock not eklendi. Test amacli. (Note 0)', 5, TRUE, '2026-07-17 17:03:35');
INSERT INTO request_notes_Sila (note_ID, request_ID, content, submitter_ID, is_internal, created_at) VALUES (2257, 2126, 'Mock not eklendi. Test amacli. (Note 1)', 1, TRUE, '2026-07-17 18:03:35');
INSERT INTO request_notes_Sila (note_ID, request_ID, content, submitter_ID, is_internal, created_at) VALUES (2258, 2126, 'Mock not eklendi. Test amacli. (Note 2)', 5, FALSE, '2026-07-17 19:03:35');
INSERT INTO requests_Sila (request_ID, creator_ID, title, description, status, type, generated_id, final_priority_score, created_at) VALUES (2127, 35, 'Sifre sifirlama maili gelmiyor - Mock Dev 5 - 26', 'Performans cok dusuk.', 'ASSIGNED', 'SİSTEM_ÇÖKÜŞÜ', 'M-0127', 94.8, '2026-07-13 15:03:35');
INSERT INTO priorities_Sila (priority_ID, request_ID, company_points, product_mgr_score, software_mgr_score, priority_score) VALUES (2127, 2127, 87.0, 5, 5, 94.8);
INSERT INTO workflows_Sila (task_ID, request_ID, developer_ID, workflow_status, assigned_by_ID, assigned_at) VALUES (2127, 2127, 5, 'ASSIGNED', 1, '2026-07-13 16:03:35');
INSERT INTO request_notes_Sila (note_ID, request_ID, content, submitter_ID, is_internal, created_at) VALUES (2259, 2127, 'Mock not eklendi. Test amacli. (Note 0)', 1, TRUE, '2026-07-13 17:03:35');
INSERT INTO requests_Sila (request_ID, creator_ID, title, description, status, type, generated_id, final_priority_score, created_at) VALUES (2128, 32, 'Sayfa yuklenmiyor - Mock Dev 5 - 27', 'Performans cok dusuk.', 'COMPLETED', 'YENİ_ÖZELLİK_EKLEME', 'M-0128', 74.4, '2026-07-03 15:03:35');
INSERT INTO priorities_Sila (priority_ID, request_ID, company_points, product_mgr_score, software_mgr_score, priority_score) VALUES (2128, 2128, 96.0, 3, 3, 74.4);
INSERT INTO workflows_Sila (task_ID, request_ID, developer_ID, workflow_status, assigned_by_ID, assigned_at, resolved_at) VALUES (2128, 2128, 5, 'RESOLVED', 1, '2026-07-03 16:03:35', '2026-07-07 16:03:35');
INSERT INTO request_notes_Sila (note_ID, request_ID, content, submitter_ID, is_internal, created_at) VALUES (2260, 2128, 'Mock not eklendi. Test amacli. (Note 0)', 1, TRUE, '2026-07-03 17:03:35');
INSERT INTO request_notes_Sila (note_ID, request_ID, content, submitter_ID, is_internal, created_at) VALUES (2261, 2128, 'Mock not eklendi. Test amacli. (Note 1)', 5, FALSE, '2026-07-03 18:03:35');
INSERT INTO requests_Sila (request_ID, creator_ID, title, description, status, type, generated_id, final_priority_score, created_at) VALUES (2129, 33, 'Yeni buton eklenmesi - Mock Dev 5 - 28', 'Sistemin genelini etkileyen bir yavaslik soz konusu.', 'ASSIGNED', 'ENTEGRASYON_SIKINTILARI', 'M-0129', 92.0, '2026-07-10 15:03:35');
INSERT INTO priorities_Sila (priority_ID, request_ID, company_points, product_mgr_score, software_mgr_score, priority_score) VALUES (2129, 2129, 94.9, 4, 5, 92.0);
INSERT INTO workflows_Sila (task_ID, request_ID, developer_ID, workflow_status, assigned_by_ID, assigned_at) VALUES (2129, 2129, 5, 'ASSIGNED', 1, '2026-07-10 16:03:35');
INSERT INTO request_notes_Sila (note_ID, request_ID, content, submitter_ID, is_internal, created_at) VALUES (2262, 2129, 'Mock not eklendi. Test amacli. (Note 0)', 1, FALSE, '2026-07-10 17:03:35');
INSERT INTO requests_Sila (request_ID, creator_ID, title, description, status, type, generated_id, final_priority_score, created_at) VALUES (2130, 32, 'Sifre sifirlama maili gelmiyor - Mock Dev 5 - 29', 'Loglarda NullPointerException gordum, ekteki dosyaya bakiniz.', 'COMPLETED', 'DİĞER', 'M-0130', 93.4, '2026-07-05 15:03:35');
INSERT INTO priorities_Sila (priority_ID, request_ID, company_points, product_mgr_score, software_mgr_score, priority_score) VALUES (2130, 2130, 83.5, 5, 5, 93.4);
INSERT INTO workflows_Sila (task_ID, request_ID, developer_ID, workflow_status, assigned_by_ID, assigned_at, resolved_at) VALUES (2130, 2130, 5, 'RESOLVED', 1, '2026-07-05 16:03:35', '2026-07-06 16:03:35');
INSERT INTO request_notes_Sila (note_ID, request_ID, content, submitter_ID, is_internal, created_at) VALUES (2263, 2130, 'Mock not eklendi. Test amacli. (Note 0)', 1, FALSE, '2026-07-05 17:03:35');
INSERT INTO request_notes_Sila (note_ID, request_ID, content, submitter_ID, is_internal, created_at) VALUES (2264, 2130, 'Mock not eklendi. Test amacli. (Note 1)', 5, FALSE, '2026-07-05 18:03:35');
INSERT INTO requests_Sila (request_ID, creator_ID, title, description, status, type, generated_id, final_priority_score, created_at) VALUES (2131, 29, 'Kullanici girisi yavas - Mock Dev 5 - 30', 'Dun yapilan guncellemeden sonra bozuldu.', 'ASSIGNED', 'VERİ_KAYBI', 'M-0131', 84.3, '2026-07-03 15:03:35');
INSERT INTO priorities_Sila (priority_ID, request_ID, company_points, product_mgr_score, software_mgr_score, priority_score) VALUES (2131, 2131, 90.7, 4, 4, 84.3);
INSERT INTO workflows_Sila (task_ID, request_ID, developer_ID, workflow_status, assigned_by_ID, assigned_at) VALUES (2131, 2131, 5, 'ASSIGNED', 1, '2026-07-03 16:03:35');
INSERT INTO request_notes_Sila (note_ID, request_ID, content, submitter_ID, is_internal, created_at) VALUES (2265, 2131, 'Mock not eklendi. Test amacli. (Note 0)', 1, TRUE, '2026-07-03 17:03:35');
INSERT INTO requests_Sila (request_ID, creator_ID, title, description, status, type, generated_id, final_priority_score, created_at) VALUES (2132, 26, '500 Internal Server Error - Mock Dev 5 - 31', 'Dun yapilan guncellemeden sonra bozuldu.', 'ASSIGNED', 'DİĞER', 'M-0132', 72.2, '2026-06-28 15:03:35');
INSERT INTO priorities_Sila (priority_ID, request_ID, company_points, product_mgr_score, software_mgr_score, priority_score) VALUES (2132, 2132, 75.6, 4, 3, 72.2);
INSERT INTO workflows_Sila (task_ID, request_ID, developer_ID, workflow_status, assigned_by_ID, assigned_at) VALUES (2132, 2132, 5, 'ASSIGNED', 1, '2026-06-28 16:03:35');
INSERT INTO request_notes_Sila (note_ID, request_ID, content, submitter_ID, is_internal, created_at) VALUES (2266, 2132, 'Mock not eklendi. Test amacli. (Note 0)', 5, TRUE, '2026-06-28 17:03:35');
INSERT INTO requests_Sila (request_ID, creator_ID, title, description, status, type, generated_id, final_priority_score, created_at) VALUES (2133, 26, 'Veritabani baglanti hatasi - Mock Dev 5 - 32', 'Sistemin genelini etkileyen bir yavaslik soz konusu.', 'ASSIGNED', 'ENTEGRASYON_SIKINTILARI', 'M-0133', 85.7, '2026-07-05 15:03:35');
INSERT INTO priorities_Sila (priority_ID, request_ID, company_points, product_mgr_score, software_mgr_score, priority_score) VALUES (2133, 2133, 94.3, 5, 3, 85.7);
INSERT INTO workflows_Sila (task_ID, request_ID, developer_ID, workflow_status, assigned_by_ID, assigned_at) VALUES (2133, 2133, 5, 'ASSIGNED', 1, '2026-07-05 16:03:35');
INSERT INTO request_notes_Sila (note_ID, request_ID, content, submitter_ID, is_internal, created_at) VALUES (2267, 2133, 'Mock not eklendi. Test amacli. (Note 0)', 1, TRUE, '2026-07-05 17:03:35');
INSERT INTO request_notes_Sila (note_ID, request_ID, content, submitter_ID, is_internal, created_at) VALUES (2268, 2133, 'Mock not eklendi. Test amacli. (Note 1)', 1, FALSE, '2026-07-05 18:03:35');
INSERT INTO request_notes_Sila (note_ID, request_ID, content, submitter_ID, is_internal, created_at) VALUES (2269, 2133, 'Mock not eklendi. Test amacli. (Note 2)', 1, FALSE, '2026-07-05 19:03:35');
INSERT INTO requests_Sila (request_ID, creator_ID, title, description, status, type, generated_id, final_priority_score, created_at) VALUES (2134, 28, 'Sifre sifirlama maili gelmiyor - Mock Dev 5 - 33', 'Dun yapilan guncellemeden sonra bozuldu.', 'ASSIGNED', 'BUG_DÜZELTME', 'M-0134', 75.0, '2026-07-07 15:03:35');
INSERT INTO priorities_Sila (priority_ID, request_ID, company_points, product_mgr_score, software_mgr_score, priority_score) VALUES (2134, 2134, 82.6, 3, 4, 75.0);
INSERT INTO workflows_Sila (task_ID, request_ID, developer_ID, workflow_status, assigned_by_ID, assigned_at) VALUES (2134, 2134, 5, 'ASSIGNED', 1, '2026-07-07 16:03:35');
INSERT INTO request_notes_Sila (note_ID, request_ID, content, submitter_ID, is_internal, created_at) VALUES (2270, 2134, 'Mock not eklendi. Test amacli. (Note 0)', 1, TRUE, '2026-07-07 17:03:35');
INSERT INTO request_notes_Sila (note_ID, request_ID, content, submitter_ID, is_internal, created_at) VALUES (2271, 2134, 'Mock not eklendi. Test amacli. (Note 1)', 1, TRUE, '2026-07-07 18:03:35');
INSERT INTO requests_Sila (request_ID, creator_ID, title, description, status, type, generated_id, final_priority_score, created_at) VALUES (2135, 30, 'Kullanici girisi yavas - Mock Dev 5 - 34', 'Performans cok dusuk.', 'ASSIGNED', 'VERİ_KAYBI', 'M-0135', 87.8, '2026-06-25 15:03:35');
INSERT INTO priorities_Sila (priority_ID, request_ID, company_points, product_mgr_score, software_mgr_score, priority_score) VALUES (2135, 2135, 99.6, 4, 4, 87.8);
INSERT INTO workflows_Sila (task_ID, request_ID, developer_ID, workflow_status, assigned_by_ID, assigned_at) VALUES (2135, 2135, 5, 'ASSIGNED', 1, '2026-06-25 16:03:35');
INSERT INTO request_notes_Sila (note_ID, request_ID, content, submitter_ID, is_internal, created_at) VALUES (2272, 2135, 'Mock not eklendi. Test amacli. (Note 0)', 5, FALSE, '2026-06-25 17:03:35');
INSERT INTO requests_Sila (request_ID, creator_ID, title, description, status, type, generated_id, final_priority_score, created_at) VALUES (2136, 33, 'Arayuzde kayma var - Mock Dev 5 - 35', 'Sistemin genelini etkileyen bir yavaslik soz konusu.', 'COMPLETED', 'BUG_DÜZELTME', 'M-0136', 81.5, '2026-07-15 15:03:35');
INSERT INTO priorities_Sila (priority_ID, request_ID, company_points, product_mgr_score, software_mgr_score, priority_score) VALUES (2136, 2136, 98.6, 4, 3, 81.5);
INSERT INTO workflows_Sila (task_ID, request_ID, developer_ID, workflow_status, assigned_by_ID, assigned_at, resolved_at) VALUES (2136, 2136, 5, 'RESOLVED', 1, '2026-07-15 16:03:35', '2026-07-19 16:03:35');
INSERT INTO request_notes_Sila (note_ID, request_ID, content, submitter_ID, is_internal, created_at) VALUES (2273, 2136, 'Mock not eklendi. Test amacli. (Note 0)', 1, FALSE, '2026-07-15 17:03:35');
INSERT INTO request_notes_Sila (note_ID, request_ID, content, submitter_ID, is_internal, created_at) VALUES (2274, 2136, 'Mock not eklendi. Test amacli. (Note 1)', 5, TRUE, '2026-07-15 18:03:35');
INSERT INTO request_notes_Sila (note_ID, request_ID, content, submitter_ID, is_internal, created_at) VALUES (2275, 2136, 'Mock not eklendi. Test amacli. (Note 2)', 1, TRUE, '2026-07-15 19:03:35');
INSERT INTO requests_Sila (request_ID, creator_ID, title, description, status, type, generated_id, final_priority_score, created_at) VALUES (2137, 30, 'Veritabani baglanti hatasi - Mock Dev 5 - 36', 'Dun yapilan guncellemeden sonra bozuldu.', 'COMPLETED', 'GELİŞTİRME', 'M-0137', 88.5, '2026-07-02 15:03:35');
INSERT INTO priorities_Sila (priority_ID, request_ID, company_points, product_mgr_score, software_mgr_score, priority_score) VALUES (2137, 2137, 71.4, 5, 5, 88.5);
INSERT INTO workflows_Sila (task_ID, request_ID, developer_ID, workflow_status, assigned_by_ID, assigned_at, resolved_at) VALUES (2137, 2137, 5, 'RESOLVED', 1, '2026-07-02 16:03:35', '2026-07-06 16:03:35');
INSERT INTO request_notes_Sila (note_ID, request_ID, content, submitter_ID, is_internal, created_at) VALUES (2276, 2137, 'Mock not eklendi. Test amacli. (Note 0)', 5, FALSE, '2026-07-02 17:03:35');
INSERT INTO request_notes_Sila (note_ID, request_ID, content, submitter_ID, is_internal, created_at) VALUES (2277, 2137, 'Mock not eklendi. Test amacli. (Note 1)', 1, TRUE, '2026-07-02 18:03:35');
INSERT INTO requests_Sila (request_ID, creator_ID, title, description, status, type, generated_id, final_priority_score, created_at) VALUES (2138, 30, 'Veritabani baglanti hatasi - Mock Dev 5 - 37', 'Test ortaminda calisiyor ama canlida hata veriyor.', 'COMPLETED', 'YENİ_ÖZELLİK_EKLEME', 'M-0138', 78.2, '2026-07-10 15:03:35');
INSERT INTO priorities_Sila (priority_ID, request_ID, company_points, product_mgr_score, software_mgr_score, priority_score) VALUES (2138, 2138, 90.6, 4, 3, 78.2);
INSERT INTO workflows_Sila (task_ID, request_ID, developer_ID, workflow_status, assigned_by_ID, assigned_at, resolved_at) VALUES (2138, 2138, 5, 'RESOLVED', 1, '2026-07-10 16:03:35', '2026-07-13 16:03:35');
INSERT INTO request_notes_Sila (note_ID, request_ID, content, submitter_ID, is_internal, created_at) VALUES (2278, 2138, 'Mock not eklendi. Test amacli. (Note 0)', 5, TRUE, '2026-07-10 17:03:35');
INSERT INTO request_notes_Sila (note_ID, request_ID, content, submitter_ID, is_internal, created_at) VALUES (2279, 2138, 'Mock not eklendi. Test amacli. (Note 1)', 1, TRUE, '2026-07-10 18:03:35');
INSERT INTO request_notes_Sila (note_ID, request_ID, content, submitter_ID, is_internal, created_at) VALUES (2280, 2138, 'Mock not eklendi. Test amacli. (Note 2)', 5, FALSE, '2026-07-10 19:03:35');
INSERT INTO requests_Sila (request_ID, creator_ID, title, description, status, type, generated_id, final_priority_score, created_at) VALUES (2139, 28, 'Sifre sifirlama maili gelmiyor - Mock Dev 5 - 38', 'Musteriler bu sorundan sikayetci, acil bakilmasi gerekiyor.', 'COMPLETED', 'VERİ_KAYBI', 'M-0139', 97.3, '2026-07-14 15:03:35');
INSERT INTO priorities_Sila (priority_ID, request_ID, company_points, product_mgr_score, software_mgr_score, priority_score) VALUES (2139, 2139, 93.3, 5, 5, 97.3);
INSERT INTO workflows_Sila (task_ID, request_ID, developer_ID, workflow_status, assigned_by_ID, assigned_at, resolved_at) VALUES (2139, 2139, 5, 'RESOLVED', 1, '2026-07-14 16:03:35', '2026-07-18 16:03:35');
INSERT INTO request_notes_Sila (note_ID, request_ID, content, submitter_ID, is_internal, created_at) VALUES (2281, 2139, 'Mock not eklendi. Test amacli. (Note 0)', 5, FALSE, '2026-07-14 17:03:35');
INSERT INTO request_notes_Sila (note_ID, request_ID, content, submitter_ID, is_internal, created_at) VALUES (2282, 2139, 'Mock not eklendi. Test amacli. (Note 1)', 5, TRUE, '2026-07-14 18:03:35');
INSERT INTO requests_Sila (request_ID, creator_ID, title, description, status, type, generated_id, final_priority_score, created_at) VALUES (2140, 26, 'Arayuzde kayma var - Mock Dev 5 - 39', 'Test ortaminda calisiyor ama canlida hata veriyor.', 'ASSIGNED', 'BUG_DÜZELTME', 'M-0140', 85.9, '2026-07-18 15:03:35');
INSERT INTO priorities_Sila (priority_ID, request_ID, company_points, product_mgr_score, software_mgr_score, priority_score) VALUES (2140, 2140, 79.8, 5, 4, 85.9);
INSERT INTO workflows_Sila (task_ID, request_ID, developer_ID, workflow_status, assigned_by_ID, assigned_at) VALUES (2140, 2140, 5, 'ASSIGNED', 1, '2026-07-18 16:03:35');
INSERT INTO request_notes_Sila (note_ID, request_ID, content, submitter_ID, is_internal, created_at) VALUES (2283, 2140, 'Mock not eklendi. Test amacli. (Note 0)', 5, FALSE, '2026-07-18 17:03:35');
INSERT INTO requests_Sila (request_ID, creator_ID, title, description, status, type, generated_id, final_priority_score, created_at) VALUES (2141, 26, 'Kullanici girisi yavas - Mock Dev 5 - 40', 'Test ortaminda calisiyor ama canlida hata veriyor.', 'ASSIGNED', 'GELİŞTİRME', 'M-0141', 75.5, '2026-07-09 15:03:35');
INSERT INTO priorities_Sila (priority_ID, request_ID, company_points, product_mgr_score, software_mgr_score, priority_score) VALUES (2141, 2141, 83.7, 4, 3, 75.5);
INSERT INTO workflows_Sila (task_ID, request_ID, developer_ID, workflow_status, assigned_by_ID, assigned_at) VALUES (2141, 2141, 5, 'ASSIGNED', 1, '2026-07-09 16:03:35');
INSERT INTO request_notes_Sila (note_ID, request_ID, content, submitter_ID, is_internal, created_at) VALUES (2284, 2141, 'Mock not eklendi. Test amacli. (Note 0)', 1, FALSE, '2026-07-09 17:03:35');
INSERT INTO request_notes_Sila (note_ID, request_ID, content, submitter_ID, is_internal, created_at) VALUES (2285, 2141, 'Mock not eklendi. Test amacli. (Note 1)', 1, FALSE, '2026-07-09 18:03:35');
INSERT INTO request_notes_Sila (note_ID, request_ID, content, submitter_ID, is_internal, created_at) VALUES (2286, 2141, 'Mock not eklendi. Test amacli. (Note 2)', 5, FALSE, '2026-07-09 19:03:35');
INSERT INTO requests_Sila (request_ID, creator_ID, title, description, status, type, generated_id, final_priority_score, created_at) VALUES (2142, 32, 'Veri kaybi yasaniyor - Mock Dev 5 - 41', 'Dun yapilan guncellemeden sonra bozuldu.', 'COMPLETED', 'SİSTEM_ÇÖKÜŞÜ', 'M-0142', 88.7, '2026-07-18 15:03:35');
INSERT INTO priorities_Sila (priority_ID, request_ID, company_points, product_mgr_score, software_mgr_score, priority_score) VALUES (2142, 2142, 86.7, 5, 4, 88.7);
INSERT INTO workflows_Sila (task_ID, request_ID, developer_ID, workflow_status, assigned_by_ID, assigned_at, resolved_at) VALUES (2142, 2142, 5, 'RESOLVED', 1, '2026-07-18 16:03:35', '2026-07-21 16:03:35');
INSERT INTO request_notes_Sila (note_ID, request_ID, content, submitter_ID, is_internal, created_at) VALUES (2287, 2142, 'Mock not eklendi. Test amacli. (Note 0)', 1, TRUE, '2026-07-18 17:03:35');
INSERT INTO request_notes_Sila (note_ID, request_ID, content, submitter_ID, is_internal, created_at) VALUES (2288, 2142, 'Mock not eklendi. Test amacli. (Note 1)', 5, FALSE, '2026-07-18 18:03:35');
INSERT INTO request_notes_Sila (note_ID, request_ID, content, submitter_ID, is_internal, created_at) VALUES (2289, 2142, 'Mock not eklendi. Test amacli. (Note 2)', 5, FALSE, '2026-07-18 19:03:35');
INSERT INTO requests_Sila (request_ID, creator_ID, title, description, status, type, generated_id, final_priority_score, created_at) VALUES (2143, 34, 'Yeni buton eklenmesi - Mock Dev 5 - 42', 'Dun yapilan guncellemeden sonra bozuldu.', 'COMPLETED', 'DİĞER', 'M-0143', 84.2, '2026-07-12 15:03:35');
INSERT INTO priorities_Sila (priority_ID, request_ID, company_points, product_mgr_score, software_mgr_score, priority_score) VALUES (2143, 2143, 90.5, 5, 3, 84.2);
INSERT INTO workflows_Sila (task_ID, request_ID, developer_ID, workflow_status, assigned_by_ID, assigned_at, resolved_at) VALUES (2143, 2143, 5, 'RESOLVED', 1, '2026-07-12 16:03:35', '2026-07-14 16:03:35');
INSERT INTO request_notes_Sila (note_ID, request_ID, content, submitter_ID, is_internal, created_at) VALUES (2290, 2143, 'Mock not eklendi. Test amacli. (Note 0)', 5, FALSE, '2026-07-12 17:03:35');
INSERT INTO request_notes_Sila (note_ID, request_ID, content, submitter_ID, is_internal, created_at) VALUES (2291, 2143, 'Mock not eklendi. Test amacli. (Note 1)', 5, FALSE, '2026-07-12 18:03:35');
INSERT INTO request_notes_Sila (note_ID, request_ID, content, submitter_ID, is_internal, created_at) VALUES (2292, 2143, 'Mock not eklendi. Test amacli. (Note 2)', 1, TRUE, '2026-07-12 19:03:35');
INSERT INTO requests_Sila (request_ID, creator_ID, title, description, status, type, generated_id, final_priority_score, created_at) VALUES (2144, 30, 'Veritabani baglanti hatasi - Mock Dev 5 - 43', 'Veriler eksik geliyor, veritabani sorgusu optimize edilmeli.', 'COMPLETED', 'BUG_DÜZELTME', 'M-0144', 74.5, '2026-06-29 15:03:35');
INSERT INTO priorities_Sila (priority_ID, request_ID, company_points, product_mgr_score, software_mgr_score, priority_score) VALUES (2144, 2144, 81.4, 3, 4, 74.5);
INSERT INTO workflows_Sila (task_ID, request_ID, developer_ID, workflow_status, assigned_by_ID, assigned_at, resolved_at) VALUES (2144, 2144, 5, 'RESOLVED', 1, '2026-06-29 16:03:35', '2026-07-03 16:03:35');
INSERT INTO request_notes_Sila (note_ID, request_ID, content, submitter_ID, is_internal, created_at) VALUES (2293, 2144, 'Mock not eklendi. Test amacli. (Note 0)', 5, FALSE, '2026-06-29 17:03:35');
INSERT INTO request_notes_Sila (note_ID, request_ID, content, submitter_ID, is_internal, created_at) VALUES (2294, 2144, 'Mock not eklendi. Test amacli. (Note 1)', 5, FALSE, '2026-06-29 18:03:35');
INSERT INTO request_notes_Sila (note_ID, request_ID, content, submitter_ID, is_internal, created_at) VALUES (2295, 2144, 'Mock not eklendi. Test amacli. (Note 2)', 1, FALSE, '2026-06-29 19:03:35');
INSERT INTO requests_Sila (request_ID, creator_ID, title, description, status, type, generated_id, final_priority_score, created_at) VALUES (2145, 32, 'Sifre sifirlama maili gelmiyor - Mock Dev 5 - 44', 'Performans cok dusuk.', 'COMPLETED', 'VERİ_KAYBI', 'M-0145', 80.9, '2026-07-17 15:03:35');
INSERT INTO priorities_Sila (priority_ID, request_ID, company_points, product_mgr_score, software_mgr_score, priority_score) VALUES (2145, 2145, 82.3, 5, 3, 80.9);
INSERT INTO workflows_Sila (task_ID, request_ID, developer_ID, workflow_status, assigned_by_ID, assigned_at, resolved_at) VALUES (2145, 2145, 5, 'RESOLVED', 1, '2026-07-17 16:03:35', '2026-07-21 16:03:35');
INSERT INTO request_notes_Sila (note_ID, request_ID, content, submitter_ID, is_internal, created_at) VALUES (2296, 2145, 'Mock not eklendi. Test amacli. (Note 0)', 5, FALSE, '2026-07-17 17:03:35');
INSERT INTO requests_Sila (request_ID, creator_ID, title, description, status, type, generated_id, final_priority_score, created_at) VALUES (2146, 28, 'Veri kaybi yasaniyor - Mock Dev 5 - 45', 'Tasarim ekibi guncellemeyi talep etti.', 'COMPLETED', 'BUG_DÜZELTME', 'M-0146', 84.8, '2026-06-25 15:03:35');
INSERT INTO priorities_Sila (priority_ID, request_ID, company_points, product_mgr_score, software_mgr_score, priority_score) VALUES (2146, 2146, 92.1, 5, 3, 84.8);
INSERT INTO workflows_Sila (task_ID, request_ID, developer_ID, workflow_status, assigned_by_ID, assigned_at, resolved_at) VALUES (2146, 2146, 5, 'RESOLVED', 1, '2026-06-25 16:03:35', '2026-06-27 16:03:35');
INSERT INTO request_notes_Sila (note_ID, request_ID, content, submitter_ID, is_internal, created_at) VALUES (2297, 2146, 'Mock not eklendi. Test amacli. (Note 0)', 1, TRUE, '2026-06-25 17:03:35');
INSERT INTO request_notes_Sila (note_ID, request_ID, content, submitter_ID, is_internal, created_at) VALUES (2298, 2146, 'Mock not eklendi. Test amacli. (Note 1)', 1, TRUE, '2026-06-25 18:03:35');
INSERT INTO request_notes_Sila (note_ID, request_ID, content, submitter_ID, is_internal, created_at) VALUES (2299, 2146, 'Mock not eklendi. Test amacli. (Note 2)', 1, FALSE, '2026-06-25 19:03:35');
INSERT INTO requests_Sila (request_ID, creator_ID, title, description, status, type, generated_id, final_priority_score, created_at) VALUES (2147, 35, 'Raporlama modulu calismiyor - Mock Dev 5 - 46', 'Performans cok dusuk.', 'ASSIGNED', 'ENTEGRASYON_SIKINTILARI', 'M-0147', 82.7, '2026-07-18 15:03:35');
INSERT INTO priorities_Sila (priority_ID, request_ID, company_points, product_mgr_score, software_mgr_score, priority_score) VALUES (2147, 2147, 86.9, 5, 3, 82.7);
INSERT INTO workflows_Sila (task_ID, request_ID, developer_ID, workflow_status, assigned_by_ID, assigned_at) VALUES (2147, 2147, 5, 'ASSIGNED', 1, '2026-07-18 16:03:35');
INSERT INTO request_notes_Sila (note_ID, request_ID, content, submitter_ID, is_internal, created_at) VALUES (2300, 2147, 'Mock not eklendi. Test amacli. (Note 0)', 5, FALSE, '2026-07-18 17:03:35');
INSERT INTO request_notes_Sila (note_ID, request_ID, content, submitter_ID, is_internal, created_at) VALUES (2301, 2147, 'Mock not eklendi. Test amacli. (Note 1)', 1, TRUE, '2026-07-18 18:03:35');
INSERT INTO requests_Sila (request_ID, creator_ID, title, description, status, type, generated_id, final_priority_score, created_at) VALUES (2148, 32, 'Sayfa yuklenmiyor - Mock Dev 5 - 47', 'Dun yapilan guncellemeden sonra bozuldu.', 'COMPLETED', 'BUG_DÜZELTME', 'M-0148', 77.9, '2026-06-20 15:03:35');
INSERT INTO priorities_Sila (priority_ID, request_ID, company_points, product_mgr_score, software_mgr_score, priority_score) VALUES (2148, 2148, 74.8, 5, 3, 77.9);
INSERT INTO workflows_Sila (task_ID, request_ID, developer_ID, workflow_status, assigned_by_ID, assigned_at, resolved_at) VALUES (2148, 2148, 5, 'RESOLVED', 1, '2026-06-20 16:03:35', '2026-06-25 16:03:35');
INSERT INTO request_notes_Sila (note_ID, request_ID, content, submitter_ID, is_internal, created_at) VALUES (2302, 2148, 'Mock not eklendi. Test amacli. (Note 0)', 1, TRUE, '2026-06-20 17:03:35');
INSERT INTO request_notes_Sila (note_ID, request_ID, content, submitter_ID, is_internal, created_at) VALUES (2303, 2148, 'Mock not eklendi. Test amacli. (Note 1)', 5, FALSE, '2026-06-20 18:03:35');
INSERT INTO requests_Sila (request_ID, creator_ID, title, description, status, type, generated_id, final_priority_score, created_at) VALUES (2149, 28, 'Kullanici girisi yavas - Mock Dev 5 - 48', 'Test ortaminda calisiyor ama canlida hata veriyor.', 'COMPLETED', 'GELİŞTİRME', 'M-0149', 81.8, '2026-07-02 15:03:35');
INSERT INTO priorities_Sila (priority_ID, request_ID, company_points, product_mgr_score, software_mgr_score, priority_score) VALUES (2149, 2149, 84.5, 3, 5, 81.8);
INSERT INTO workflows_Sila (task_ID, request_ID, developer_ID, workflow_status, assigned_by_ID, assigned_at, resolved_at) VALUES (2149, 2149, 5, 'RESOLVED', 1, '2026-07-02 16:03:35', '2026-07-05 16:03:35');
INSERT INTO request_notes_Sila (note_ID, request_ID, content, submitter_ID, is_internal, created_at) VALUES (2304, 2149, 'Mock not eklendi. Test amacli. (Note 0)', 5, FALSE, '2026-07-02 17:03:35');
INSERT INTO request_notes_Sila (note_ID, request_ID, content, submitter_ID, is_internal, created_at) VALUES (2305, 2149, 'Mock not eklendi. Test amacli. (Note 1)', 5, TRUE, '2026-07-02 18:03:35');
INSERT INTO request_notes_Sila (note_ID, request_ID, content, submitter_ID, is_internal, created_at) VALUES (2306, 2149, 'Mock not eklendi. Test amacli. (Note 2)', 5, TRUE, '2026-07-02 19:03:35');
INSERT INTO requests_Sila (request_ID, creator_ID, title, description, status, type, generated_id, final_priority_score, created_at) VALUES (2150, 28, 'Sifre sifirlama maili gelmiyor - Mock Dev 5 - 49', 'Tasarim ekibi guncellemeyi talep etti.', 'COMPLETED', 'GELİŞTİRME', 'M-0150', 88.7, '2026-06-22 15:03:35');
INSERT INTO priorities_Sila (priority_ID, request_ID, company_points, product_mgr_score, software_mgr_score, priority_score) VALUES (2150, 2150, 86.8, 5, 4, 88.7);
INSERT INTO workflows_Sila (task_ID, request_ID, developer_ID, workflow_status, assigned_by_ID, assigned_at, resolved_at) VALUES (2150, 2150, 5, 'RESOLVED', 1, '2026-06-22 16:03:35', '2026-06-27 16:03:35');
INSERT INTO request_notes_Sila (note_ID, request_ID, content, submitter_ID, is_internal, created_at) VALUES (2307, 2150, 'Mock not eklendi. Test amacli. (Note 0)', 5, TRUE, '2026-06-22 17:03:35');
INSERT INTO requests_Sila (request_ID, creator_ID, title, description, status, type, generated_id, final_priority_score, created_at) VALUES (2151, 34, 'Raporlama modulu calismiyor - Mock Dev 5 - 50', 'Veriler eksik geliyor, veritabani sorgusu optimize edilmeli.', 'COMPLETED', 'YENİ_ÖZELLİK_EKLEME', 'M-0151', 80.3, '2026-07-16 15:03:35');
INSERT INTO priorities_Sila (priority_ID, request_ID, company_points, product_mgr_score, software_mgr_score, priority_score) VALUES (2151, 2151, 95.8, 4, 3, 80.3);
INSERT INTO workflows_Sila (task_ID, request_ID, developer_ID, workflow_status, assigned_by_ID, assigned_at, resolved_at) VALUES (2151, 2151, 5, 'RESOLVED', 1, '2026-07-16 16:03:35', '2026-07-20 16:03:35');
INSERT INTO request_notes_Sila (note_ID, request_ID, content, submitter_ID, is_internal, created_at) VALUES (2308, 2151, 'Mock not eklendi. Test amacli. (Note 0)', 1, FALSE, '2026-07-16 17:03:35');
INSERT INTO request_notes_Sila (note_ID, request_ID, content, submitter_ID, is_internal, created_at) VALUES (2309, 2151, 'Mock not eklendi. Test amacli. (Note 1)', 5, FALSE, '2026-07-16 18:03:35');
INSERT INTO requests_Sila (request_ID, creator_ID, title, description, status, type, generated_id, final_priority_score, created_at) VALUES (2152, 29, 'Raporlama modulu calismiyor - Mock Dev 5 - 51', 'Test ortaminda calisiyor ama canlida hata veriyor.', 'COMPLETED', 'ENTEGRASYON_SIKINTILARI', 'M-0152', 86.5, '2026-06-22 15:03:35');
INSERT INTO priorities_Sila (priority_ID, request_ID, company_points, product_mgr_score, software_mgr_score, priority_score) VALUES (2152, 2152, 81.4, 5, 4, 86.5);
INSERT INTO workflows_Sila (task_ID, request_ID, developer_ID, workflow_status, assigned_by_ID, assigned_at, resolved_at) VALUES (2152, 2152, 5, 'RESOLVED', 1, '2026-06-22 16:03:35', '2026-06-26 16:03:35');
INSERT INTO request_notes_Sila (note_ID, request_ID, content, submitter_ID, is_internal, created_at) VALUES (2310, 2152, 'Mock not eklendi. Test amacli. (Note 0)', 1, TRUE, '2026-06-22 17:03:35');
INSERT INTO requests_Sila (request_ID, creator_ID, title, description, status, type, generated_id, final_priority_score, created_at) VALUES (2153, 31, 'Sifre sifirlama maili gelmiyor - Mock Dev 5 - 52', 'Musteriler bu sorundan sikayetci, acil bakilmasi gerekiyor.', 'ASSIGNED', 'VERİ_KAYBI', 'M-0153', 74.7, '2026-07-11 15:03:35');
INSERT INTO priorities_Sila (priority_ID, request_ID, company_points, product_mgr_score, software_mgr_score, priority_score) VALUES (2153, 2153, 96.7, 3, 3, 74.7);
INSERT INTO workflows_Sila (task_ID, request_ID, developer_ID, workflow_status, assigned_by_ID, assigned_at) VALUES (2153, 2153, 5, 'ASSIGNED', 1, '2026-07-11 16:03:35');
INSERT INTO request_notes_Sila (note_ID, request_ID, content, submitter_ID, is_internal, created_at) VALUES (2311, 2153, 'Mock not eklendi. Test amacli. (Note 0)', 5, TRUE, '2026-07-11 17:03:35');
INSERT INTO request_notes_Sila (note_ID, request_ID, content, submitter_ID, is_internal, created_at) VALUES (2312, 2153, 'Mock not eklendi. Test amacli. (Note 1)', 1, FALSE, '2026-07-11 18:03:35');
INSERT INTO request_notes_Sila (note_ID, request_ID, content, submitter_ID, is_internal, created_at) VALUES (2313, 2153, 'Mock not eklendi. Test amacli. (Note 2)', 1, FALSE, '2026-07-11 19:03:35');
INSERT INTO requests_Sila (request_ID, creator_ID, title, description, status, type, generated_id, final_priority_score, created_at) VALUES (2154, 31, 'Sifre sifirlama maili gelmiyor - Mock Dev 5 - 53', 'Loglarda NullPointerException gordum, ekteki dosyaya bakiniz.', 'COMPLETED', 'BUG_DÜZELTME', 'M-0154', 86.8, '2026-07-03 15:03:35');
INSERT INTO priorities_Sila (priority_ID, request_ID, company_points, product_mgr_score, software_mgr_score, priority_score) VALUES (2154, 2154, 82.1, 4, 5, 86.8);
INSERT INTO workflows_Sila (task_ID, request_ID, developer_ID, workflow_status, assigned_by_ID, assigned_at, resolved_at) VALUES (2154, 2154, 5, 'RESOLVED', 1, '2026-07-03 16:03:35', '2026-07-08 16:03:35');
INSERT INTO request_notes_Sila (note_ID, request_ID, content, submitter_ID, is_internal, created_at) VALUES (2314, 2154, 'Mock not eklendi. Test amacli. (Note 0)', 5, TRUE, '2026-07-03 17:03:35');
INSERT INTO requests_Sila (request_ID, creator_ID, title, description, status, type, generated_id, final_priority_score, created_at) VALUES (2155, 35, 'Veritabani baglanti hatasi - Mock Dev 5 - 54', 'Loglarda NullPointerException gordum, ekteki dosyaya bakiniz.', 'ASSIGNED', 'YENİ_ÖZELLİK_EKLEME', 'M-0155', 86.4, '2026-06-27 15:03:35');
INSERT INTO priorities_Sila (priority_ID, request_ID, company_points, product_mgr_score, software_mgr_score, priority_score) VALUES (2155, 2155, 81.0, 4, 5, 86.4);
INSERT INTO workflows_Sila (task_ID, request_ID, developer_ID, workflow_status, assigned_by_ID, assigned_at) VALUES (2155, 2155, 5, 'ASSIGNED', 1, '2026-06-27 16:03:35');
INSERT INTO request_notes_Sila (note_ID, request_ID, content, submitter_ID, is_internal, created_at) VALUES (2315, 2155, 'Mock not eklendi. Test amacli. (Note 0)', 5, FALSE, '2026-06-27 17:03:35');
INSERT INTO request_notes_Sila (note_ID, request_ID, content, submitter_ID, is_internal, created_at) VALUES (2316, 2155, 'Mock not eklendi. Test amacli. (Note 1)', 1, TRUE, '2026-06-27 18:03:35');
INSERT INTO request_notes_Sila (note_ID, request_ID, content, submitter_ID, is_internal, created_at) VALUES (2317, 2155, 'Mock not eklendi. Test amacli. (Note 2)', 1, FALSE, '2026-06-27 19:03:35');
INSERT INTO requests_Sila (request_ID, creator_ID, title, description, status, type, generated_id, final_priority_score, created_at) VALUES (2156, 34, 'Veritabani baglanti hatasi - Mock Dev 5 - 55', 'Musteriler bu sorundan sikayetci, acil bakilmasi gerekiyor.', 'COMPLETED', 'SİSTEM_ÇÖKÜŞÜ', 'M-0156', 79.5, '2026-06-22 15:03:35');
INSERT INTO priorities_Sila (priority_ID, request_ID, company_points, product_mgr_score, software_mgr_score, priority_score) VALUES (2156, 2156, 93.7, 4, 3, 79.5);
INSERT INTO workflows_Sila (task_ID, request_ID, developer_ID, workflow_status, assigned_by_ID, assigned_at, resolved_at) VALUES (2156, 2156, 5, 'RESOLVED', 1, '2026-06-22 16:03:35', '2026-06-24 16:03:35');
INSERT INTO request_notes_Sila (note_ID, request_ID, content, submitter_ID, is_internal, created_at) VALUES (2318, 2156, 'Mock not eklendi. Test amacli. (Note 0)', 1, FALSE, '2026-06-22 17:03:35');
INSERT INTO requests_Sila (request_ID, creator_ID, title, description, status, type, generated_id, final_priority_score, created_at) VALUES (2157, 27, '500 Internal Server Error - Mock Dev 5 - 56', 'Dun yapilan guncellemeden sonra bozuldu.', 'COMPLETED', 'VERİ_KAYBI', 'M-0157', 66.6, '2026-07-15 15:03:35');
INSERT INTO priorities_Sila (priority_ID, request_ID, company_points, product_mgr_score, software_mgr_score, priority_score) VALUES (2157, 2157, 76.4, 3, 3, 66.6);
INSERT INTO workflows_Sila (task_ID, request_ID, developer_ID, workflow_status, assigned_by_ID, assigned_at, resolved_at) VALUES (2157, 2157, 5, 'RESOLVED', 1, '2026-07-15 16:03:35', '2026-07-19 16:03:35');
INSERT INTO request_notes_Sila (note_ID, request_ID, content, submitter_ID, is_internal, created_at) VALUES (2319, 2157, 'Mock not eklendi. Test amacli. (Note 0)', 1, TRUE, '2026-07-15 17:03:35');
INSERT INTO requests_Sila (request_ID, creator_ID, title, description, status, type, generated_id, final_priority_score, created_at) VALUES (2158, 33, 'Kullanici girisi yavas - Mock Dev 5 - 57', 'Test ortaminda calisiyor ama canlida hata veriyor.', 'ASSIGNED', 'YENİ_ÖZELLİK_EKLEME', 'M-0158', 82.9, '2026-06-22 15:03:35');
INSERT INTO priorities_Sila (priority_ID, request_ID, company_points, product_mgr_score, software_mgr_score, priority_score) VALUES (2158, 2158, 87.3, 3, 5, 82.9);
INSERT INTO workflows_Sila (task_ID, request_ID, developer_ID, workflow_status, assigned_by_ID, assigned_at) VALUES (2158, 2158, 5, 'ASSIGNED', 1, '2026-06-22 16:03:35');
INSERT INTO request_notes_Sila (note_ID, request_ID, content, submitter_ID, is_internal, created_at) VALUES (2320, 2158, 'Mock not eklendi. Test amacli. (Note 0)', 5, TRUE, '2026-06-22 17:03:35');
INSERT INTO request_notes_Sila (note_ID, request_ID, content, submitter_ID, is_internal, created_at) VALUES (2321, 2158, 'Mock not eklendi. Test amacli. (Note 1)', 1, FALSE, '2026-06-22 18:03:35');
INSERT INTO request_notes_Sila (note_ID, request_ID, content, submitter_ID, is_internal, created_at) VALUES (2322, 2158, 'Mock not eklendi. Test amacli. (Note 2)', 5, FALSE, '2026-06-22 19:03:35');
INSERT INTO requests_Sila (request_ID, creator_ID, title, description, status, type, generated_id, final_priority_score, created_at) VALUES (2159, 35, 'Kullanici girisi yavas - Mock Dev 5 - 58', 'Veriler eksik geliyor, veritabani sorgusu optimize edilmeli.', 'ASSIGNED', 'YENİ_ÖZELLİK_EKLEME', 'M-0159', 78.8, '2026-06-20 15:03:35');
INSERT INTO priorities_Sila (priority_ID, request_ID, company_points, product_mgr_score, software_mgr_score, priority_score) VALUES (2159, 2159, 76.9, 4, 4, 78.8);
INSERT INTO workflows_Sila (task_ID, request_ID, developer_ID, workflow_status, assigned_by_ID, assigned_at) VALUES (2159, 2159, 5, 'ASSIGNED', 1, '2026-06-20 16:03:35');
INSERT INTO request_notes_Sila (note_ID, request_ID, content, submitter_ID, is_internal, created_at) VALUES (2323, 2159, 'Mock not eklendi. Test amacli. (Note 0)', 1, TRUE, '2026-06-20 17:03:35');
INSERT INTO request_notes_Sila (note_ID, request_ID, content, submitter_ID, is_internal, created_at) VALUES (2324, 2159, 'Mock not eklendi. Test amacli. (Note 1)', 5, FALSE, '2026-06-20 18:03:35');
INSERT INTO requests_Sila (request_ID, creator_ID, title, description, status, type, generated_id, final_priority_score, created_at) VALUES (2160, 30, '500 Internal Server Error - Mock Dev 5 - 59', 'Loglarda NullPointerException gordum, ekteki dosyaya bakiniz.', 'ASSIGNED', 'ENTEGRASYON_SIKINTILARI', 'M-0160', 83.0, '2026-07-13 15:03:35');
INSERT INTO priorities_Sila (priority_ID, request_ID, company_points, product_mgr_score, software_mgr_score, priority_score) VALUES (2160, 2160, 87.5, 3, 5, 83.0);
INSERT INTO workflows_Sila (task_ID, request_ID, developer_ID, workflow_status, assigned_by_ID, assigned_at) VALUES (2160, 2160, 5, 'ASSIGNED', 1, '2026-07-13 16:03:35');
INSERT INTO request_notes_Sila (note_ID, request_ID, content, submitter_ID, is_internal, created_at) VALUES (2325, 2160, 'Mock not eklendi. Test amacli. (Note 0)', 5, TRUE, '2026-07-13 17:03:35');
INSERT INTO requests_Sila (request_ID, creator_ID, title, description, status, type, generated_id, final_priority_score, created_at) VALUES (2161, 27, 'Yeni buton eklenmesi - Mock Dev 6 - 0', 'Musteriler bu sorundan sikayetci, acil bakilmasi gerekiyor.', 'ASSIGNED', 'GELİŞTİRME', 'M-0161', 79.1, '2026-07-09 15:03:35');
INSERT INTO priorities_Sila (priority_ID, request_ID, company_points, product_mgr_score, software_mgr_score, priority_score) VALUES (2161, 2161, 77.7, 4, 4, 79.1);
INSERT INTO workflows_Sila (task_ID, request_ID, developer_ID, workflow_status, assigned_by_ID, assigned_at) VALUES (2161, 2161, 6, 'ASSIGNED', 1, '2026-07-09 16:03:35');
INSERT INTO request_notes_Sila (note_ID, request_ID, content, submitter_ID, is_internal, created_at) VALUES (2326, 2161, 'Mock not eklendi. Test amacli. (Note 0)', 1, FALSE, '2026-07-09 17:03:35');
INSERT INTO requests_Sila (request_ID, creator_ID, title, description, status, type, generated_id, final_priority_score, created_at) VALUES (2162, 35, 'Kullanici girisi yavas - Mock Dev 6 - 1', 'Dun yapilan guncellemeden sonra bozuldu.', 'ASSIGNED', 'BUG_DÜZELTME', 'M-0162', 75.3, '2026-07-09 15:03:35');
INSERT INTO priorities_Sila (priority_ID, request_ID, company_points, product_mgr_score, software_mgr_score, priority_score) VALUES (2162, 2162, 83.2, 3, 4, 75.3);
INSERT INTO workflows_Sila (task_ID, request_ID, developer_ID, workflow_status, assigned_by_ID, assigned_at) VALUES (2162, 2162, 6, 'ASSIGNED', 1, '2026-07-09 16:03:35');
INSERT INTO request_notes_Sila (note_ID, request_ID, content, submitter_ID, is_internal, created_at) VALUES (2327, 2162, 'Mock not eklendi. Test amacli. (Note 0)', 1, TRUE, '2026-07-09 17:03:35');
INSERT INTO request_notes_Sila (note_ID, request_ID, content, submitter_ID, is_internal, created_at) VALUES (2328, 2162, 'Mock not eklendi. Test amacli. (Note 1)', 6, TRUE, '2026-07-09 18:03:35');
INSERT INTO requests_Sila (request_ID, creator_ID, title, description, status, type, generated_id, final_priority_score, created_at) VALUES (2163, 31, 'Veri kaybi yasaniyor - Mock Dev 6 - 2', 'Musteriler bu sorundan sikayetci, acil bakilmasi gerekiyor.', 'ASSIGNED', 'YENİ_ÖZELLİK_EKLEME', 'M-0163', 72.5, '2026-07-03 15:03:35');
INSERT INTO priorities_Sila (priority_ID, request_ID, company_points, product_mgr_score, software_mgr_score, priority_score) VALUES (2163, 2163, 91.3, 3, 3, 72.5);
INSERT INTO workflows_Sila (task_ID, request_ID, developer_ID, workflow_status, assigned_by_ID, assigned_at) VALUES (2163, 2163, 6, 'ASSIGNED', 1, '2026-07-03 16:03:35');
INSERT INTO request_notes_Sila (note_ID, request_ID, content, submitter_ID, is_internal, created_at) VALUES (2329, 2163, 'Mock not eklendi. Test amacli. (Note 0)', 1, TRUE, '2026-07-03 17:03:35');
INSERT INTO request_notes_Sila (note_ID, request_ID, content, submitter_ID, is_internal, created_at) VALUES (2330, 2163, 'Mock not eklendi. Test amacli. (Note 1)', 1, FALSE, '2026-07-03 18:03:35');
INSERT INTO request_notes_Sila (note_ID, request_ID, content, submitter_ID, is_internal, created_at) VALUES (2331, 2163, 'Mock not eklendi. Test amacli. (Note 2)', 1, FALSE, '2026-07-03 19:03:35');
INSERT INTO requests_Sila (request_ID, creator_ID, title, description, status, type, generated_id, final_priority_score, created_at) VALUES (2164, 31, 'Sayfa yuklenmiyor - Mock Dev 6 - 3', 'Tasarim ekibi guncellemeyi talep etti.', 'ASSIGNED', 'VERİ_KAYBI', 'M-0164', 84.3, '2026-06-27 15:03:35');
INSERT INTO priorities_Sila (priority_ID, request_ID, company_points, product_mgr_score, software_mgr_score, priority_score) VALUES (2164, 2164, 75.8, 4, 5, 84.3);
INSERT INTO workflows_Sila (task_ID, request_ID, developer_ID, workflow_status, assigned_by_ID, assigned_at) VALUES (2164, 2164, 6, 'ASSIGNED', 1, '2026-06-27 16:03:35');
INSERT INTO request_notes_Sila (note_ID, request_ID, content, submitter_ID, is_internal, created_at) VALUES (2332, 2164, 'Mock not eklendi. Test amacli. (Note 0)', 6, TRUE, '2026-06-27 17:03:35');
INSERT INTO request_notes_Sila (note_ID, request_ID, content, submitter_ID, is_internal, created_at) VALUES (2333, 2164, 'Mock not eklendi. Test amacli. (Note 1)', 1, FALSE, '2026-06-27 18:03:35');
INSERT INTO requests_Sila (request_ID, creator_ID, title, description, status, type, generated_id, final_priority_score, created_at) VALUES (2165, 34, 'Sifre sifirlama maili gelmiyor - Mock Dev 6 - 4', 'Test ortaminda calisiyor ama canlida hata veriyor.', 'ASSIGNED', 'SİSTEM_ÇÖKÜŞÜ', 'M-0165', 81.4, '2026-06-24 15:03:35');
INSERT INTO priorities_Sila (priority_ID, request_ID, company_points, product_mgr_score, software_mgr_score, priority_score) VALUES (2165, 2165, 83.5, 5, 3, 81.4);
INSERT INTO workflows_Sila (task_ID, request_ID, developer_ID, workflow_status, assigned_by_ID, assigned_at) VALUES (2165, 2165, 6, 'ASSIGNED', 1, '2026-06-24 16:03:35');
INSERT INTO request_notes_Sila (note_ID, request_ID, content, submitter_ID, is_internal, created_at) VALUES (2334, 2165, 'Mock not eklendi. Test amacli. (Note 0)', 1, TRUE, '2026-06-24 17:03:35');
INSERT INTO requests_Sila (request_ID, creator_ID, title, description, status, type, generated_id, final_priority_score, created_at) VALUES (2166, 35, 'Veritabani baglanti hatasi - Mock Dev 6 - 5', 'Sistemin genelini etkileyen bir yavaslik soz konusu.', 'COMPLETED', 'DİĞER', 'M-0166', 64.6, '2026-07-14 15:03:35');
INSERT INTO priorities_Sila (priority_ID, request_ID, company_points, product_mgr_score, software_mgr_score, priority_score) VALUES (2166, 2166, 71.5, 3, 3, 64.6);
INSERT INTO workflows_Sila (task_ID, request_ID, developer_ID, workflow_status, assigned_by_ID, assigned_at, resolved_at) VALUES (2166, 2166, 6, 'RESOLVED', 1, '2026-07-14 16:03:35', '2026-07-19 16:03:35');
INSERT INTO request_notes_Sila (note_ID, request_ID, content, submitter_ID, is_internal, created_at) VALUES (2335, 2166, 'Mock not eklendi. Test amacli. (Note 0)', 1, TRUE, '2026-07-14 17:03:35');
INSERT INTO request_notes_Sila (note_ID, request_ID, content, submitter_ID, is_internal, created_at) VALUES (2336, 2166, 'Mock not eklendi. Test amacli. (Note 1)', 1, FALSE, '2026-07-14 18:03:35');
INSERT INTO requests_Sila (request_ID, creator_ID, title, description, status, type, generated_id, final_priority_score, created_at) VALUES (2167, 26, 'Arayuzde kayma var - Mock Dev 6 - 6', 'Tasarim ekibi guncellemeyi talep etti.', 'COMPLETED', 'ENTEGRASYON_SIKINTILARI', 'M-0167', 75.2, '2026-07-08 15:03:35');
INSERT INTO priorities_Sila (priority_ID, request_ID, company_points, product_mgr_score, software_mgr_score, priority_score) VALUES (2167, 2167, 83.0, 4, 3, 75.2);
INSERT INTO workflows_Sila (task_ID, request_ID, developer_ID, workflow_status, assigned_by_ID, assigned_at, resolved_at) VALUES (2167, 2167, 6, 'RESOLVED', 1, '2026-07-08 16:03:35', '2026-07-12 16:03:35');
INSERT INTO request_notes_Sila (note_ID, request_ID, content, submitter_ID, is_internal, created_at) VALUES (2337, 2167, 'Mock not eklendi. Test amacli. (Note 0)', 6, FALSE, '2026-07-08 17:03:35');
INSERT INTO request_notes_Sila (note_ID, request_ID, content, submitter_ID, is_internal, created_at) VALUES (2338, 2167, 'Mock not eklendi. Test amacli. (Note 1)', 6, TRUE, '2026-07-08 18:03:35');
INSERT INTO requests_Sila (request_ID, creator_ID, title, description, status, type, generated_id, final_priority_score, created_at) VALUES (2168, 27, 'Veritabani baglanti hatasi - Mock Dev 6 - 7', 'Loglarda NullPointerException gordum, ekteki dosyaya bakiniz.', 'ASSIGNED', 'SİSTEM_ÇÖKÜŞÜ', 'M-0168', 82.5, '2026-06-25 15:03:35');
INSERT INTO priorities_Sila (priority_ID, request_ID, company_points, product_mgr_score, software_mgr_score, priority_score) VALUES (2168, 2168, 86.1, 4, 4, 82.5);
INSERT INTO workflows_Sila (task_ID, request_ID, developer_ID, workflow_status, assigned_by_ID, assigned_at) VALUES (2168, 2168, 6, 'ASSIGNED', 1, '2026-06-25 16:03:35');
INSERT INTO request_notes_Sila (note_ID, request_ID, content, submitter_ID, is_internal, created_at) VALUES (2339, 2168, 'Mock not eklendi. Test amacli. (Note 0)', 6, TRUE, '2026-06-25 17:03:35');
INSERT INTO request_notes_Sila (note_ID, request_ID, content, submitter_ID, is_internal, created_at) VALUES (2340, 2168, 'Mock not eklendi. Test amacli. (Note 1)', 1, FALSE, '2026-06-25 18:03:35');
INSERT INTO requests_Sila (request_ID, creator_ID, title, description, status, type, generated_id, final_priority_score, created_at) VALUES (2169, 32, 'Yeni buton eklenmesi - Mock Dev 6 - 8', 'Dun yapilan guncellemeden sonra bozuldu.', 'COMPLETED', 'ENTEGRASYON_SIKINTILARI', 'M-0169', 80.2, '2026-07-12 15:03:35');
INSERT INTO priorities_Sila (priority_ID, request_ID, company_points, product_mgr_score, software_mgr_score, priority_score) VALUES (2169, 2169, 95.4, 3, 4, 80.2);
INSERT INTO workflows_Sila (task_ID, request_ID, developer_ID, workflow_status, assigned_by_ID, assigned_at, resolved_at) VALUES (2169, 2169, 6, 'RESOLVED', 1, '2026-07-12 16:03:35', '2026-07-14 16:03:35');
INSERT INTO request_notes_Sila (note_ID, request_ID, content, submitter_ID, is_internal, created_at) VALUES (2341, 2169, 'Mock not eklendi. Test amacli. (Note 0)', 6, TRUE, '2026-07-12 17:03:35');
INSERT INTO request_notes_Sila (note_ID, request_ID, content, submitter_ID, is_internal, created_at) VALUES (2342, 2169, 'Mock not eklendi. Test amacli. (Note 1)', 6, FALSE, '2026-07-12 18:03:35');
INSERT INTO request_notes_Sila (note_ID, request_ID, content, submitter_ID, is_internal, created_at) VALUES (2343, 2169, 'Mock not eklendi. Test amacli. (Note 2)', 1, FALSE, '2026-07-12 19:03:35');
INSERT INTO requests_Sila (request_ID, creator_ID, title, description, status, type, generated_id, final_priority_score, created_at) VALUES (2170, 31, 'Sayfa yuklenmiyor - Mock Dev 6 - 9', 'Dun yapilan guncellemeden sonra bozuldu.', 'COMPLETED', 'GELİŞTİRME', 'M-0170', 83.2, '2026-07-07 15:03:35');
INSERT INTO priorities_Sila (priority_ID, request_ID, company_points, product_mgr_score, software_mgr_score, priority_score) VALUES (2170, 2170, 88.0, 5, 3, 83.2);
INSERT INTO workflows_Sila (task_ID, request_ID, developer_ID, workflow_status, assigned_by_ID, assigned_at, resolved_at) VALUES (2170, 2170, 6, 'RESOLVED', 1, '2026-07-07 16:03:35', '2026-07-11 16:03:35');
INSERT INTO request_notes_Sila (note_ID, request_ID, content, submitter_ID, is_internal, created_at) VALUES (2344, 2170, 'Mock not eklendi. Test amacli. (Note 0)', 6, TRUE, '2026-07-07 17:03:35');
INSERT INTO requests_Sila (request_ID, creator_ID, title, description, status, type, generated_id, final_priority_score, created_at) VALUES (2171, 31, 'Veri kaybi yasaniyor - Mock Dev 6 - 10', 'Musteriler bu sorundan sikayetci, acil bakilmasi gerekiyor.', 'COMPLETED', 'VERİ_KAYBI', 'M-0171', 78.0, '2026-07-14 15:03:35');
INSERT INTO priorities_Sila (priority_ID, request_ID, company_points, product_mgr_score, software_mgr_score, priority_score) VALUES (2171, 2171, 75.1, 3, 5, 78.0);
INSERT INTO workflows_Sila (task_ID, request_ID, developer_ID, workflow_status, assigned_by_ID, assigned_at, resolved_at) VALUES (2171, 2171, 6, 'RESOLVED', 1, '2026-07-14 16:03:35', '2026-07-16 16:03:35');
INSERT INTO request_notes_Sila (note_ID, request_ID, content, submitter_ID, is_internal, created_at) VALUES (2345, 2171, 'Mock not eklendi. Test amacli. (Note 0)', 6, TRUE, '2026-07-14 17:03:35');
INSERT INTO request_notes_Sila (note_ID, request_ID, content, submitter_ID, is_internal, created_at) VALUES (2346, 2171, 'Mock not eklendi. Test amacli. (Note 1)', 1, TRUE, '2026-07-14 18:03:35');
INSERT INTO requests_Sila (request_ID, creator_ID, title, description, status, type, generated_id, final_priority_score, created_at) VALUES (2172, 35, 'Arayuzde kayma var - Mock Dev 6 - 11', 'Veriler eksik geliyor, veritabani sorgusu optimize edilmeli.', 'COMPLETED', 'DİĞER', 'M-0172', 67.4, '2026-07-12 15:03:35');
INSERT INTO priorities_Sila (priority_ID, request_ID, company_points, product_mgr_score, software_mgr_score, priority_score) VALUES (2172, 2172, 78.6, 3, 3, 67.4);
INSERT INTO workflows_Sila (task_ID, request_ID, developer_ID, workflow_status, assigned_by_ID, assigned_at, resolved_at) VALUES (2172, 2172, 6, 'RESOLVED', 1, '2026-07-12 16:03:35', '2026-07-14 16:03:35');
INSERT INTO request_notes_Sila (note_ID, request_ID, content, submitter_ID, is_internal, created_at) VALUES (2347, 2172, 'Mock not eklendi. Test amacli. (Note 0)', 1, TRUE, '2026-07-12 17:03:35');
INSERT INTO requests_Sila (request_ID, creator_ID, title, description, status, type, generated_id, final_priority_score, created_at) VALUES (2173, 32, 'Mobil uyumluluk sorunu - Mock Dev 6 - 12', 'Performans cok dusuk.', 'ASSIGNED', 'BUG_DÜZELTME', 'M-0173', 85.2, '2026-07-12 15:03:35');
INSERT INTO priorities_Sila (priority_ID, request_ID, company_points, product_mgr_score, software_mgr_score, priority_score) VALUES (2173, 2173, 78.0, 5, 4, 85.2);
INSERT INTO workflows_Sila (task_ID, request_ID, developer_ID, workflow_status, assigned_by_ID, assigned_at) VALUES (2173, 2173, 6, 'ASSIGNED', 1, '2026-07-12 16:03:35');
INSERT INTO request_notes_Sila (note_ID, request_ID, content, submitter_ID, is_internal, created_at) VALUES (2348, 2173, 'Mock not eklendi. Test amacli. (Note 0)', 1, TRUE, '2026-07-12 17:03:35');
INSERT INTO request_notes_Sila (note_ID, request_ID, content, submitter_ID, is_internal, created_at) VALUES (2349, 2173, 'Mock not eklendi. Test amacli. (Note 1)', 1, FALSE, '2026-07-12 18:03:35');
INSERT INTO request_notes_Sila (note_ID, request_ID, content, submitter_ID, is_internal, created_at) VALUES (2350, 2173, 'Mock not eklendi. Test amacli. (Note 2)', 1, FALSE, '2026-07-12 19:03:35');
INSERT INTO requests_Sila (request_ID, creator_ID, title, description, status, type, generated_id, final_priority_score, created_at) VALUES (2174, 30, 'Sifre sifirlama maili gelmiyor - Mock Dev 6 - 13', 'Loglarda NullPointerException gordum, ekteki dosyaya bakiniz.', 'ASSIGNED', 'DİĞER', 'M-0174', 74.2, '2026-06-20 15:03:35');
INSERT INTO priorities_Sila (priority_ID, request_ID, company_points, product_mgr_score, software_mgr_score, priority_score) VALUES (2174, 2174, 95.4, 3, 3, 74.2);
INSERT INTO workflows_Sila (task_ID, request_ID, developer_ID, workflow_status, assigned_by_ID, assigned_at) VALUES (2174, 2174, 6, 'ASSIGNED', 1, '2026-06-20 16:03:35');
INSERT INTO request_notes_Sila (note_ID, request_ID, content, submitter_ID, is_internal, created_at) VALUES (2351, 2174, 'Mock not eklendi. Test amacli. (Note 0)', 1, TRUE, '2026-06-20 17:03:35');
INSERT INTO request_notes_Sila (note_ID, request_ID, content, submitter_ID, is_internal, created_at) VALUES (2352, 2174, 'Mock not eklendi. Test amacli. (Note 1)', 1, TRUE, '2026-06-20 18:03:35');
INSERT INTO requests_Sila (request_ID, creator_ID, title, description, status, type, generated_id, final_priority_score, created_at) VALUES (2175, 35, 'Sifre sifirlama maili gelmiyor - Mock Dev 6 - 14', 'Sistemin genelini etkileyen bir yavaslik soz konusu.', 'COMPLETED', 'BUG_DÜZELTME', 'M-0175', 89.9, '2026-06-29 15:03:35');
INSERT INTO priorities_Sila (priority_ID, request_ID, company_points, product_mgr_score, software_mgr_score, priority_score) VALUES (2175, 2175, 74.7, 5, 5, 89.9);
INSERT INTO workflows_Sila (task_ID, request_ID, developer_ID, workflow_status, assigned_by_ID, assigned_at, resolved_at) VALUES (2175, 2175, 6, 'RESOLVED', 1, '2026-06-29 16:03:35', '2026-07-03 16:03:35');
INSERT INTO request_notes_Sila (note_ID, request_ID, content, submitter_ID, is_internal, created_at) VALUES (2353, 2175, 'Mock not eklendi. Test amacli. (Note 0)', 1, TRUE, '2026-06-29 17:03:35');
INSERT INTO request_notes_Sila (note_ID, request_ID, content, submitter_ID, is_internal, created_at) VALUES (2354, 2175, 'Mock not eklendi. Test amacli. (Note 1)', 1, TRUE, '2026-06-29 18:03:35');
INSERT INTO request_notes_Sila (note_ID, request_ID, content, submitter_ID, is_internal, created_at) VALUES (2355, 2175, 'Mock not eklendi. Test amacli. (Note 2)', 1, FALSE, '2026-06-29 19:03:35');
INSERT INTO requests_Sila (request_ID, creator_ID, title, description, status, type, generated_id, final_priority_score, created_at) VALUES (2176, 27, 'Arayuzde kayma var - Mock Dev 6 - 15', 'Musteriler bu sorundan sikayetci, acil bakilmasi gerekiyor.', 'ASSIGNED', 'SİSTEM_ÇÖKÜŞÜ', 'M-0176', 87.2, '2026-06-25 15:03:35');
INSERT INTO priorities_Sila (priority_ID, request_ID, company_points, product_mgr_score, software_mgr_score, priority_score) VALUES (2176, 2176, 82.9, 4, 5, 87.2);
INSERT INTO workflows_Sila (task_ID, request_ID, developer_ID, workflow_status, assigned_by_ID, assigned_at) VALUES (2176, 2176, 6, 'ASSIGNED', 1, '2026-06-25 16:03:35');
INSERT INTO request_notes_Sila (note_ID, request_ID, content, submitter_ID, is_internal, created_at) VALUES (2356, 2176, 'Mock not eklendi. Test amacli. (Note 0)', 6, FALSE, '2026-06-25 17:03:35');
INSERT INTO request_notes_Sila (note_ID, request_ID, content, submitter_ID, is_internal, created_at) VALUES (2357, 2176, 'Mock not eklendi. Test amacli. (Note 1)', 6, TRUE, '2026-06-25 18:03:35');
INSERT INTO requests_Sila (request_ID, creator_ID, title, description, status, type, generated_id, final_priority_score, created_at) VALUES (2177, 28, 'Kullanici girisi yavas - Mock Dev 6 - 16', 'Sistemin genelini etkileyen bir yavaslik soz konusu.', 'ASSIGNED', 'YENİ_ÖZELLİK_EKLEME', 'M-0177', 83.5, '2026-07-14 15:03:35');
INSERT INTO priorities_Sila (priority_ID, request_ID, company_points, product_mgr_score, software_mgr_score, priority_score) VALUES (2177, 2177, 73.9, 4, 5, 83.5);
INSERT INTO workflows_Sila (task_ID, request_ID, developer_ID, workflow_status, assigned_by_ID, assigned_at) VALUES (2177, 2177, 6, 'ASSIGNED', 1, '2026-07-14 16:03:35');
INSERT INTO request_notes_Sila (note_ID, request_ID, content, submitter_ID, is_internal, created_at) VALUES (2358, 2177, 'Mock not eklendi. Test amacli. (Note 0)', 6, FALSE, '2026-07-14 17:03:35');
INSERT INTO request_notes_Sila (note_ID, request_ID, content, submitter_ID, is_internal, created_at) VALUES (2359, 2177, 'Mock not eklendi. Test amacli. (Note 1)', 6, FALSE, '2026-07-14 18:03:35');
INSERT INTO requests_Sila (request_ID, creator_ID, title, description, status, type, generated_id, final_priority_score, created_at) VALUES (2178, 33, 'Sayfa yuklenmiyor - Mock Dev 6 - 17', 'Veriler eksik geliyor, veritabani sorgusu optimize edilmeli.', 'ASSIGNED', 'ENTEGRASYON_SIKINTILARI', 'M-0178', 76.7, '2026-07-06 15:03:35');
INSERT INTO priorities_Sila (priority_ID, request_ID, company_points, product_mgr_score, software_mgr_score, priority_score) VALUES (2178, 2178, 86.7, 4, 3, 76.7);
INSERT INTO workflows_Sila (task_ID, request_ID, developer_ID, workflow_status, assigned_by_ID, assigned_at) VALUES (2178, 2178, 6, 'ASSIGNED', 1, '2026-07-06 16:03:35');
INSERT INTO request_notes_Sila (note_ID, request_ID, content, submitter_ID, is_internal, created_at) VALUES (2360, 2178, 'Mock not eklendi. Test amacli. (Note 0)', 1, FALSE, '2026-07-06 17:03:35');
INSERT INTO request_notes_Sila (note_ID, request_ID, content, submitter_ID, is_internal, created_at) VALUES (2361, 2178, 'Mock not eklendi. Test amacli. (Note 1)', 6, TRUE, '2026-07-06 18:03:35');
INSERT INTO requests_Sila (request_ID, creator_ID, title, description, status, type, generated_id, final_priority_score, created_at) VALUES (2179, 27, 'Sifre sifirlama maili gelmiyor - Mock Dev 6 - 18', 'Test ortaminda calisiyor ama canlida hata veriyor.', 'ASSIGNED', 'SİSTEM_ÇÖKÜŞÜ', 'M-0179', 93.4, '2026-07-16 15:03:35');
INSERT INTO priorities_Sila (priority_ID, request_ID, company_points, product_mgr_score, software_mgr_score, priority_score) VALUES (2179, 2179, 98.4, 5, 4, 93.4);
INSERT INTO workflows_Sila (task_ID, request_ID, developer_ID, workflow_status, assigned_by_ID, assigned_at) VALUES (2179, 2179, 6, 'ASSIGNED', 1, '2026-07-16 16:03:35');
INSERT INTO request_notes_Sila (note_ID, request_ID, content, submitter_ID, is_internal, created_at) VALUES (2362, 2179, 'Mock not eklendi. Test amacli. (Note 0)', 6, TRUE, '2026-07-16 17:03:35');
INSERT INTO request_notes_Sila (note_ID, request_ID, content, submitter_ID, is_internal, created_at) VALUES (2363, 2179, 'Mock not eklendi. Test amacli. (Note 1)', 6, FALSE, '2026-07-16 18:03:35');
INSERT INTO request_notes_Sila (note_ID, request_ID, content, submitter_ID, is_internal, created_at) VALUES (2364, 2179, 'Mock not eklendi. Test amacli. (Note 2)', 6, FALSE, '2026-07-16 19:03:35');
INSERT INTO requests_Sila (request_ID, creator_ID, title, description, status, type, generated_id, final_priority_score, created_at) VALUES (2180, 35, 'Veri kaybi yasaniyor - Mock Dev 6 - 19', 'Musteriler bu sorundan sikayetci, acil bakilmasi gerekiyor.', 'ASSIGNED', 'DİĞER', 'M-0180', 95.2, '2026-06-27 15:03:35');
INSERT INTO priorities_Sila (priority_ID, request_ID, company_points, product_mgr_score, software_mgr_score, priority_score) VALUES (2180, 2180, 88.0, 5, 5, 95.2);
INSERT INTO workflows_Sila (task_ID, request_ID, developer_ID, workflow_status, assigned_by_ID, assigned_at) VALUES (2180, 2180, 6, 'ASSIGNED', 1, '2026-06-27 16:03:35');
INSERT INTO request_notes_Sila (note_ID, request_ID, content, submitter_ID, is_internal, created_at) VALUES (2365, 2180, 'Mock not eklendi. Test amacli. (Note 0)', 1, TRUE, '2026-06-27 17:03:35');
INSERT INTO request_notes_Sila (note_ID, request_ID, content, submitter_ID, is_internal, created_at) VALUES (2366, 2180, 'Mock not eklendi. Test amacli. (Note 1)', 1, TRUE, '2026-06-27 18:03:35');
INSERT INTO requests_Sila (request_ID, creator_ID, title, description, status, type, generated_id, final_priority_score, created_at) VALUES (2181, 31, 'Raporlama modulu calismiyor - Mock Dev 6 - 20', 'Performans cok dusuk.', 'ASSIGNED', 'BUG_DÜZELTME', 'M-0181', 76.8, '2026-07-11 15:03:35');
INSERT INTO priorities_Sila (priority_ID, request_ID, company_points, product_mgr_score, software_mgr_score, priority_score) VALUES (2181, 2181, 72.1, 5, 3, 76.8);
INSERT INTO workflows_Sila (task_ID, request_ID, developer_ID, workflow_status, assigned_by_ID, assigned_at) VALUES (2181, 2181, 6, 'ASSIGNED', 1, '2026-07-11 16:03:35');
INSERT INTO request_notes_Sila (note_ID, request_ID, content, submitter_ID, is_internal, created_at) VALUES (2367, 2181, 'Mock not eklendi. Test amacli. (Note 0)', 6, FALSE, '2026-07-11 17:03:35');
INSERT INTO request_notes_Sila (note_ID, request_ID, content, submitter_ID, is_internal, created_at) VALUES (2368, 2181, 'Mock not eklendi. Test amacli. (Note 1)', 6, TRUE, '2026-07-11 18:03:35');
INSERT INTO requests_Sila (request_ID, creator_ID, title, description, status, type, generated_id, final_priority_score, created_at) VALUES (2182, 28, 'Veri kaybi yasaniyor - Mock Dev 6 - 21', 'Sistemin genelini etkileyen bir yavaslik soz konusu.', 'ASSIGNED', 'VERİ_KAYBI', 'M-0182', 83.9, '2026-06-28 15:03:35');
INSERT INTO priorities_Sila (priority_ID, request_ID, company_points, product_mgr_score, software_mgr_score, priority_score) VALUES (2182, 2182, 89.7, 4, 4, 83.9);
INSERT INTO workflows_Sila (task_ID, request_ID, developer_ID, workflow_status, assigned_by_ID, assigned_at) VALUES (2182, 2182, 6, 'ASSIGNED', 1, '2026-06-28 16:03:35');
INSERT INTO request_notes_Sila (note_ID, request_ID, content, submitter_ID, is_internal, created_at) VALUES (2369, 2182, 'Mock not eklendi. Test amacli. (Note 0)', 1, TRUE, '2026-06-28 17:03:35');
INSERT INTO request_notes_Sila (note_ID, request_ID, content, submitter_ID, is_internal, created_at) VALUES (2370, 2182, 'Mock not eklendi. Test amacli. (Note 1)', 6, FALSE, '2026-06-28 18:03:35');
INSERT INTO request_notes_Sila (note_ID, request_ID, content, submitter_ID, is_internal, created_at) VALUES (2371, 2182, 'Mock not eklendi. Test amacli. (Note 2)', 6, TRUE, '2026-06-28 19:03:35');
INSERT INTO requests_Sila (request_ID, creator_ID, title, description, status, type, generated_id, final_priority_score, created_at) VALUES (2183, 33, '500 Internal Server Error - Mock Dev 6 - 22', 'Musteriler bu sorundan sikayetci, acil bakilmasi gerekiyor.', 'ASSIGNED', 'ENTEGRASYON_SIKINTILARI', 'M-0183', 90.3, '2026-07-02 15:03:35');
INSERT INTO priorities_Sila (priority_ID, request_ID, company_points, product_mgr_score, software_mgr_score, priority_score) VALUES (2183, 2183, 90.9, 4, 5, 90.3);
INSERT INTO workflows_Sila (task_ID, request_ID, developer_ID, workflow_status, assigned_by_ID, assigned_at) VALUES (2183, 2183, 6, 'ASSIGNED', 1, '2026-07-02 16:03:35');
INSERT INTO request_notes_Sila (note_ID, request_ID, content, submitter_ID, is_internal, created_at) VALUES (2372, 2183, 'Mock not eklendi. Test amacli. (Note 0)', 1, TRUE, '2026-07-02 17:03:35');
INSERT INTO request_notes_Sila (note_ID, request_ID, content, submitter_ID, is_internal, created_at) VALUES (2373, 2183, 'Mock not eklendi. Test amacli. (Note 1)', 6, FALSE, '2026-07-02 18:03:35');
INSERT INTO request_notes_Sila (note_ID, request_ID, content, submitter_ID, is_internal, created_at) VALUES (2374, 2183, 'Mock not eklendi. Test amacli. (Note 2)', 6, FALSE, '2026-07-02 19:03:35');
INSERT INTO requests_Sila (request_ID, creator_ID, title, description, status, type, generated_id, final_priority_score, created_at) VALUES (2184, 31, 'Raporlama modulu calismiyor - Mock Dev 6 - 23', 'Sistemin genelini etkileyen bir yavaslik soz konusu.', 'ASSIGNED', 'ENTEGRASYON_SIKINTILARI', 'M-0184', 85.2, '2026-07-06 15:03:35');
INSERT INTO priorities_Sila (priority_ID, request_ID, company_points, product_mgr_score, software_mgr_score, priority_score) VALUES (2184, 2184, 92.9, 4, 4, 85.2);
INSERT INTO workflows_Sila (task_ID, request_ID, developer_ID, workflow_status, assigned_by_ID, assigned_at) VALUES (2184, 2184, 6, 'ASSIGNED', 1, '2026-07-06 16:03:35');
INSERT INTO request_notes_Sila (note_ID, request_ID, content, submitter_ID, is_internal, created_at) VALUES (2375, 2184, 'Mock not eklendi. Test amacli. (Note 0)', 1, FALSE, '2026-07-06 17:03:35');
INSERT INTO request_notes_Sila (note_ID, request_ID, content, submitter_ID, is_internal, created_at) VALUES (2376, 2184, 'Mock not eklendi. Test amacli. (Note 1)', 1, FALSE, '2026-07-06 18:03:35');
INSERT INTO request_notes_Sila (note_ID, request_ID, content, submitter_ID, is_internal, created_at) VALUES (2377, 2184, 'Mock not eklendi. Test amacli. (Note 2)', 1, FALSE, '2026-07-06 19:03:35');
INSERT INTO requests_Sila (request_ID, creator_ID, title, description, status, type, generated_id, final_priority_score, created_at) VALUES (2185, 34, '500 Internal Server Error - Mock Dev 6 - 24', 'Performans cok dusuk.', 'ASSIGNED', 'YENİ_ÖZELLİK_EKLEME', 'M-0185', 74.0, '2026-06-22 15:03:35');
INSERT INTO priorities_Sila (priority_ID, request_ID, company_points, product_mgr_score, software_mgr_score, priority_score) VALUES (2185, 2185, 95.0, 3, 3, 74.0);
INSERT INTO workflows_Sila (task_ID, request_ID, developer_ID, workflow_status, assigned_by_ID, assigned_at) VALUES (2185, 2185, 6, 'ASSIGNED', 1, '2026-06-22 16:03:35');
INSERT INTO request_notes_Sila (note_ID, request_ID, content, submitter_ID, is_internal, created_at) VALUES (2378, 2185, 'Mock not eklendi. Test amacli. (Note 0)', 1, TRUE, '2026-06-22 17:03:35');
INSERT INTO request_notes_Sila (note_ID, request_ID, content, submitter_ID, is_internal, created_at) VALUES (2379, 2185, 'Mock not eklendi. Test amacli. (Note 1)', 6, TRUE, '2026-06-22 18:03:35');
INSERT INTO request_notes_Sila (note_ID, request_ID, content, submitter_ID, is_internal, created_at) VALUES (2380, 2185, 'Mock not eklendi. Test amacli. (Note 2)', 6, TRUE, '2026-06-22 19:03:35');
INSERT INTO requests_Sila (request_ID, creator_ID, title, description, status, type, generated_id, final_priority_score, created_at) VALUES (2186, 31, 'Sifre sifirlama maili gelmiyor - Mock Dev 6 - 25', 'Sistemin genelini etkileyen bir yavaslik soz konusu.', 'ASSIGNED', 'YENİ_ÖZELLİK_EKLEME', 'M-0186', 98.6, '2026-06-29 15:03:35');
INSERT INTO priorities_Sila (priority_ID, request_ID, company_points, product_mgr_score, software_mgr_score, priority_score) VALUES (2186, 2186, 96.4, 5, 5, 98.6);
INSERT INTO workflows_Sila (task_ID, request_ID, developer_ID, workflow_status, assigned_by_ID, assigned_at) VALUES (2186, 2186, 6, 'ASSIGNED', 1, '2026-06-29 16:03:35');
INSERT INTO request_notes_Sila (note_ID, request_ID, content, submitter_ID, is_internal, created_at) VALUES (2381, 2186, 'Mock not eklendi. Test amacli. (Note 0)', 1, FALSE, '2026-06-29 17:03:35');
INSERT INTO requests_Sila (request_ID, creator_ID, title, description, status, type, generated_id, final_priority_score, created_at) VALUES (2187, 27, 'Sifre sifirlama maili gelmiyor - Mock Dev 6 - 26', 'Tasarim ekibi guncellemeyi talep etti.', 'COMPLETED', 'VERİ_KAYBI', 'M-0187', 92.8, '2026-06-27 15:03:35');
INSERT INTO priorities_Sila (priority_ID, request_ID, company_points, product_mgr_score, software_mgr_score, priority_score) VALUES (2187, 2187, 97.1, 5, 4, 92.8);
INSERT INTO workflows_Sila (task_ID, request_ID, developer_ID, workflow_status, assigned_by_ID, assigned_at, resolved_at) VALUES (2187, 2187, 6, 'RESOLVED', 1, '2026-06-27 16:03:35', '2026-06-30 16:03:35');
INSERT INTO request_notes_Sila (note_ID, request_ID, content, submitter_ID, is_internal, created_at) VALUES (2382, 2187, 'Mock not eklendi. Test amacli. (Note 0)', 1, FALSE, '2026-06-27 17:03:35');
INSERT INTO request_notes_Sila (note_ID, request_ID, content, submitter_ID, is_internal, created_at) VALUES (2383, 2187, 'Mock not eklendi. Test amacli. (Note 1)', 1, FALSE, '2026-06-27 18:03:35');
INSERT INTO requests_Sila (request_ID, creator_ID, title, description, status, type, generated_id, final_priority_score, created_at) VALUES (2188, 30, 'Yeni buton eklenmesi - Mock Dev 6 - 27', 'Performans cok dusuk.', 'COMPLETED', 'DİĞER', 'M-0188', 71.0, '2026-06-27 15:03:35');
INSERT INTO priorities_Sila (priority_ID, request_ID, company_points, product_mgr_score, software_mgr_score, priority_score) VALUES (2188, 2188, 72.4, 3, 4, 71.0);
INSERT INTO workflows_Sila (task_ID, request_ID, developer_ID, workflow_status, assigned_by_ID, assigned_at, resolved_at) VALUES (2188, 2188, 6, 'RESOLVED', 1, '2026-06-27 16:03:35', '2026-07-02 16:03:35');
INSERT INTO request_notes_Sila (note_ID, request_ID, content, submitter_ID, is_internal, created_at) VALUES (2384, 2188, 'Mock not eklendi. Test amacli. (Note 0)', 6, TRUE, '2026-06-27 17:03:35');
INSERT INTO request_notes_Sila (note_ID, request_ID, content, submitter_ID, is_internal, created_at) VALUES (2385, 2188, 'Mock not eklendi. Test amacli. (Note 1)', 1, TRUE, '2026-06-27 18:03:35');
INSERT INTO request_notes_Sila (note_ID, request_ID, content, submitter_ID, is_internal, created_at) VALUES (2386, 2188, 'Mock not eklendi. Test amacli. (Note 2)', 6, TRUE, '2026-06-27 19:03:35');
INSERT INTO requests_Sila (request_ID, creator_ID, title, description, status, type, generated_id, final_priority_score, created_at) VALUES (2189, 29, 'Sayfa yuklenmiyor - Mock Dev 6 - 28', 'Performans cok dusuk.', 'COMPLETED', 'YENİ_ÖZELLİK_EKLEME', 'M-0189', 78.5, '2026-07-06 15:03:35');
INSERT INTO priorities_Sila (priority_ID, request_ID, company_points, product_mgr_score, software_mgr_score, priority_score) VALUES (2189, 2189, 76.3, 4, 4, 78.5);
INSERT INTO workflows_Sila (task_ID, request_ID, developer_ID, workflow_status, assigned_by_ID, assigned_at, resolved_at) VALUES (2189, 2189, 6, 'RESOLVED', 1, '2026-07-06 16:03:35', '2026-07-07 16:03:35');
INSERT INTO request_notes_Sila (note_ID, request_ID, content, submitter_ID, is_internal, created_at) VALUES (2387, 2189, 'Mock not eklendi. Test amacli. (Note 0)', 1, FALSE, '2026-07-06 17:03:35');
INSERT INTO request_notes_Sila (note_ID, request_ID, content, submitter_ID, is_internal, created_at) VALUES (2388, 2189, 'Mock not eklendi. Test amacli. (Note 1)', 6, TRUE, '2026-07-06 18:03:35');
INSERT INTO requests_Sila (request_ID, creator_ID, title, description, status, type, generated_id, final_priority_score, created_at) VALUES (2190, 34, 'Sifre sifirlama maili gelmiyor - Mock Dev 6 - 29', 'Tasarim ekibi guncellemeyi talep etti.', 'ASSIGNED', 'ENTEGRASYON_SIKINTILARI', 'M-0190', 79.0, '2026-07-16 15:03:35');
INSERT INTO priorities_Sila (priority_ID, request_ID, company_points, product_mgr_score, software_mgr_score, priority_score) VALUES (2190, 2190, 77.5, 3, 5, 79.0);
INSERT INTO workflows_Sila (task_ID, request_ID, developer_ID, workflow_status, assigned_by_ID, assigned_at) VALUES (2190, 2190, 6, 'ASSIGNED', 1, '2026-07-16 16:03:35');
INSERT INTO request_notes_Sila (note_ID, request_ID, content, submitter_ID, is_internal, created_at) VALUES (2389, 2190, 'Mock not eklendi. Test amacli. (Note 0)', 1, FALSE, '2026-07-16 17:03:35');
INSERT INTO request_notes_Sila (note_ID, request_ID, content, submitter_ID, is_internal, created_at) VALUES (2390, 2190, 'Mock not eklendi. Test amacli. (Note 1)', 1, TRUE, '2026-07-16 18:03:35');
INSERT INTO requests_Sila (request_ID, creator_ID, title, description, status, type, generated_id, final_priority_score, created_at) VALUES (2191, 33, 'Mobil uyumluluk sorunu - Mock Dev 6 - 30', 'Musteriler bu sorundan sikayetci, acil bakilmasi gerekiyor.', 'COMPLETED', 'SİSTEM_ÇÖKÜŞÜ', 'M-0191', 78.6, '2026-06-30 15:03:35');
INSERT INTO priorities_Sila (priority_ID, request_ID, company_points, product_mgr_score, software_mgr_score, priority_score) VALUES (2191, 2191, 76.5, 4, 4, 78.6);
INSERT INTO workflows_Sila (task_ID, request_ID, developer_ID, workflow_status, assigned_by_ID, assigned_at, resolved_at) VALUES (2191, 2191, 6, 'RESOLVED', 1, '2026-06-30 16:03:35', '2026-07-02 16:03:35');
INSERT INTO request_notes_Sila (note_ID, request_ID, content, submitter_ID, is_internal, created_at) VALUES (2391, 2191, 'Mock not eklendi. Test amacli. (Note 0)', 1, TRUE, '2026-06-30 17:03:35');
INSERT INTO request_notes_Sila (note_ID, request_ID, content, submitter_ID, is_internal, created_at) VALUES (2392, 2191, 'Mock not eklendi. Test amacli. (Note 1)', 1, FALSE, '2026-06-30 18:03:35');
INSERT INTO request_notes_Sila (note_ID, request_ID, content, submitter_ID, is_internal, created_at) VALUES (2393, 2191, 'Mock not eklendi. Test amacli. (Note 2)', 1, FALSE, '2026-06-30 19:03:35');
INSERT INTO requests_Sila (request_ID, creator_ID, title, description, status, type, generated_id, final_priority_score, created_at) VALUES (2192, 27, '500 Internal Server Error - Mock Dev 6 - 31', 'Test ortaminda calisiyor ama canlida hata veriyor.', 'ASSIGNED', 'GELİŞTİRME', 'M-0192', 74.5, '2026-06-29 15:03:35');
INSERT INTO priorities_Sila (priority_ID, request_ID, company_points, product_mgr_score, software_mgr_score, priority_score) VALUES (2192, 2192, 81.2, 4, 3, 74.5);
INSERT INTO workflows_Sila (task_ID, request_ID, developer_ID, workflow_status, assigned_by_ID, assigned_at) VALUES (2192, 2192, 6, 'ASSIGNED', 1, '2026-06-29 16:03:35');
INSERT INTO request_notes_Sila (note_ID, request_ID, content, submitter_ID, is_internal, created_at) VALUES (2394, 2192, 'Mock not eklendi. Test amacli. (Note 0)', 1, TRUE, '2026-06-29 17:03:35');
INSERT INTO request_notes_Sila (note_ID, request_ID, content, submitter_ID, is_internal, created_at) VALUES (2395, 2192, 'Mock not eklendi. Test amacli. (Note 1)', 1, TRUE, '2026-06-29 18:03:35');
INSERT INTO requests_Sila (request_ID, creator_ID, title, description, status, type, generated_id, final_priority_score, created_at) VALUES (2193, 28, 'Yeni buton eklenmesi - Mock Dev 6 - 32', 'Performans cok dusuk.', 'COMPLETED', 'VERİ_KAYBI', 'M-0193', 79.2, '2026-06-29 15:03:35');
INSERT INTO priorities_Sila (priority_ID, request_ID, company_points, product_mgr_score, software_mgr_score, priority_score) VALUES (2193, 2193, 78.0, 5, 3, 79.2);
INSERT INTO workflows_Sila (task_ID, request_ID, developer_ID, workflow_status, assigned_by_ID, assigned_at, resolved_at) VALUES (2193, 2193, 6, 'RESOLVED', 1, '2026-06-29 16:03:35', '2026-07-01 16:03:35');
INSERT INTO request_notes_Sila (note_ID, request_ID, content, submitter_ID, is_internal, created_at) VALUES (2396, 2193, 'Mock not eklendi. Test amacli. (Note 0)', 6, FALSE, '2026-06-29 17:03:35');
INSERT INTO requests_Sila (request_ID, creator_ID, title, description, status, type, generated_id, final_priority_score, created_at) VALUES (2194, 32, 'Kullanici girisi yavas - Mock Dev 6 - 33', 'Test ortaminda calisiyor ama canlida hata veriyor.', 'ASSIGNED', 'GELİŞTİRME', 'M-0194', 71.3, '2026-06-29 15:03:35');
INSERT INTO priorities_Sila (priority_ID, request_ID, company_points, product_mgr_score, software_mgr_score, priority_score) VALUES (2194, 2194, 88.3, 3, 3, 71.3);
INSERT INTO workflows_Sila (task_ID, request_ID, developer_ID, workflow_status, assigned_by_ID, assigned_at) VALUES (2194, 2194, 6, 'ASSIGNED', 1, '2026-06-29 16:03:35');
INSERT INTO request_notes_Sila (note_ID, request_ID, content, submitter_ID, is_internal, created_at) VALUES (2397, 2194, 'Mock not eklendi. Test amacli. (Note 0)', 6, TRUE, '2026-06-29 17:03:35');
INSERT INTO request_notes_Sila (note_ID, request_ID, content, submitter_ID, is_internal, created_at) VALUES (2398, 2194, 'Mock not eklendi. Test amacli. (Note 1)', 1, FALSE, '2026-06-29 18:03:35');
INSERT INTO request_notes_Sila (note_ID, request_ID, content, submitter_ID, is_internal, created_at) VALUES (2399, 2194, 'Mock not eklendi. Test amacli. (Note 2)', 1, TRUE, '2026-06-29 19:03:35');
INSERT INTO requests_Sila (request_ID, creator_ID, title, description, status, type, generated_id, final_priority_score, created_at) VALUES (2195, 32, 'Kullanici girisi yavas - Mock Dev 6 - 34', 'Veriler eksik geliyor, veritabani sorgusu optimize edilmeli.', 'ASSIGNED', 'SİSTEM_ÇÖKÜŞÜ', 'M-0195', 78.0, '2026-07-10 15:03:35');
INSERT INTO priorities_Sila (priority_ID, request_ID, company_points, product_mgr_score, software_mgr_score, priority_score) VALUES (2195, 2195, 90.0, 3, 4, 78.0);
INSERT INTO workflows_Sila (task_ID, request_ID, developer_ID, workflow_status, assigned_by_ID, assigned_at) VALUES (2195, 2195, 6, 'ASSIGNED', 1, '2026-07-10 16:03:35');
INSERT INTO request_notes_Sila (note_ID, request_ID, content, submitter_ID, is_internal, created_at) VALUES (2400, 2195, 'Mock not eklendi. Test amacli. (Note 0)', 1, FALSE, '2026-07-10 17:03:35');
INSERT INTO request_notes_Sila (note_ID, request_ID, content, submitter_ID, is_internal, created_at) VALUES (2401, 2195, 'Mock not eklendi. Test amacli. (Note 1)', 1, FALSE, '2026-07-10 18:03:35');
INSERT INTO requests_Sila (request_ID, creator_ID, title, description, status, type, generated_id, final_priority_score, created_at) VALUES (2196, 29, 'Sayfa yuklenmiyor - Mock Dev 6 - 35', 'Test ortaminda calisiyor ama canlida hata veriyor.', 'ASSIGNED', 'YENİ_ÖZELLİK_EKLEME', 'M-0196', 76.5, '2026-07-08 15:03:35');
INSERT INTO priorities_Sila (priority_ID, request_ID, company_points, product_mgr_score, software_mgr_score, priority_score) VALUES (2196, 2196, 71.3, 4, 4, 76.5);
INSERT INTO workflows_Sila (task_ID, request_ID, developer_ID, workflow_status, assigned_by_ID, assigned_at) VALUES (2196, 2196, 6, 'ASSIGNED', 1, '2026-07-08 16:03:35');
INSERT INTO request_notes_Sila (note_ID, request_ID, content, submitter_ID, is_internal, created_at) VALUES (2402, 2196, 'Mock not eklendi. Test amacli. (Note 0)', 6, FALSE, '2026-07-08 17:03:35');
INSERT INTO request_notes_Sila (note_ID, request_ID, content, submitter_ID, is_internal, created_at) VALUES (2403, 2196, 'Mock not eklendi. Test amacli. (Note 1)', 1, FALSE, '2026-07-08 18:03:35');
INSERT INTO request_notes_Sila (note_ID, request_ID, content, submitter_ID, is_internal, created_at) VALUES (2404, 2196, 'Mock not eklendi. Test amacli. (Note 2)', 1, FALSE, '2026-07-08 19:03:35');
INSERT INTO requests_Sila (request_ID, creator_ID, title, description, status, type, generated_id, final_priority_score, created_at) VALUES (2197, 35, 'Veritabani baglanti hatasi - Mock Dev 6 - 36', 'Musteriler bu sorundan sikayetci, acil bakilmasi gerekiyor.', 'ASSIGNED', 'GELİŞTİRME', 'M-0197', 70.1, '2026-07-12 15:03:35');
INSERT INTO priorities_Sila (priority_ID, request_ID, company_points, product_mgr_score, software_mgr_score, priority_score) VALUES (2197, 2197, 70.3, 3, 4, 70.1);
INSERT INTO workflows_Sila (task_ID, request_ID, developer_ID, workflow_status, assigned_by_ID, assigned_at) VALUES (2197, 2197, 6, 'ASSIGNED', 1, '2026-07-12 16:03:35');
INSERT INTO request_notes_Sila (note_ID, request_ID, content, submitter_ID, is_internal, created_at) VALUES (2405, 2197, 'Mock not eklendi. Test amacli. (Note 0)', 1, FALSE, '2026-07-12 17:03:35');
INSERT INTO requests_Sila (request_ID, creator_ID, title, description, status, type, generated_id, final_priority_score, created_at) VALUES (2198, 30, 'Arayuzde kayma var - Mock Dev 6 - 37', 'Dun yapilan guncellemeden sonra bozuldu.', 'ASSIGNED', 'VERİ_KAYBI', 'M-0198', 73.7, '2026-07-03 15:03:35');
INSERT INTO priorities_Sila (priority_ID, request_ID, company_points, product_mgr_score, software_mgr_score, priority_score) VALUES (2198, 2198, 94.3, 3, 3, 73.7);
INSERT INTO workflows_Sila (task_ID, request_ID, developer_ID, workflow_status, assigned_by_ID, assigned_at) VALUES (2198, 2198, 6, 'ASSIGNED', 1, '2026-07-03 16:03:35');
INSERT INTO request_notes_Sila (note_ID, request_ID, content, submitter_ID, is_internal, created_at) VALUES (2406, 2198, 'Mock not eklendi. Test amacli. (Note 0)', 1, TRUE, '2026-07-03 17:03:35');
INSERT INTO request_notes_Sila (note_ID, request_ID, content, submitter_ID, is_internal, created_at) VALUES (2407, 2198, 'Mock not eklendi. Test amacli. (Note 1)', 1, TRUE, '2026-07-03 18:03:35');
INSERT INTO requests_Sila (request_ID, creator_ID, title, description, status, type, generated_id, final_priority_score, created_at) VALUES (2199, 27, 'Raporlama modulu calismiyor - Mock Dev 6 - 38', 'Tasarim ekibi guncellemeyi talep etti.', 'ASSIGNED', 'BUG_DÜZELTME', 'M-0199', 69.9, '2026-06-26 15:03:35');
INSERT INTO priorities_Sila (priority_ID, request_ID, company_points, product_mgr_score, software_mgr_score, priority_score) VALUES (2199, 2199, 84.7, 3, 3, 69.9);
INSERT INTO workflows_Sila (task_ID, request_ID, developer_ID, workflow_status, assigned_by_ID, assigned_at) VALUES (2199, 2199, 6, 'ASSIGNED', 1, '2026-06-26 16:03:35');
INSERT INTO request_notes_Sila (note_ID, request_ID, content, submitter_ID, is_internal, created_at) VALUES (2408, 2199, 'Mock not eklendi. Test amacli. (Note 0)', 1, TRUE, '2026-06-26 17:03:35');
INSERT INTO request_notes_Sila (note_ID, request_ID, content, submitter_ID, is_internal, created_at) VALUES (2409, 2199, 'Mock not eklendi. Test amacli. (Note 1)', 1, TRUE, '2026-06-26 18:03:35');
INSERT INTO request_notes_Sila (note_ID, request_ID, content, submitter_ID, is_internal, created_at) VALUES (2410, 2199, 'Mock not eklendi. Test amacli. (Note 2)', 6, TRUE, '2026-06-26 19:03:35');
INSERT INTO requests_Sila (request_ID, creator_ID, title, description, status, type, generated_id, final_priority_score, created_at) VALUES (2200, 34, '500 Internal Server Error - Mock Dev 6 - 39', 'Sistemin genelini etkileyen bir yavaslik soz konusu.', 'COMPLETED', 'DİĞER', 'M-0200', 86.1, '2026-07-14 15:03:35');
INSERT INTO priorities_Sila (priority_ID, request_ID, company_points, product_mgr_score, software_mgr_score, priority_score) VALUES (2200, 2200, 80.3, 4, 5, 86.1);
INSERT INTO workflows_Sila (task_ID, request_ID, developer_ID, workflow_status, assigned_by_ID, assigned_at, resolved_at) VALUES (2200, 2200, 6, 'RESOLVED', 1, '2026-07-14 16:03:35', '2026-07-17 16:03:35');
INSERT INTO request_notes_Sila (note_ID, request_ID, content, submitter_ID, is_internal, created_at) VALUES (2411, 2200, 'Mock not eklendi. Test amacli. (Note 0)', 1, TRUE, '2026-07-14 17:03:35');
INSERT INTO requests_Sila (request_ID, creator_ID, title, description, status, type, generated_id, final_priority_score, created_at) VALUES (2201, 29, 'Mobil uyumluluk sorunu - Mock Dev 6 - 40', 'Dun yapilan guncellemeden sonra bozuldu.', 'ASSIGNED', 'GELİŞTİRME', 'M-0201', 75.4, '2026-07-13 15:03:35');
INSERT INTO priorities_Sila (priority_ID, request_ID, company_points, product_mgr_score, software_mgr_score, priority_score) VALUES (2201, 2201, 83.6, 3, 4, 75.4);
INSERT INTO workflows_Sila (task_ID, request_ID, developer_ID, workflow_status, assigned_by_ID, assigned_at) VALUES (2201, 2201, 6, 'ASSIGNED', 1, '2026-07-13 16:03:35');
INSERT INTO request_notes_Sila (note_ID, request_ID, content, submitter_ID, is_internal, created_at) VALUES (2412, 2201, 'Mock not eklendi. Test amacli. (Note 0)', 1, TRUE, '2026-07-13 17:03:35');
INSERT INTO request_notes_Sila (note_ID, request_ID, content, submitter_ID, is_internal, created_at) VALUES (2413, 2201, 'Mock not eklendi. Test amacli. (Note 1)', 6, FALSE, '2026-07-13 18:03:35');
INSERT INTO requests_Sila (request_ID, creator_ID, title, description, status, type, generated_id, final_priority_score, created_at) VALUES (2202, 32, 'Veri kaybi yasaniyor - Mock Dev 6 - 41', 'Dun yapilan guncellemeden sonra bozuldu.', 'COMPLETED', 'GELİŞTİRME', 'M-0202', 93.8, '2026-07-04 15:03:35');
INSERT INTO priorities_Sila (priority_ID, request_ID, company_points, product_mgr_score, software_mgr_score, priority_score) VALUES (2202, 2202, 99.6, 4, 5, 93.8);
INSERT INTO workflows_Sila (task_ID, request_ID, developer_ID, workflow_status, assigned_by_ID, assigned_at, resolved_at) VALUES (2202, 2202, 6, 'RESOLVED', 1, '2026-07-04 16:03:35', '2026-07-09 16:03:35');
INSERT INTO request_notes_Sila (note_ID, request_ID, content, submitter_ID, is_internal, created_at) VALUES (2414, 2202, 'Mock not eklendi. Test amacli. (Note 0)', 1, TRUE, '2026-07-04 17:03:35');
INSERT INTO request_notes_Sila (note_ID, request_ID, content, submitter_ID, is_internal, created_at) VALUES (2415, 2202, 'Mock not eklendi. Test amacli. (Note 1)', 1, TRUE, '2026-07-04 18:03:35');
INSERT INTO requests_Sila (request_ID, creator_ID, title, description, status, type, generated_id, final_priority_score, created_at) VALUES (2203, 31, 'Yeni buton eklenmesi - Mock Dev 6 - 42', 'Test ortaminda calisiyor ama canlida hata veriyor.', 'ASSIGNED', 'GELİŞTİRME', 'M-0203', 72.6, '2026-06-23 15:03:35');
INSERT INTO priorities_Sila (priority_ID, request_ID, company_points, product_mgr_score, software_mgr_score, priority_score) VALUES (2203, 2203, 91.6, 3, 3, 72.6);
INSERT INTO workflows_Sila (task_ID, request_ID, developer_ID, workflow_status, assigned_by_ID, assigned_at) VALUES (2203, 2203, 6, 'ASSIGNED', 1, '2026-06-23 16:03:35');
INSERT INTO request_notes_Sila (note_ID, request_ID, content, submitter_ID, is_internal, created_at) VALUES (2416, 2203, 'Mock not eklendi. Test amacli. (Note 0)', 1, FALSE, '2026-06-23 17:03:35');
INSERT INTO request_notes_Sila (note_ID, request_ID, content, submitter_ID, is_internal, created_at) VALUES (2417, 2203, 'Mock not eklendi. Test amacli. (Note 1)', 1, FALSE, '2026-06-23 18:03:35');
INSERT INTO requests_Sila (request_ID, creator_ID, title, description, status, type, generated_id, final_priority_score, created_at) VALUES (2204, 27, 'Raporlama modulu calismiyor - Mock Dev 6 - 43', 'Sistemin genelini etkileyen bir yavaslik soz konusu.', 'COMPLETED', 'YENİ_ÖZELLİK_EKLEME', 'M-0204', 86.9, '2026-06-22 15:03:35');
INSERT INTO priorities_Sila (priority_ID, request_ID, company_points, product_mgr_score, software_mgr_score, priority_score) VALUES (2204, 2204, 97.2, 3, 5, 86.9);
INSERT INTO workflows_Sila (task_ID, request_ID, developer_ID, workflow_status, assigned_by_ID, assigned_at, resolved_at) VALUES (2204, 2204, 6, 'RESOLVED', 1, '2026-06-22 16:03:35', '2026-06-25 16:03:35');
INSERT INTO request_notes_Sila (note_ID, request_ID, content, submitter_ID, is_internal, created_at) VALUES (2418, 2204, 'Mock not eklendi. Test amacli. (Note 0)', 6, TRUE, '2026-06-22 17:03:35');
INSERT INTO requests_Sila (request_ID, creator_ID, title, description, status, type, generated_id, final_priority_score, created_at) VALUES (2205, 30, 'Veri kaybi yasaniyor - Mock Dev 6 - 44', 'Musteriler bu sorundan sikayetci, acil bakilmasi gerekiyor.', 'ASSIGNED', 'ENTEGRASYON_SIKINTILARI', 'M-0205', 81.6, '2026-06-22 15:03:35');
INSERT INTO priorities_Sila (priority_ID, request_ID, company_points, product_mgr_score, software_mgr_score, priority_score) VALUES (2205, 2205, 99.0, 4, 3, 81.6);
INSERT INTO workflows_Sila (task_ID, request_ID, developer_ID, workflow_status, assigned_by_ID, assigned_at) VALUES (2205, 2205, 6, 'ASSIGNED', 1, '2026-06-22 16:03:35');
INSERT INTO request_notes_Sila (note_ID, request_ID, content, submitter_ID, is_internal, created_at) VALUES (2419, 2205, 'Mock not eklendi. Test amacli. (Note 0)', 1, TRUE, '2026-06-22 17:03:35');
INSERT INTO request_notes_Sila (note_ID, request_ID, content, submitter_ID, is_internal, created_at) VALUES (2420, 2205, 'Mock not eklendi. Test amacli. (Note 1)', 6, TRUE, '2026-06-22 18:03:35');
INSERT INTO requests_Sila (request_ID, creator_ID, title, description, status, type, generated_id, final_priority_score, created_at) VALUES (2206, 33, 'Veri kaybi yasaniyor - Mock Dev 6 - 45', 'Performans cok dusuk.', 'ASSIGNED', 'SİSTEM_ÇÖKÜŞÜ', 'M-0206', 87.0, '2026-06-22 15:03:35');
INSERT INTO priorities_Sila (priority_ID, request_ID, company_points, product_mgr_score, software_mgr_score, priority_score) VALUES (2206, 2206, 97.6, 3, 5, 87.0);
INSERT INTO workflows_Sila (task_ID, request_ID, developer_ID, workflow_status, assigned_by_ID, assigned_at) VALUES (2206, 2206, 6, 'ASSIGNED', 1, '2026-06-22 16:03:35');
INSERT INTO request_notes_Sila (note_ID, request_ID, content, submitter_ID, is_internal, created_at) VALUES (2421, 2206, 'Mock not eklendi. Test amacli. (Note 0)', 6, TRUE, '2026-06-22 17:03:35');
INSERT INTO request_notes_Sila (note_ID, request_ID, content, submitter_ID, is_internal, created_at) VALUES (2422, 2206, 'Mock not eklendi. Test amacli. (Note 1)', 1, TRUE, '2026-06-22 18:03:35');
INSERT INTO request_notes_Sila (note_ID, request_ID, content, submitter_ID, is_internal, created_at) VALUES (2423, 2206, 'Mock not eklendi. Test amacli. (Note 2)', 1, TRUE, '2026-06-22 19:03:35');
INSERT INTO requests_Sila (request_ID, creator_ID, title, description, status, type, generated_id, final_priority_score, created_at) VALUES (2207, 31, 'Sifre sifirlama maili gelmiyor - Mock Dev 6 - 46', 'Dun yapilan guncellemeden sonra bozuldu.', 'COMPLETED', 'SİSTEM_ÇÖKÜŞÜ', 'M-0207', 83.7, '2026-07-10 15:03:35');
INSERT INTO priorities_Sila (priority_ID, request_ID, company_points, product_mgr_score, software_mgr_score, priority_score) VALUES (2207, 2207, 89.3, 4, 4, 83.7);
INSERT INTO workflows_Sila (task_ID, request_ID, developer_ID, workflow_status, assigned_by_ID, assigned_at, resolved_at) VALUES (2207, 2207, 6, 'RESOLVED', 1, '2026-07-10 16:03:35', '2026-07-14 16:03:35');
INSERT INTO request_notes_Sila (note_ID, request_ID, content, submitter_ID, is_internal, created_at) VALUES (2424, 2207, 'Mock not eklendi. Test amacli. (Note 0)', 6, FALSE, '2026-07-10 17:03:35');
INSERT INTO request_notes_Sila (note_ID, request_ID, content, submitter_ID, is_internal, created_at) VALUES (2425, 2207, 'Mock not eklendi. Test amacli. (Note 1)', 1, TRUE, '2026-07-10 18:03:35');
INSERT INTO requests_Sila (request_ID, creator_ID, title, description, status, type, generated_id, final_priority_score, created_at) VALUES (2208, 33, 'Arayuzde kayma var - Mock Dev 6 - 47', 'Musteriler bu sorundan sikayetci, acil bakilmasi gerekiyor.', 'COMPLETED', 'BUG_DÜZELTME', 'M-0208', 86.0, '2026-07-11 15:03:35');
INSERT INTO priorities_Sila (priority_ID, request_ID, company_points, product_mgr_score, software_mgr_score, priority_score) VALUES (2208, 2208, 94.9, 4, 4, 86.0);
INSERT INTO workflows_Sila (task_ID, request_ID, developer_ID, workflow_status, assigned_by_ID, assigned_at, resolved_at) VALUES (2208, 2208, 6, 'RESOLVED', 1, '2026-07-11 16:03:35', '2026-07-12 16:03:35');
INSERT INTO request_notes_Sila (note_ID, request_ID, content, submitter_ID, is_internal, created_at) VALUES (2426, 2208, 'Mock not eklendi. Test amacli. (Note 0)', 1, TRUE, '2026-07-11 17:03:35');
INSERT INTO request_notes_Sila (note_ID, request_ID, content, submitter_ID, is_internal, created_at) VALUES (2427, 2208, 'Mock not eklendi. Test amacli. (Note 1)', 6, FALSE, '2026-07-11 18:03:35');
INSERT INTO request_notes_Sila (note_ID, request_ID, content, submitter_ID, is_internal, created_at) VALUES (2428, 2208, 'Mock not eklendi. Test amacli. (Note 2)', 6, TRUE, '2026-07-11 19:03:35');
INSERT INTO requests_Sila (request_ID, creator_ID, title, description, status, type, generated_id, final_priority_score, created_at) VALUES (2209, 33, 'Sayfa yuklenmiyor - Mock Dev 6 - 48', 'Test ortaminda calisiyor ama canlida hata veriyor.', 'ASSIGNED', 'VERİ_KAYBI', 'M-0209', 76.4, '2026-06-24 15:03:35');
INSERT INTO priorities_Sila (priority_ID, request_ID, company_points, product_mgr_score, software_mgr_score, priority_score) VALUES (2209, 2209, 71.1, 4, 4, 76.4);
INSERT INTO workflows_Sila (task_ID, request_ID, developer_ID, workflow_status, assigned_by_ID, assigned_at) VALUES (2209, 2209, 6, 'ASSIGNED', 1, '2026-06-24 16:03:35');
INSERT INTO request_notes_Sila (note_ID, request_ID, content, submitter_ID, is_internal, created_at) VALUES (2429, 2209, 'Mock not eklendi. Test amacli. (Note 0)', 6, FALSE, '2026-06-24 17:03:35');
INSERT INTO requests_Sila (request_ID, creator_ID, title, description, status, type, generated_id, final_priority_score, created_at) VALUES (2210, 32, '500 Internal Server Error - Mock Dev 6 - 49', 'Dun yapilan guncellemeden sonra bozuldu.', 'ASSIGNED', 'GELİŞTİRME', 'M-0210', 80.7, '2026-07-19 15:03:35');
INSERT INTO priorities_Sila (priority_ID, request_ID, company_points, product_mgr_score, software_mgr_score, priority_score) VALUES (2210, 2210, 96.9, 3, 4, 80.7);
INSERT INTO workflows_Sila (task_ID, request_ID, developer_ID, workflow_status, assigned_by_ID, assigned_at) VALUES (2210, 2210, 6, 'ASSIGNED', 1, '2026-07-19 16:03:35');
INSERT INTO request_notes_Sila (note_ID, request_ID, content, submitter_ID, is_internal, created_at) VALUES (2430, 2210, 'Mock not eklendi. Test amacli. (Note 0)', 6, TRUE, '2026-07-19 17:03:35');
INSERT INTO request_notes_Sila (note_ID, request_ID, content, submitter_ID, is_internal, created_at) VALUES (2431, 2210, 'Mock not eklendi. Test amacli. (Note 1)', 1, TRUE, '2026-07-19 18:03:35');
INSERT INTO request_notes_Sila (note_ID, request_ID, content, submitter_ID, is_internal, created_at) VALUES (2432, 2210, 'Mock not eklendi. Test amacli. (Note 2)', 1, FALSE, '2026-07-19 19:03:35');
INSERT INTO requests_Sila (request_ID, creator_ID, title, description, status, type, generated_id, final_priority_score, created_at) VALUES (2211, 35, 'Veritabani baglanti hatasi - Mock Dev 6 - 50', 'Dun yapilan guncellemeden sonra bozuldu.', 'COMPLETED', 'BUG_DÜZELTME', 'M-0211', 92.7, '2026-06-21 15:03:35');
INSERT INTO priorities_Sila (priority_ID, request_ID, company_points, product_mgr_score, software_mgr_score, priority_score) VALUES (2211, 2211, 96.9, 4, 5, 92.7);
INSERT INTO workflows_Sila (task_ID, request_ID, developer_ID, workflow_status, assigned_by_ID, assigned_at, resolved_at) VALUES (2211, 2211, 6, 'RESOLVED', 1, '2026-06-21 16:03:35', '2026-06-22 16:03:35');
INSERT INTO request_notes_Sila (note_ID, request_ID, content, submitter_ID, is_internal, created_at) VALUES (2433, 2211, 'Mock not eklendi. Test amacli. (Note 0)', 1, TRUE, '2026-06-21 17:03:35');
INSERT INTO request_notes_Sila (note_ID, request_ID, content, submitter_ID, is_internal, created_at) VALUES (2434, 2211, 'Mock not eklendi. Test amacli. (Note 1)', 6, TRUE, '2026-06-21 18:03:35');
INSERT INTO requests_Sila (request_ID, creator_ID, title, description, status, type, generated_id, final_priority_score, created_at) VALUES (2212, 30, 'Sayfa yuklenmiyor - Mock Dev 7 - 0', 'Dun yapilan guncellemeden sonra bozuldu.', 'COMPLETED', 'SİSTEM_ÇÖKÜŞÜ', 'M-0212', 79.8, '2026-07-13 15:03:35');
INSERT INTO priorities_Sila (priority_ID, request_ID, company_points, product_mgr_score, software_mgr_score, priority_score) VALUES (2212, 2212, 79.5, 5, 3, 79.8);
INSERT INTO workflows_Sila (task_ID, request_ID, developer_ID, workflow_status, assigned_by_ID, assigned_at, resolved_at) VALUES (2212, 2212, 7, 'RESOLVED', 1, '2026-07-13 16:03:35', '2026-07-18 16:03:35');
INSERT INTO request_notes_Sila (note_ID, request_ID, content, submitter_ID, is_internal, created_at) VALUES (2435, 2212, 'Mock not eklendi. Test amacli. (Note 0)', 1, FALSE, '2026-07-13 17:03:35');
INSERT INTO request_notes_Sila (note_ID, request_ID, content, submitter_ID, is_internal, created_at) VALUES (2436, 2212, 'Mock not eklendi. Test amacli. (Note 1)', 7, FALSE, '2026-07-13 18:03:35');
INSERT INTO requests_Sila (request_ID, creator_ID, title, description, status, type, generated_id, final_priority_score, created_at) VALUES (2213, 28, 'Mobil uyumluluk sorunu - Mock Dev 7 - 1', 'Tasarim ekibi guncellemeyi talep etti.', 'ASSIGNED', 'ENTEGRASYON_SIKINTILARI', 'M-0213', 72.8, '2026-07-17 15:03:35');
INSERT INTO priorities_Sila (priority_ID, request_ID, company_points, product_mgr_score, software_mgr_score, priority_score) VALUES (2213, 2213, 77.0, 4, 3, 72.8);
INSERT INTO workflows_Sila (task_ID, request_ID, developer_ID, workflow_status, assigned_by_ID, assigned_at) VALUES (2213, 2213, 7, 'ASSIGNED', 1, '2026-07-17 16:03:35');
INSERT INTO request_notes_Sila (note_ID, request_ID, content, submitter_ID, is_internal, created_at) VALUES (2437, 2213, 'Mock not eklendi. Test amacli. (Note 0)', 7, TRUE, '2026-07-17 17:03:35');
INSERT INTO request_notes_Sila (note_ID, request_ID, content, submitter_ID, is_internal, created_at) VALUES (2438, 2213, 'Mock not eklendi. Test amacli. (Note 1)', 7, TRUE, '2026-07-17 18:03:35');
INSERT INTO requests_Sila (request_ID, creator_ID, title, description, status, type, generated_id, final_priority_score, created_at) VALUES (2214, 28, 'Sifre sifirlama maili gelmiyor - Mock Dev 7 - 2', 'Loglarda NullPointerException gordum, ekteki dosyaya bakiniz.', 'ASSIGNED', 'VERİ_KAYBI', 'M-0214', 88.8, '2026-06-24 15:03:35');
INSERT INTO priorities_Sila (priority_ID, request_ID, company_points, product_mgr_score, software_mgr_score, priority_score) VALUES (2214, 2214, 72.1, 5, 5, 88.8);
INSERT INTO workflows_Sila (task_ID, request_ID, developer_ID, workflow_status, assigned_by_ID, assigned_at) VALUES (2214, 2214, 7, 'ASSIGNED', 1, '2026-06-24 16:03:35');
INSERT INTO request_notes_Sila (note_ID, request_ID, content, submitter_ID, is_internal, created_at) VALUES (2439, 2214, 'Mock not eklendi. Test amacli. (Note 0)', 1, FALSE, '2026-06-24 17:03:35');
INSERT INTO request_notes_Sila (note_ID, request_ID, content, submitter_ID, is_internal, created_at) VALUES (2440, 2214, 'Mock not eklendi. Test amacli. (Note 1)', 1, FALSE, '2026-06-24 18:03:35');
INSERT INTO requests_Sila (request_ID, creator_ID, title, description, status, type, generated_id, final_priority_score, created_at) VALUES (2215, 29, 'Veri kaybi yasaniyor - Mock Dev 7 - 3', 'Test ortaminda calisiyor ama canlida hata veriyor.', 'ASSIGNED', 'ENTEGRASYON_SIKINTILARI', 'M-0215', 84.9, '2026-07-18 15:03:35');
INSERT INTO priorities_Sila (priority_ID, request_ID, company_points, product_mgr_score, software_mgr_score, priority_score) VALUES (2215, 2215, 92.3, 5, 3, 84.9);
INSERT INTO workflows_Sila (task_ID, request_ID, developer_ID, workflow_status, assigned_by_ID, assigned_at) VALUES (2215, 2215, 7, 'ASSIGNED', 1, '2026-07-18 16:03:35');
INSERT INTO request_notes_Sila (note_ID, request_ID, content, submitter_ID, is_internal, created_at) VALUES (2441, 2215, 'Mock not eklendi. Test amacli. (Note 0)', 7, FALSE, '2026-07-18 17:03:35');
INSERT INTO requests_Sila (request_ID, creator_ID, title, description, status, type, generated_id, final_priority_score, created_at) VALUES (2216, 29, 'Veri kaybi yasaniyor - Mock Dev 7 - 4', 'Dun yapilan guncellemeden sonra bozuldu.', 'ASSIGNED', 'DİĞER', 'M-0216', 86.2, '2026-07-09 15:03:35');
INSERT INTO priorities_Sila (priority_ID, request_ID, company_points, product_mgr_score, software_mgr_score, priority_score) VALUES (2216, 2216, 95.5, 4, 4, 86.2);
INSERT INTO workflows_Sila (task_ID, request_ID, developer_ID, workflow_status, assigned_by_ID, assigned_at) VALUES (2216, 2216, 7, 'ASSIGNED', 1, '2026-07-09 16:03:35');
INSERT INTO request_notes_Sila (note_ID, request_ID, content, submitter_ID, is_internal, created_at) VALUES (2442, 2216, 'Mock not eklendi. Test amacli. (Note 0)', 7, FALSE, '2026-07-09 17:03:35');
INSERT INTO request_notes_Sila (note_ID, request_ID, content, submitter_ID, is_internal, created_at) VALUES (2443, 2216, 'Mock not eklendi. Test amacli. (Note 1)', 1, FALSE, '2026-07-09 18:03:35');
INSERT INTO request_notes_Sila (note_ID, request_ID, content, submitter_ID, is_internal, created_at) VALUES (2444, 2216, 'Mock not eklendi. Test amacli. (Note 2)', 1, FALSE, '2026-07-09 19:03:35');
INSERT INTO requests_Sila (request_ID, creator_ID, title, description, status, type, generated_id, final_priority_score, created_at) VALUES (2217, 28, '500 Internal Server Error - Mock Dev 7 - 5', 'Tasarim ekibi guncellemeyi talep etti.', 'ASSIGNED', 'VERİ_KAYBI', 'M-0217', 72.9, '2026-06-29 15:03:35');
INSERT INTO priorities_Sila (priority_ID, request_ID, company_points, product_mgr_score, software_mgr_score, priority_score) VALUES (2217, 2217, 92.2, 3, 3, 72.9);
INSERT INTO workflows_Sila (task_ID, request_ID, developer_ID, workflow_status, assigned_by_ID, assigned_at) VALUES (2217, 2217, 7, 'ASSIGNED', 1, '2026-06-29 16:03:35');
INSERT INTO request_notes_Sila (note_ID, request_ID, content, submitter_ID, is_internal, created_at) VALUES (2445, 2217, 'Mock not eklendi. Test amacli. (Note 0)', 1, FALSE, '2026-06-29 17:03:35');
INSERT INTO requests_Sila (request_ID, creator_ID, title, description, status, type, generated_id, final_priority_score, created_at) VALUES (2218, 29, 'Yeni buton eklenmesi - Mock Dev 7 - 6', 'Veriler eksik geliyor, veritabani sorgusu optimize edilmeli.', 'COMPLETED', 'GELİŞTİRME', 'M-0218', 79.9, '2026-06-25 15:03:35');
INSERT INTO priorities_Sila (priority_ID, request_ID, company_points, product_mgr_score, software_mgr_score, priority_score) VALUES (2218, 2218, 94.7, 4, 3, 79.9);
INSERT INTO workflows_Sila (task_ID, request_ID, developer_ID, workflow_status, assigned_by_ID, assigned_at, resolved_at) VALUES (2218, 2218, 7, 'RESOLVED', 1, '2026-06-25 16:03:35', '2026-06-29 16:03:35');
INSERT INTO request_notes_Sila (note_ID, request_ID, content, submitter_ID, is_internal, created_at) VALUES (2446, 2218, 'Mock not eklendi. Test amacli. (Note 0)', 7, FALSE, '2026-06-25 17:03:35');
INSERT INTO request_notes_Sila (note_ID, request_ID, content, submitter_ID, is_internal, created_at) VALUES (2447, 2218, 'Mock not eklendi. Test amacli. (Note 1)', 7, TRUE, '2026-06-25 18:03:35');
INSERT INTO request_notes_Sila (note_ID, request_ID, content, submitter_ID, is_internal, created_at) VALUES (2448, 2218, 'Mock not eklendi. Test amacli. (Note 2)', 1, FALSE, '2026-06-25 19:03:35');
INSERT INTO requests_Sila (request_ID, creator_ID, title, description, status, type, generated_id, final_priority_score, created_at) VALUES (2219, 34, 'Raporlama modulu calismiyor - Mock Dev 7 - 7', 'Veriler eksik geliyor, veritabani sorgusu optimize edilmeli.', 'COMPLETED', 'VERİ_KAYBI', 'M-0219', 77.3, '2026-06-21 15:03:35');
INSERT INTO priorities_Sila (priority_ID, request_ID, company_points, product_mgr_score, software_mgr_score, priority_score) VALUES (2219, 2219, 73.2, 5, 3, 77.3);
INSERT INTO workflows_Sila (task_ID, request_ID, developer_ID, workflow_status, assigned_by_ID, assigned_at, resolved_at) VALUES (2219, 2219, 7, 'RESOLVED', 1, '2026-06-21 16:03:35', '2026-06-26 16:03:35');
INSERT INTO request_notes_Sila (note_ID, request_ID, content, submitter_ID, is_internal, created_at) VALUES (2449, 2219, 'Mock not eklendi. Test amacli. (Note 0)', 7, TRUE, '2026-06-21 17:03:35');
INSERT INTO requests_Sila (request_ID, creator_ID, title, description, status, type, generated_id, final_priority_score, created_at) VALUES (2220, 30, '500 Internal Server Error - Mock Dev 7 - 8', 'Veriler eksik geliyor, veritabani sorgusu optimize edilmeli.', 'ASSIGNED', 'DİĞER', 'M-0220', 80.2, '2026-06-28 15:03:35');
INSERT INTO priorities_Sila (priority_ID, request_ID, company_points, product_mgr_score, software_mgr_score, priority_score) VALUES (2220, 2220, 80.4, 4, 4, 80.2);
INSERT INTO workflows_Sila (task_ID, request_ID, developer_ID, workflow_status, assigned_by_ID, assigned_at) VALUES (2220, 2220, 7, 'ASSIGNED', 1, '2026-06-28 16:03:35');
INSERT INTO request_notes_Sila (note_ID, request_ID, content, submitter_ID, is_internal, created_at) VALUES (2450, 2220, 'Mock not eklendi. Test amacli. (Note 0)', 1, TRUE, '2026-06-28 17:03:35');
INSERT INTO requests_Sila (request_ID, creator_ID, title, description, status, type, generated_id, final_priority_score, created_at) VALUES (2221, 27, 'Veri kaybi yasaniyor - Mock Dev 7 - 9', 'Performans cok dusuk.', 'ASSIGNED', 'YENİ_ÖZELLİK_EKLEME', 'M-0221', 87.2, '2026-07-01 15:03:35');
INSERT INTO priorities_Sila (priority_ID, request_ID, company_points, product_mgr_score, software_mgr_score, priority_score) VALUES (2221, 2221, 97.9, 4, 4, 87.2);
INSERT INTO workflows_Sila (task_ID, request_ID, developer_ID, workflow_status, assigned_by_ID, assigned_at) VALUES (2221, 2221, 7, 'ASSIGNED', 1, '2026-07-01 16:03:35');
INSERT INTO request_notes_Sila (note_ID, request_ID, content, submitter_ID, is_internal, created_at) VALUES (2451, 2221, 'Mock not eklendi. Test amacli. (Note 0)', 1, TRUE, '2026-07-01 17:03:35');
INSERT INTO request_notes_Sila (note_ID, request_ID, content, submitter_ID, is_internal, created_at) VALUES (2452, 2221, 'Mock not eklendi. Test amacli. (Note 1)', 7, FALSE, '2026-07-01 18:03:35');
INSERT INTO request_notes_Sila (note_ID, request_ID, content, submitter_ID, is_internal, created_at) VALUES (2453, 2221, 'Mock not eklendi. Test amacli. (Note 2)', 7, TRUE, '2026-07-01 19:03:35');
INSERT INTO requests_Sila (request_ID, creator_ID, title, description, status, type, generated_id, final_priority_score, created_at) VALUES (2222, 30, 'Veri kaybi yasaniyor - Mock Dev 7 - 10', 'Tasarim ekibi guncellemeyi talep etti.', 'ASSIGNED', 'DİĞER', 'M-0222', 88.1, '2026-07-10 15:03:35');
INSERT INTO priorities_Sila (priority_ID, request_ID, company_points, product_mgr_score, software_mgr_score, priority_score) VALUES (2222, 2222, 85.3, 4, 5, 88.1);
INSERT INTO workflows_Sila (task_ID, request_ID, developer_ID, workflow_status, assigned_by_ID, assigned_at) VALUES (2222, 2222, 7, 'ASSIGNED', 1, '2026-07-10 16:03:35');
INSERT INTO request_notes_Sila (note_ID, request_ID, content, submitter_ID, is_internal, created_at) VALUES (2454, 2222, 'Mock not eklendi. Test amacli. (Note 0)', 7, TRUE, '2026-07-10 17:03:35');
INSERT INTO requests_Sila (request_ID, creator_ID, title, description, status, type, generated_id, final_priority_score, created_at) VALUES (2223, 35, 'Mobil uyumluluk sorunu - Mock Dev 7 - 11', 'Test ortaminda calisiyor ama canlida hata veriyor.', 'ASSIGNED', 'BUG_DÜZELTME', 'M-0223', 76.7, '2026-07-19 15:03:35');
INSERT INTO priorities_Sila (priority_ID, request_ID, company_points, product_mgr_score, software_mgr_score, priority_score) VALUES (2223, 2223, 71.7, 3, 5, 76.7);
INSERT INTO workflows_Sila (task_ID, request_ID, developer_ID, workflow_status, assigned_by_ID, assigned_at) VALUES (2223, 2223, 7, 'ASSIGNED', 1, '2026-07-19 16:03:35');
INSERT INTO request_notes_Sila (note_ID, request_ID, content, submitter_ID, is_internal, created_at) VALUES (2455, 2223, 'Mock not eklendi. Test amacli. (Note 0)', 1, FALSE, '2026-07-19 17:03:35');
INSERT INTO requests_Sila (request_ID, creator_ID, title, description, status, type, generated_id, final_priority_score, created_at) VALUES (2224, 30, 'Veritabani baglanti hatasi - Mock Dev 7 - 12', 'Test ortaminda calisiyor ama canlida hata veriyor.', 'COMPLETED', 'SİSTEM_ÇÖKÜŞÜ', 'M-0224', 93.6, '2026-06-28 15:03:35');
INSERT INTO priorities_Sila (priority_ID, request_ID, company_points, product_mgr_score, software_mgr_score, priority_score) VALUES (2224, 2224, 99.0, 5, 4, 93.6);
INSERT INTO workflows_Sila (task_ID, request_ID, developer_ID, workflow_status, assigned_by_ID, assigned_at, resolved_at) VALUES (2224, 2224, 7, 'RESOLVED', 1, '2026-06-28 16:03:35', '2026-07-01 16:03:35');
INSERT INTO request_notes_Sila (note_ID, request_ID, content, submitter_ID, is_internal, created_at) VALUES (2456, 2224, 'Mock not eklendi. Test amacli. (Note 0)', 7, TRUE, '2026-06-28 17:03:35');
INSERT INTO request_notes_Sila (note_ID, request_ID, content, submitter_ID, is_internal, created_at) VALUES (2457, 2224, 'Mock not eklendi. Test amacli. (Note 1)', 1, TRUE, '2026-06-28 18:03:35');
INSERT INTO request_notes_Sila (note_ID, request_ID, content, submitter_ID, is_internal, created_at) VALUES (2458, 2224, 'Mock not eklendi. Test amacli. (Note 2)', 1, FALSE, '2026-06-28 19:03:35');
INSERT INTO requests_Sila (request_ID, creator_ID, title, description, status, type, generated_id, final_priority_score, created_at) VALUES (2225, 28, 'Mobil uyumluluk sorunu - Mock Dev 7 - 13', 'Loglarda NullPointerException gordum, ekteki dosyaya bakiniz.', 'ASSIGNED', 'ENTEGRASYON_SIKINTILARI', 'M-0225', 78.7, '2026-07-05 15:03:35');
INSERT INTO priorities_Sila (priority_ID, request_ID, company_points, product_mgr_score, software_mgr_score, priority_score) VALUES (2225, 2225, 76.8, 3, 5, 78.7);
INSERT INTO workflows_Sila (task_ID, request_ID, developer_ID, workflow_status, assigned_by_ID, assigned_at) VALUES (2225, 2225, 7, 'ASSIGNED', 1, '2026-07-05 16:03:35');
INSERT INTO request_notes_Sila (note_ID, request_ID, content, submitter_ID, is_internal, created_at) VALUES (2459, 2225, 'Mock not eklendi. Test amacli. (Note 0)', 1, FALSE, '2026-07-05 17:03:35');
INSERT INTO requests_Sila (request_ID, creator_ID, title, description, status, type, generated_id, final_priority_score, created_at) VALUES (2226, 32, 'Veri kaybi yasaniyor - Mock Dev 7 - 14', 'Loglarda NullPointerException gordum, ekteki dosyaya bakiniz.', 'ASSIGNED', 'SİSTEM_ÇÖKÜŞÜ', 'M-0226', 84.7, '2026-07-19 15:03:35');
INSERT INTO priorities_Sila (priority_ID, request_ID, company_points, product_mgr_score, software_mgr_score, priority_score) VALUES (2226, 2226, 76.7, 5, 4, 84.7);
INSERT INTO workflows_Sila (task_ID, request_ID, developer_ID, workflow_status, assigned_by_ID, assigned_at) VALUES (2226, 2226, 7, 'ASSIGNED', 1, '2026-07-19 16:03:35');
INSERT INTO request_notes_Sila (note_ID, request_ID, content, submitter_ID, is_internal, created_at) VALUES (2460, 2226, 'Mock not eklendi. Test amacli. (Note 0)', 7, FALSE, '2026-07-19 17:03:35');
INSERT INTO request_notes_Sila (note_ID, request_ID, content, submitter_ID, is_internal, created_at) VALUES (2461, 2226, 'Mock not eklendi. Test amacli. (Note 1)', 7, TRUE, '2026-07-19 18:03:35');
INSERT INTO request_notes_Sila (note_ID, request_ID, content, submitter_ID, is_internal, created_at) VALUES (2462, 2226, 'Mock not eklendi. Test amacli. (Note 2)', 1, TRUE, '2026-07-19 19:03:35');
INSERT INTO requests_Sila (request_ID, creator_ID, title, description, status, type, generated_id, final_priority_score, created_at) VALUES (2227, 27, 'Raporlama modulu calismiyor - Mock Dev 7 - 15', 'Dun yapilan guncellemeden sonra bozuldu.', 'COMPLETED', 'DİĞER', 'M-0227', 94.5, '2026-07-10 15:03:35');
INSERT INTO priorities_Sila (priority_ID, request_ID, company_points, product_mgr_score, software_mgr_score, priority_score) VALUES (2227, 2227, 86.2, 5, 5, 94.5);
INSERT INTO workflows_Sila (task_ID, request_ID, developer_ID, workflow_status, assigned_by_ID, assigned_at, resolved_at) VALUES (2227, 2227, 7, 'RESOLVED', 1, '2026-07-10 16:03:35', '2026-07-13 16:03:35');
INSERT INTO request_notes_Sila (note_ID, request_ID, content, submitter_ID, is_internal, created_at) VALUES (2463, 2227, 'Mock not eklendi. Test amacli. (Note 0)', 1, FALSE, '2026-07-10 17:03:35');
INSERT INTO request_notes_Sila (note_ID, request_ID, content, submitter_ID, is_internal, created_at) VALUES (2464, 2227, 'Mock not eklendi. Test amacli. (Note 1)', 1, FALSE, '2026-07-10 18:03:35');
INSERT INTO request_notes_Sila (note_ID, request_ID, content, submitter_ID, is_internal, created_at) VALUES (2465, 2227, 'Mock not eklendi. Test amacli. (Note 2)', 7, TRUE, '2026-07-10 19:03:35');
INSERT INTO requests_Sila (request_ID, creator_ID, title, description, status, type, generated_id, final_priority_score, created_at) VALUES (2228, 26, 'Mobil uyumluluk sorunu - Mock Dev 7 - 16', 'Sistemin genelini etkileyen bir yavaslik soz konusu.', 'COMPLETED', 'VERİ_KAYBI', 'M-0228', 85.9, '2026-07-12 15:03:35');
INSERT INTO priorities_Sila (priority_ID, request_ID, company_points, product_mgr_score, software_mgr_score, priority_score) VALUES (2228, 2228, 94.9, 3, 5, 85.9);
INSERT INTO workflows_Sila (task_ID, request_ID, developer_ID, workflow_status, assigned_by_ID, assigned_at, resolved_at) VALUES (2228, 2228, 7, 'RESOLVED', 1, '2026-07-12 16:03:35', '2026-07-16 16:03:35');
INSERT INTO request_notes_Sila (note_ID, request_ID, content, submitter_ID, is_internal, created_at) VALUES (2466, 2228, 'Mock not eklendi. Test amacli. (Note 0)', 1, TRUE, '2026-07-12 17:03:35');
INSERT INTO request_notes_Sila (note_ID, request_ID, content, submitter_ID, is_internal, created_at) VALUES (2467, 2228, 'Mock not eklendi. Test amacli. (Note 1)', 7, FALSE, '2026-07-12 18:03:35');
INSERT INTO request_notes_Sila (note_ID, request_ID, content, submitter_ID, is_internal, created_at) VALUES (2468, 2228, 'Mock not eklendi. Test amacli. (Note 2)', 7, TRUE, '2026-07-12 19:03:35');
INSERT INTO requests_Sila (request_ID, creator_ID, title, description, status, type, generated_id, final_priority_score, created_at) VALUES (2229, 27, 'Veritabani baglanti hatasi - Mock Dev 7 - 17', 'Sistemin genelini etkileyen bir yavaslik soz konusu.', 'ASSIGNED', 'GELİŞTİRME', 'M-0229', 93.7, '2026-07-08 15:03:35');
INSERT INTO priorities_Sila (priority_ID, request_ID, company_points, product_mgr_score, software_mgr_score, priority_score) VALUES (2229, 2229, 99.2, 4, 5, 93.7);
INSERT INTO workflows_Sila (task_ID, request_ID, developer_ID, workflow_status, assigned_by_ID, assigned_at) VALUES (2229, 2229, 7, 'ASSIGNED', 1, '2026-07-08 16:03:35');
INSERT INTO request_notes_Sila (note_ID, request_ID, content, submitter_ID, is_internal, created_at) VALUES (2469, 2229, 'Mock not eklendi. Test amacli. (Note 0)', 1, FALSE, '2026-07-08 17:03:35');
INSERT INTO request_notes_Sila (note_ID, request_ID, content, submitter_ID, is_internal, created_at) VALUES (2470, 2229, 'Mock not eklendi. Test amacli. (Note 1)', 1, FALSE, '2026-07-08 18:03:35');
INSERT INTO requests_Sila (request_ID, creator_ID, title, description, status, type, generated_id, final_priority_score, created_at) VALUES (2230, 27, 'Veri kaybi yasaniyor - Mock Dev 7 - 18', 'Tasarim ekibi guncellemeyi talep etti.', 'ASSIGNED', 'YENİ_ÖZELLİK_EKLEME', 'M-0230', 85.5, '2026-06-25 15:03:35');
INSERT INTO priorities_Sila (priority_ID, request_ID, company_points, product_mgr_score, software_mgr_score, priority_score) VALUES (2230, 2230, 93.7, 5, 3, 85.5);
INSERT INTO workflows_Sila (task_ID, request_ID, developer_ID, workflow_status, assigned_by_ID, assigned_at) VALUES (2230, 2230, 7, 'ASSIGNED', 1, '2026-06-25 16:03:35');
INSERT INTO request_notes_Sila (note_ID, request_ID, content, submitter_ID, is_internal, created_at) VALUES (2471, 2230, 'Mock not eklendi. Test amacli. (Note 0)', 1, FALSE, '2026-06-25 17:03:35');
INSERT INTO request_notes_Sila (note_ID, request_ID, content, submitter_ID, is_internal, created_at) VALUES (2472, 2230, 'Mock not eklendi. Test amacli. (Note 1)', 7, TRUE, '2026-06-25 18:03:35');
INSERT INTO request_notes_Sila (note_ID, request_ID, content, submitter_ID, is_internal, created_at) VALUES (2473, 2230, 'Mock not eklendi. Test amacli. (Note 2)', 1, FALSE, '2026-06-25 19:03:35');
INSERT INTO requests_Sila (request_ID, creator_ID, title, description, status, type, generated_id, final_priority_score, created_at) VALUES (2231, 32, 'Raporlama modulu calismiyor - Mock Dev 7 - 19', 'Test ortaminda calisiyor ama canlida hata veriyor.', 'COMPLETED', 'VERİ_KAYBI', 'M-0231', 77.3, '2026-07-14 15:03:35');
INSERT INTO priorities_Sila (priority_ID, request_ID, company_points, product_mgr_score, software_mgr_score, priority_score) VALUES (2231, 2231, 73.2, 3, 5, 77.3);
INSERT INTO workflows_Sila (task_ID, request_ID, developer_ID, workflow_status, assigned_by_ID, assigned_at, resolved_at) VALUES (2231, 2231, 7, 'RESOLVED', 1, '2026-07-14 16:03:35', '2026-07-18 16:03:35');
INSERT INTO request_notes_Sila (note_ID, request_ID, content, submitter_ID, is_internal, created_at) VALUES (2474, 2231, 'Mock not eklendi. Test amacli. (Note 0)', 7, FALSE, '2026-07-14 17:03:35');
INSERT INTO requests_Sila (request_ID, creator_ID, title, description, status, type, generated_id, final_priority_score, created_at) VALUES (2232, 32, 'Mobil uyumluluk sorunu - Mock Dev 7 - 20', 'Loglarda NullPointerException gordum, ekteki dosyaya bakiniz.', 'COMPLETED', 'ENTEGRASYON_SIKINTILARI', 'M-0232', 82.5, '2026-07-06 15:03:35');
INSERT INTO priorities_Sila (priority_ID, request_ID, company_points, product_mgr_score, software_mgr_score, priority_score) VALUES (2232, 2232, 71.3, 4, 5, 82.5);
INSERT INTO workflows_Sila (task_ID, request_ID, developer_ID, workflow_status, assigned_by_ID, assigned_at, resolved_at) VALUES (2232, 2232, 7, 'RESOLVED', 1, '2026-07-06 16:03:35', '2026-07-07 16:03:35');
INSERT INTO request_notes_Sila (note_ID, request_ID, content, submitter_ID, is_internal, created_at) VALUES (2475, 2232, 'Mock not eklendi. Test amacli. (Note 0)', 7, FALSE, '2026-07-06 17:03:35');
INSERT INTO request_notes_Sila (note_ID, request_ID, content, submitter_ID, is_internal, created_at) VALUES (2476, 2232, 'Mock not eklendi. Test amacli. (Note 1)', 1, TRUE, '2026-07-06 18:03:35');
INSERT INTO requests_Sila (request_ID, creator_ID, title, description, status, type, generated_id, final_priority_score, created_at) VALUES (2233, 33, 'Arayuzde kayma var - Mock Dev 7 - 21', 'Performans cok dusuk.', 'ASSIGNED', 'ENTEGRASYON_SIKINTILARI', 'M-0233', 92.8, '2026-07-04 15:03:35');
INSERT INTO priorities_Sila (priority_ID, request_ID, company_points, product_mgr_score, software_mgr_score, priority_score) VALUES (2233, 2233, 82.0, 5, 5, 92.8);
INSERT INTO workflows_Sila (task_ID, request_ID, developer_ID, workflow_status, assigned_by_ID, assigned_at) VALUES (2233, 2233, 7, 'ASSIGNED', 1, '2026-07-04 16:03:35');
INSERT INTO request_notes_Sila (note_ID, request_ID, content, submitter_ID, is_internal, created_at) VALUES (2477, 2233, 'Mock not eklendi. Test amacli. (Note 0)', 7, TRUE, '2026-07-04 17:03:35');
INSERT INTO request_notes_Sila (note_ID, request_ID, content, submitter_ID, is_internal, created_at) VALUES (2478, 2233, 'Mock not eklendi. Test amacli. (Note 1)', 7, TRUE, '2026-07-04 18:03:35');
INSERT INTO requests_Sila (request_ID, creator_ID, title, description, status, type, generated_id, final_priority_score, created_at) VALUES (2234, 27, 'Yeni buton eklenmesi - Mock Dev 7 - 22', 'Musteriler bu sorundan sikayetci, acil bakilmasi gerekiyor.', 'ASSIGNED', 'BUG_DÜZELTME', 'M-0234', 83.2, '2026-06-23 15:03:35');
INSERT INTO priorities_Sila (priority_ID, request_ID, company_points, product_mgr_score, software_mgr_score, priority_score) VALUES (2234, 2234, 88.0, 5, 3, 83.2);
INSERT INTO workflows_Sila (task_ID, request_ID, developer_ID, workflow_status, assigned_by_ID, assigned_at) VALUES (2234, 2234, 7, 'ASSIGNED', 1, '2026-06-23 16:03:35');
INSERT INTO request_notes_Sila (note_ID, request_ID, content, submitter_ID, is_internal, created_at) VALUES (2479, 2234, 'Mock not eklendi. Test amacli. (Note 0)', 7, TRUE, '2026-06-23 17:03:35');
INSERT INTO requests_Sila (request_ID, creator_ID, title, description, status, type, generated_id, final_priority_score, created_at) VALUES (2235, 30, 'Veri kaybi yasaniyor - Mock Dev 7 - 23', 'Performans cok dusuk.', 'ASSIGNED', 'DİĞER', 'M-0235', 91.5, '2026-07-02 15:03:35');
INSERT INTO priorities_Sila (priority_ID, request_ID, company_points, product_mgr_score, software_mgr_score, priority_score) VALUES (2235, 2235, 93.6, 5, 4, 91.5);
INSERT INTO workflows_Sila (task_ID, request_ID, developer_ID, workflow_status, assigned_by_ID, assigned_at) VALUES (2235, 2235, 7, 'ASSIGNED', 1, '2026-07-02 16:03:35');
INSERT INTO request_notes_Sila (note_ID, request_ID, content, submitter_ID, is_internal, created_at) VALUES (2480, 2235, 'Mock not eklendi. Test amacli. (Note 0)', 1, FALSE, '2026-07-02 17:03:35');
INSERT INTO request_notes_Sila (note_ID, request_ID, content, submitter_ID, is_internal, created_at) VALUES (2481, 2235, 'Mock not eklendi. Test amacli. (Note 1)', 7, TRUE, '2026-07-02 18:03:35');
INSERT INTO request_notes_Sila (note_ID, request_ID, content, submitter_ID, is_internal, created_at) VALUES (2482, 2235, 'Mock not eklendi. Test amacli. (Note 2)', 7, FALSE, '2026-07-02 19:03:35');
INSERT INTO requests_Sila (request_ID, creator_ID, title, description, status, type, generated_id, final_priority_score, created_at) VALUES (2236, 35, 'Arayuzde kayma var - Mock Dev 7 - 24', 'Veriler eksik geliyor, veritabani sorgusu optimize edilmeli.', 'ASSIGNED', 'SİSTEM_ÇÖKÜŞÜ', 'M-0236', 73.2, '2026-07-09 15:03:35');
INSERT INTO priorities_Sila (priority_ID, request_ID, company_points, product_mgr_score, software_mgr_score, priority_score) VALUES (2236, 2236, 78.1, 3, 4, 73.2);
INSERT INTO workflows_Sila (task_ID, request_ID, developer_ID, workflow_status, assigned_by_ID, assigned_at) VALUES (2236, 2236, 7, 'ASSIGNED', 1, '2026-07-09 16:03:35');
INSERT INTO request_notes_Sila (note_ID, request_ID, content, submitter_ID, is_internal, created_at) VALUES (2483, 2236, 'Mock not eklendi. Test amacli. (Note 0)', 7, TRUE, '2026-07-09 17:03:35');
INSERT INTO requests_Sila (request_ID, creator_ID, title, description, status, type, generated_id, final_priority_score, created_at) VALUES (2237, 30, 'Mobil uyumluluk sorunu - Mock Dev 7 - 25', 'Loglarda NullPointerException gordum, ekteki dosyaya bakiniz.', 'COMPLETED', 'YENİ_ÖZELLİK_EKLEME', 'M-0237', 74.6, '2026-07-04 15:03:35');
INSERT INTO priorities_Sila (priority_ID, request_ID, company_points, product_mgr_score, software_mgr_score, priority_score) VALUES (2237, 2237, 96.5, 3, 3, 74.6);
INSERT INTO workflows_Sila (task_ID, request_ID, developer_ID, workflow_status, assigned_by_ID, assigned_at, resolved_at) VALUES (2237, 2237, 7, 'RESOLVED', 1, '2026-07-04 16:03:35', '2026-07-05 16:03:35');
INSERT INTO request_notes_Sila (note_ID, request_ID, content, submitter_ID, is_internal, created_at) VALUES (2484, 2237, 'Mock not eklendi. Test amacli. (Note 0)', 1, FALSE, '2026-07-04 17:03:35');
INSERT INTO request_notes_Sila (note_ID, request_ID, content, submitter_ID, is_internal, created_at) VALUES (2485, 2237, 'Mock not eklendi. Test amacli. (Note 1)', 7, FALSE, '2026-07-04 18:03:35');
INSERT INTO request_notes_Sila (note_ID, request_ID, content, submitter_ID, is_internal, created_at) VALUES (2486, 2237, 'Mock not eklendi. Test amacli. (Note 2)', 1, FALSE, '2026-07-04 19:03:35');
INSERT INTO requests_Sila (request_ID, creator_ID, title, description, status, type, generated_id, final_priority_score, created_at) VALUES (2238, 34, 'Kullanici girisi yavas - Mock Dev 7 - 26', 'Dun yapilan guncellemeden sonra bozuldu.', 'COMPLETED', 'SİSTEM_ÇÖKÜŞÜ', 'M-0238', 80.8, '2026-06-22 15:03:35');
INSERT INTO priorities_Sila (priority_ID, request_ID, company_points, product_mgr_score, software_mgr_score, priority_score) VALUES (2238, 2238, 82.1, 3, 5, 80.8);
INSERT INTO workflows_Sila (task_ID, request_ID, developer_ID, workflow_status, assigned_by_ID, assigned_at, resolved_at) VALUES (2238, 2238, 7, 'RESOLVED', 1, '2026-06-22 16:03:35', '2026-06-23 16:03:35');
INSERT INTO request_notes_Sila (note_ID, request_ID, content, submitter_ID, is_internal, created_at) VALUES (2487, 2238, 'Mock not eklendi. Test amacli. (Note 0)', 7, TRUE, '2026-06-22 17:03:35');
INSERT INTO request_notes_Sila (note_ID, request_ID, content, submitter_ID, is_internal, created_at) VALUES (2488, 2238, 'Mock not eklendi. Test amacli. (Note 1)', 1, FALSE, '2026-06-22 18:03:35');
INSERT INTO request_notes_Sila (note_ID, request_ID, content, submitter_ID, is_internal, created_at) VALUES (2489, 2238, 'Mock not eklendi. Test amacli. (Note 2)', 7, FALSE, '2026-06-22 19:03:35');
INSERT INTO requests_Sila (request_ID, creator_ID, title, description, status, type, generated_id, final_priority_score, created_at) VALUES (2239, 34, 'Veri kaybi yasaniyor - Mock Dev 7 - 27', 'Tasarim ekibi guncellemeyi talep etti.', 'COMPLETED', 'VERİ_KAYBI', 'M-0239', 67.8, '2026-07-03 15:03:35');
INSERT INTO priorities_Sila (priority_ID, request_ID, company_points, product_mgr_score, software_mgr_score, priority_score) VALUES (2239, 2239, 79.6, 3, 3, 67.8);
INSERT INTO workflows_Sila (task_ID, request_ID, developer_ID, workflow_status, assigned_by_ID, assigned_at, resolved_at) VALUES (2239, 2239, 7, 'RESOLVED', 1, '2026-07-03 16:03:35', '2026-07-07 16:03:35');
INSERT INTO request_notes_Sila (note_ID, request_ID, content, submitter_ID, is_internal, created_at) VALUES (2490, 2239, 'Mock not eklendi. Test amacli. (Note 0)', 1, TRUE, '2026-07-03 17:03:35');
INSERT INTO requests_Sila (request_ID, creator_ID, title, description, status, type, generated_id, final_priority_score, created_at) VALUES (2240, 29, 'Yeni buton eklenmesi - Mock Dev 7 - 28', 'Test ortaminda calisiyor ama canlida hata veriyor.', 'ASSIGNED', 'SİSTEM_ÇÖKÜŞÜ', 'M-0240', 94.5, '2026-06-25 15:03:35');
INSERT INTO priorities_Sila (priority_ID, request_ID, company_points, product_mgr_score, software_mgr_score, priority_score) VALUES (2240, 2240, 86.2, 5, 5, 94.5);
INSERT INTO workflows_Sila (task_ID, request_ID, developer_ID, workflow_status, assigned_by_ID, assigned_at) VALUES (2240, 2240, 7, 'ASSIGNED', 1, '2026-06-25 16:03:35');
INSERT INTO request_notes_Sila (note_ID, request_ID, content, submitter_ID, is_internal, created_at) VALUES (2491, 2240, 'Mock not eklendi. Test amacli. (Note 0)', 1, FALSE, '2026-06-25 17:03:35');
INSERT INTO request_notes_Sila (note_ID, request_ID, content, submitter_ID, is_internal, created_at) VALUES (2492, 2240, 'Mock not eklendi. Test amacli. (Note 1)', 1, FALSE, '2026-06-25 18:03:35');
INSERT INTO requests_Sila (request_ID, creator_ID, title, description, status, type, generated_id, final_priority_score, created_at) VALUES (2241, 28, 'Sifre sifirlama maili gelmiyor - Mock Dev 7 - 29', 'Veriler eksik geliyor, veritabani sorgusu optimize edilmeli.', 'COMPLETED', 'DİĞER', 'M-0241', 87.4, '2026-07-07 15:03:35');
INSERT INTO priorities_Sila (priority_ID, request_ID, company_points, product_mgr_score, software_mgr_score, priority_score) VALUES (2241, 2241, 98.4, 4, 4, 87.4);
INSERT INTO workflows_Sila (task_ID, request_ID, developer_ID, workflow_status, assigned_by_ID, assigned_at, resolved_at) VALUES (2241, 2241, 7, 'RESOLVED', 1, '2026-07-07 16:03:35', '2026-07-08 16:03:35');
INSERT INTO request_notes_Sila (note_ID, request_ID, content, submitter_ID, is_internal, created_at) VALUES (2493, 2241, 'Mock not eklendi. Test amacli. (Note 0)', 1, FALSE, '2026-07-07 17:03:35');
INSERT INTO requests_Sila (request_ID, creator_ID, title, description, status, type, generated_id, final_priority_score, created_at) VALUES (2242, 33, 'Raporlama modulu calismiyor - Mock Dev 7 - 30', 'Musteriler bu sorundan sikayetci, acil bakilmasi gerekiyor.', 'COMPLETED', 'VERİ_KAYBI', 'M-0242', 75.7, '2026-07-11 15:03:35');
INSERT INTO priorities_Sila (priority_ID, request_ID, company_points, product_mgr_score, software_mgr_score, priority_score) VALUES (2242, 2242, 84.3, 3, 4, 75.7);
INSERT INTO workflows_Sila (task_ID, request_ID, developer_ID, workflow_status, assigned_by_ID, assigned_at, resolved_at) VALUES (2242, 2242, 7, 'RESOLVED', 1, '2026-07-11 16:03:35', '2026-07-12 16:03:35');
INSERT INTO request_notes_Sila (note_ID, request_ID, content, submitter_ID, is_internal, created_at) VALUES (2494, 2242, 'Mock not eklendi. Test amacli. (Note 0)', 1, FALSE, '2026-07-11 17:03:35');
INSERT INTO requests_Sila (request_ID, creator_ID, title, description, status, type, generated_id, final_priority_score, created_at) VALUES (2243, 32, 'Veritabani baglanti hatasi - Mock Dev 7 - 31', 'Loglarda NullPointerException gordum, ekteki dosyaya bakiniz.', 'ASSIGNED', 'YENİ_ÖZELLİK_EKLEME', 'M-0243', 85.1, '2026-07-18 15:03:35');
INSERT INTO priorities_Sila (priority_ID, request_ID, company_points, product_mgr_score, software_mgr_score, priority_score) VALUES (2243, 2243, 77.8, 5, 4, 85.1);
INSERT INTO workflows_Sila (task_ID, request_ID, developer_ID, workflow_status, assigned_by_ID, assigned_at) VALUES (2243, 2243, 7, 'ASSIGNED', 1, '2026-07-18 16:03:35');
INSERT INTO request_notes_Sila (note_ID, request_ID, content, submitter_ID, is_internal, created_at) VALUES (2495, 2243, 'Mock not eklendi. Test amacli. (Note 0)', 7, FALSE, '2026-07-18 17:03:35');
INSERT INTO requests_Sila (request_ID, creator_ID, title, description, status, type, generated_id, final_priority_score, created_at) VALUES (2244, 31, 'Sifre sifirlama maili gelmiyor - Mock Dev 7 - 32', 'Tasarim ekibi guncellemeyi talep etti.', 'ASSIGNED', 'DİĞER', 'M-0244', 83.4, '2026-07-02 15:03:35');
INSERT INTO priorities_Sila (priority_ID, request_ID, company_points, product_mgr_score, software_mgr_score, priority_score) VALUES (2244, 2244, 73.4, 5, 4, 83.4);
INSERT INTO workflows_Sila (task_ID, request_ID, developer_ID, workflow_status, assigned_by_ID, assigned_at) VALUES (2244, 2244, 7, 'ASSIGNED', 1, '2026-07-02 16:03:35');
INSERT INTO request_notes_Sila (note_ID, request_ID, content, submitter_ID, is_internal, created_at) VALUES (2496, 2244, 'Mock not eklendi. Test amacli. (Note 0)', 7, TRUE, '2026-07-02 17:03:35');
INSERT INTO request_notes_Sila (note_ID, request_ID, content, submitter_ID, is_internal, created_at) VALUES (2497, 2244, 'Mock not eklendi. Test amacli. (Note 1)', 7, TRUE, '2026-07-02 18:03:35');
INSERT INTO requests_Sila (request_ID, creator_ID, title, description, status, type, generated_id, final_priority_score, created_at) VALUES (2245, 33, 'Yeni buton eklenmesi - Mock Dev 7 - 33', 'Veriler eksik geliyor, veritabani sorgusu optimize edilmeli.', 'ASSIGNED', 'DİĞER', 'M-0245', 91.7, '2026-07-14 15:03:35');
INSERT INTO priorities_Sila (priority_ID, request_ID, company_points, product_mgr_score, software_mgr_score, priority_score) VALUES (2245, 2245, 94.2, 4, 5, 91.7);
INSERT INTO workflows_Sila (task_ID, request_ID, developer_ID, workflow_status, assigned_by_ID, assigned_at) VALUES (2245, 2245, 7, 'ASSIGNED', 1, '2026-07-14 16:03:35');
INSERT INTO request_notes_Sila (note_ID, request_ID, content, submitter_ID, is_internal, created_at) VALUES (2498, 2245, 'Mock not eklendi. Test amacli. (Note 0)', 7, TRUE, '2026-07-14 17:03:35');
INSERT INTO requests_Sila (request_ID, creator_ID, title, description, status, type, generated_id, final_priority_score, created_at) VALUES (2246, 32, 'Sifre sifirlama maili gelmiyor - Mock Dev 7 - 34', 'Tasarim ekibi guncellemeyi talep etti.', 'ASSIGNED', 'GELİŞTİRME', 'M-0246', 84.6, '2026-06-20 15:03:35');
INSERT INTO priorities_Sila (priority_ID, request_ID, company_points, product_mgr_score, software_mgr_score, priority_score) VALUES (2246, 2246, 91.5, 5, 3, 84.6);
INSERT INTO workflows_Sila (task_ID, request_ID, developer_ID, workflow_status, assigned_by_ID, assigned_at) VALUES (2246, 2246, 7, 'ASSIGNED', 1, '2026-06-20 16:03:35');
INSERT INTO request_notes_Sila (note_ID, request_ID, content, submitter_ID, is_internal, created_at) VALUES (2499, 2246, 'Mock not eklendi. Test amacli. (Note 0)', 1, FALSE, '2026-06-20 17:03:35');
INSERT INTO requests_Sila (request_ID, creator_ID, title, description, status, type, generated_id, final_priority_score, created_at) VALUES (2247, 34, 'Kullanici girisi yavas - Mock Dev 7 - 35', 'Dun yapilan guncellemeden sonra bozuldu.', 'ASSIGNED', 'BUG_DÜZELTME', 'M-0247', 80.2, '2026-07-05 15:03:35');
INSERT INTO priorities_Sila (priority_ID, request_ID, company_points, product_mgr_score, software_mgr_score, priority_score) VALUES (2247, 2247, 95.6, 4, 3, 80.2);
INSERT INTO workflows_Sila (task_ID, request_ID, developer_ID, workflow_status, assigned_by_ID, assigned_at) VALUES (2247, 2247, 7, 'ASSIGNED', 1, '2026-07-05 16:03:35');
INSERT INTO request_notes_Sila (note_ID, request_ID, content, submitter_ID, is_internal, created_at) VALUES (2500, 2247, 'Mock not eklendi. Test amacli. (Note 0)', 1, FALSE, '2026-07-05 17:03:35');
INSERT INTO request_notes_Sila (note_ID, request_ID, content, submitter_ID, is_internal, created_at) VALUES (2501, 2247, 'Mock not eklendi. Test amacli. (Note 1)', 7, TRUE, '2026-07-05 18:03:35');
INSERT INTO requests_Sila (request_ID, creator_ID, title, description, status, type, generated_id, final_priority_score, created_at) VALUES (2248, 35, 'Veri kaybi yasaniyor - Mock Dev 7 - 36', 'Tasarim ekibi guncellemeyi talep etti.', 'COMPLETED', 'VERİ_KAYBI', 'M-0248', 77.1, '2026-07-05 15:03:35');
INSERT INTO priorities_Sila (priority_ID, request_ID, company_points, product_mgr_score, software_mgr_score, priority_score) VALUES (2248, 2248, 72.8, 3, 5, 77.1);
INSERT INTO workflows_Sila (task_ID, request_ID, developer_ID, workflow_status, assigned_by_ID, assigned_at, resolved_at) VALUES (2248, 2248, 7, 'RESOLVED', 1, '2026-07-05 16:03:35', '2026-07-09 16:03:35');
INSERT INTO request_notes_Sila (note_ID, request_ID, content, submitter_ID, is_internal, created_at) VALUES (2502, 2248, 'Mock not eklendi. Test amacli. (Note 0)', 1, FALSE, '2026-07-05 17:03:35');
INSERT INTO request_notes_Sila (note_ID, request_ID, content, submitter_ID, is_internal, created_at) VALUES (2503, 2248, 'Mock not eklendi. Test amacli. (Note 1)', 7, TRUE, '2026-07-05 18:03:35');
INSERT INTO requests_Sila (request_ID, creator_ID, title, description, status, type, generated_id, final_priority_score, created_at) VALUES (2249, 29, 'Mobil uyumluluk sorunu - Mock Dev 7 - 37', 'Musteriler bu sorundan sikayetci, acil bakilmasi gerekiyor.', 'COMPLETED', 'BUG_DÜZELTME', 'M-0249', 80.2, '2026-06-21 15:03:35');
INSERT INTO priorities_Sila (priority_ID, request_ID, company_points, product_mgr_score, software_mgr_score, priority_score) VALUES (2249, 2249, 80.4, 4, 4, 80.2);
INSERT INTO workflows_Sila (task_ID, request_ID, developer_ID, workflow_status, assigned_by_ID, assigned_at, resolved_at) VALUES (2249, 2249, 7, 'RESOLVED', 1, '2026-06-21 16:03:35', '2026-06-24 16:03:35');
INSERT INTO request_notes_Sila (note_ID, request_ID, content, submitter_ID, is_internal, created_at) VALUES (2504, 2249, 'Mock not eklendi. Test amacli. (Note 0)', 7, TRUE, '2026-06-21 17:03:35');
INSERT INTO request_notes_Sila (note_ID, request_ID, content, submitter_ID, is_internal, created_at) VALUES (2505, 2249, 'Mock not eklendi. Test amacli. (Note 1)', 7, FALSE, '2026-06-21 18:03:35');
INSERT INTO requests_Sila (request_ID, creator_ID, title, description, status, type, generated_id, final_priority_score, created_at) VALUES (2250, 27, 'Arayuzde kayma var - Mock Dev 7 - 38', 'Musteriler bu sorundan sikayetci, acil bakilmasi gerekiyor.', 'COMPLETED', 'SİSTEM_ÇÖKÜŞÜ', 'M-0250', 78.9, '2026-07-07 15:03:35');
INSERT INTO priorities_Sila (priority_ID, request_ID, company_points, product_mgr_score, software_mgr_score, priority_score) VALUES (2250, 2250, 77.4, 5, 3, 78.9);
INSERT INTO workflows_Sila (task_ID, request_ID, developer_ID, workflow_status, assigned_by_ID, assigned_at, resolved_at) VALUES (2250, 2250, 7, 'RESOLVED', 1, '2026-07-07 16:03:35', '2026-07-12 16:03:35');
INSERT INTO request_notes_Sila (note_ID, request_ID, content, submitter_ID, is_internal, created_at) VALUES (2506, 2250, 'Mock not eklendi. Test amacli. (Note 0)', 1, FALSE, '2026-07-07 17:03:35');
INSERT INTO request_notes_Sila (note_ID, request_ID, content, submitter_ID, is_internal, created_at) VALUES (2507, 2250, 'Mock not eklendi. Test amacli. (Note 1)', 1, FALSE, '2026-07-07 18:03:35');
INSERT INTO request_notes_Sila (note_ID, request_ID, content, submitter_ID, is_internal, created_at) VALUES (2508, 2250, 'Mock not eklendi. Test amacli. (Note 2)', 7, FALSE, '2026-07-07 19:03:35');
INSERT INTO requests_Sila (request_ID, creator_ID, title, description, status, type, generated_id, final_priority_score, created_at) VALUES (2251, 29, 'Yeni buton eklenmesi - Mock Dev 7 - 39', 'Performans cok dusuk.', 'ASSIGNED', 'SİSTEM_ÇÖKÜŞÜ', 'M-0251', 71.3, '2026-06-21 15:03:35');
INSERT INTO priorities_Sila (priority_ID, request_ID, company_points, product_mgr_score, software_mgr_score, priority_score) VALUES (2251, 2251, 73.1, 3, 4, 71.3);
INSERT INTO workflows_Sila (task_ID, request_ID, developer_ID, workflow_status, assigned_by_ID, assigned_at) VALUES (2251, 2251, 7, 'ASSIGNED', 1, '2026-06-21 16:03:35');
INSERT INTO request_notes_Sila (note_ID, request_ID, content, submitter_ID, is_internal, created_at) VALUES (2509, 2251, 'Mock not eklendi. Test amacli. (Note 0)', 1, FALSE, '2026-06-21 17:03:35');
INSERT INTO request_notes_Sila (note_ID, request_ID, content, submitter_ID, is_internal, created_at) VALUES (2510, 2251, 'Mock not eklendi. Test amacli. (Note 1)', 1, FALSE, '2026-06-21 18:03:35');
INSERT INTO request_notes_Sila (note_ID, request_ID, content, submitter_ID, is_internal, created_at) VALUES (2511, 2251, 'Mock not eklendi. Test amacli. (Note 2)', 1, TRUE, '2026-06-21 19:03:35');
INSERT INTO requests_Sila (request_ID, creator_ID, title, description, status, type, generated_id, final_priority_score, created_at) VALUES (2252, 30, '500 Internal Server Error - Mock Dev 7 - 40', 'Dun yapilan guncellemeden sonra bozuldu.', 'COMPLETED', 'ENTEGRASYON_SIKINTILARI', 'M-0252', 88.7, '2026-07-08 15:03:35');
INSERT INTO priorities_Sila (priority_ID, request_ID, company_points, product_mgr_score, software_mgr_score, priority_score) VALUES (2252, 2252, 86.8, 5, 4, 88.7);
INSERT INTO workflows_Sila (task_ID, request_ID, developer_ID, workflow_status, assigned_by_ID, assigned_at, resolved_at) VALUES (2252, 2252, 7, 'RESOLVED', 1, '2026-07-08 16:03:35', '2026-07-10 16:03:35');
INSERT INTO request_notes_Sila (note_ID, request_ID, content, submitter_ID, is_internal, created_at) VALUES (2512, 2252, 'Mock not eklendi. Test amacli. (Note 0)', 7, FALSE, '2026-07-08 17:03:35');
INSERT INTO request_notes_Sila (note_ID, request_ID, content, submitter_ID, is_internal, created_at) VALUES (2513, 2252, 'Mock not eklendi. Test amacli. (Note 1)', 7, TRUE, '2026-07-08 18:03:35');
INSERT INTO requests_Sila (request_ID, creator_ID, title, description, status, type, generated_id, final_priority_score, created_at) VALUES (2253, 32, 'Mobil uyumluluk sorunu - Mock Dev 8 - 0', 'Veriler eksik geliyor, veritabani sorgusu optimize edilmeli.', 'ASSIGNED', 'DİĞER', 'M-0253', 86.9, '2026-07-03 15:03:35');
INSERT INTO priorities_Sila (priority_ID, request_ID, company_points, product_mgr_score, software_mgr_score, priority_score) VALUES (2253, 2253, 97.4, 4, 4, 86.9);
INSERT INTO workflows_Sila (task_ID, request_ID, developer_ID, workflow_status, assigned_by_ID, assigned_at) VALUES (2253, 2253, 8, 'ASSIGNED', 1, '2026-07-03 16:03:35');
INSERT INTO request_notes_Sila (note_ID, request_ID, content, submitter_ID, is_internal, created_at) VALUES (2514, 2253, 'Mock not eklendi. Test amacli. (Note 0)', 8, TRUE, '2026-07-03 17:03:35');
INSERT INTO request_notes_Sila (note_ID, request_ID, content, submitter_ID, is_internal, created_at) VALUES (2515, 2253, 'Mock not eklendi. Test amacli. (Note 1)', 1, TRUE, '2026-07-03 18:03:35');
INSERT INTO request_notes_Sila (note_ID, request_ID, content, submitter_ID, is_internal, created_at) VALUES (2516, 2253, 'Mock not eklendi. Test amacli. (Note 2)', 8, TRUE, '2026-07-03 19:03:35');
INSERT INTO requests_Sila (request_ID, creator_ID, title, description, status, type, generated_id, final_priority_score, created_at) VALUES (2254, 33, '500 Internal Server Error - Mock Dev 8 - 1', 'Dun yapilan guncellemeden sonra bozuldu.', 'ASSIGNED', 'ENTEGRASYON_SIKINTILARI', 'M-0254', 82.5, '2026-06-21 15:03:35');
INSERT INTO priorities_Sila (priority_ID, request_ID, company_points, product_mgr_score, software_mgr_score, priority_score) VALUES (2254, 2254, 86.3, 3, 5, 82.5);
INSERT INTO workflows_Sila (task_ID, request_ID, developer_ID, workflow_status, assigned_by_ID, assigned_at) VALUES (2254, 2254, 8, 'ASSIGNED', 1, '2026-06-21 16:03:35');
INSERT INTO request_notes_Sila (note_ID, request_ID, content, submitter_ID, is_internal, created_at) VALUES (2517, 2254, 'Mock not eklendi. Test amacli. (Note 0)', 1, TRUE, '2026-06-21 17:03:35');
INSERT INTO request_notes_Sila (note_ID, request_ID, content, submitter_ID, is_internal, created_at) VALUES (2518, 2254, 'Mock not eklendi. Test amacli. (Note 1)', 1, TRUE, '2026-06-21 18:03:35');
INSERT INTO requests_Sila (request_ID, creator_ID, title, description, status, type, generated_id, final_priority_score, created_at) VALUES (2255, 30, 'Sifre sifirlama maili gelmiyor - Mock Dev 8 - 2', 'Sistemin genelini etkileyen bir yavaslik soz konusu.', 'COMPLETED', 'DİĞER', 'M-0255', 77.4, '2026-07-19 15:03:35');
INSERT INTO priorities_Sila (priority_ID, request_ID, company_points, product_mgr_score, software_mgr_score, priority_score) VALUES (2255, 2255, 73.6, 3, 5, 77.4);
INSERT INTO workflows_Sila (task_ID, request_ID, developer_ID, workflow_status, assigned_by_ID, assigned_at, resolved_at) VALUES (2255, 2255, 8, 'RESOLVED', 1, '2026-07-19 16:03:35', '2026-07-24 16:03:35');
INSERT INTO request_notes_Sila (note_ID, request_ID, content, submitter_ID, is_internal, created_at) VALUES (2519, 2255, 'Mock not eklendi. Test amacli. (Note 0)', 8, TRUE, '2026-07-19 17:03:35');
INSERT INTO request_notes_Sila (note_ID, request_ID, content, submitter_ID, is_internal, created_at) VALUES (2520, 2255, 'Mock not eklendi. Test amacli. (Note 1)', 1, TRUE, '2026-07-19 18:03:35');
INSERT INTO request_notes_Sila (note_ID, request_ID, content, submitter_ID, is_internal, created_at) VALUES (2521, 2255, 'Mock not eklendi. Test amacli. (Note 2)', 8, TRUE, '2026-07-19 19:03:35');
INSERT INTO requests_Sila (request_ID, creator_ID, title, description, status, type, generated_id, final_priority_score, created_at) VALUES (2256, 35, 'Yeni buton eklenmesi - Mock Dev 8 - 3', 'Test ortaminda calisiyor ama canlida hata veriyor.', 'COMPLETED', 'GELİŞTİRME', 'M-0256', 73.2, '2026-06-27 15:03:35');
INSERT INTO priorities_Sila (priority_ID, request_ID, company_points, product_mgr_score, software_mgr_score, priority_score) VALUES (2256, 2256, 77.9, 4, 3, 73.2);
INSERT INTO workflows_Sila (task_ID, request_ID, developer_ID, workflow_status, assigned_by_ID, assigned_at, resolved_at) VALUES (2256, 2256, 8, 'RESOLVED', 1, '2026-06-27 16:03:35', '2026-06-30 16:03:35');
INSERT INTO request_notes_Sila (note_ID, request_ID, content, submitter_ID, is_internal, created_at) VALUES (2522, 2256, 'Mock not eklendi. Test amacli. (Note 0)', 1, TRUE, '2026-06-27 17:03:35');
INSERT INTO request_notes_Sila (note_ID, request_ID, content, submitter_ID, is_internal, created_at) VALUES (2523, 2256, 'Mock not eklendi. Test amacli. (Note 1)', 1, TRUE, '2026-06-27 18:03:35');
INSERT INTO requests_Sila (request_ID, creator_ID, title, description, status, type, generated_id, final_priority_score, created_at) VALUES (2257, 28, 'Raporlama modulu calismiyor - Mock Dev 8 - 4', 'Musteriler bu sorundan sikayetci, acil bakilmasi gerekiyor.', 'COMPLETED', 'BUG_DÜZELTME', 'M-0257', 83.8, '2026-07-05 15:03:35');
INSERT INTO priorities_Sila (priority_ID, request_ID, company_points, product_mgr_score, software_mgr_score, priority_score) VALUES (2257, 2257, 74.4, 4, 5, 83.8);
INSERT INTO workflows_Sila (task_ID, request_ID, developer_ID, workflow_status, assigned_by_ID, assigned_at, resolved_at) VALUES (2257, 2257, 8, 'RESOLVED', 1, '2026-07-05 16:03:35', '2026-07-08 16:03:35');
INSERT INTO request_notes_Sila (note_ID, request_ID, content, submitter_ID, is_internal, created_at) VALUES (2524, 2257, 'Mock not eklendi. Test amacli. (Note 0)', 8, FALSE, '2026-07-05 17:03:35');
INSERT INTO requests_Sila (request_ID, creator_ID, title, description, status, type, generated_id, final_priority_score, created_at) VALUES (2258, 31, 'Mobil uyumluluk sorunu - Mock Dev 8 - 5', 'Performans cok dusuk.', 'COMPLETED', 'ENTEGRASYON_SIKINTILARI', 'M-0258', 74.6, '2026-07-08 15:03:35');
INSERT INTO priorities_Sila (priority_ID, request_ID, company_points, product_mgr_score, software_mgr_score, priority_score) VALUES (2258, 2258, 81.6, 3, 4, 74.6);
INSERT INTO workflows_Sila (task_ID, request_ID, developer_ID, workflow_status, assigned_by_ID, assigned_at, resolved_at) VALUES (2258, 2258, 8, 'RESOLVED', 1, '2026-07-08 16:03:35', '2026-07-13 16:03:35');
INSERT INTO request_notes_Sila (note_ID, request_ID, content, submitter_ID, is_internal, created_at) VALUES (2525, 2258, 'Mock not eklendi. Test amacli. (Note 0)', 1, TRUE, '2026-07-08 17:03:35');
INSERT INTO request_notes_Sila (note_ID, request_ID, content, submitter_ID, is_internal, created_at) VALUES (2526, 2258, 'Mock not eklendi. Test amacli. (Note 1)', 1, FALSE, '2026-07-08 18:03:35');
INSERT INTO requests_Sila (request_ID, creator_ID, title, description, status, type, generated_id, final_priority_score, created_at) VALUES (2259, 33, '500 Internal Server Error - Mock Dev 8 - 6', 'Sistemin genelini etkileyen bir yavaslik soz konusu.', 'ASSIGNED', 'SİSTEM_ÇÖKÜŞÜ', 'M-0259', 93.1, '2026-07-09 15:03:35');
INSERT INTO priorities_Sila (priority_ID, request_ID, company_points, product_mgr_score, software_mgr_score, priority_score) VALUES (2259, 2259, 97.8, 5, 4, 93.1);
INSERT INTO workflows_Sila (task_ID, request_ID, developer_ID, workflow_status, assigned_by_ID, assigned_at) VALUES (2259, 2259, 8, 'ASSIGNED', 1, '2026-07-09 16:03:35');
INSERT INTO request_notes_Sila (note_ID, request_ID, content, submitter_ID, is_internal, created_at) VALUES (2527, 2259, 'Mock not eklendi. Test amacli. (Note 0)', 1, TRUE, '2026-07-09 17:03:35');
INSERT INTO request_notes_Sila (note_ID, request_ID, content, submitter_ID, is_internal, created_at) VALUES (2528, 2259, 'Mock not eklendi. Test amacli. (Note 1)', 1, FALSE, '2026-07-09 18:03:35');
INSERT INTO requests_Sila (request_ID, creator_ID, title, description, status, type, generated_id, final_priority_score, created_at) VALUES (2260, 32, 'Arayuzde kayma var - Mock Dev 8 - 7', 'Tasarim ekibi guncellemeyi talep etti.', 'COMPLETED', 'GELİŞTİRME', 'M-0260', 83.5, '2026-07-02 15:03:35');
INSERT INTO priorities_Sila (priority_ID, request_ID, company_points, product_mgr_score, software_mgr_score, priority_score) VALUES (2260, 2260, 88.8, 5, 3, 83.5);
INSERT INTO workflows_Sila (task_ID, request_ID, developer_ID, workflow_status, assigned_by_ID, assigned_at, resolved_at) VALUES (2260, 2260, 8, 'RESOLVED', 1, '2026-07-02 16:03:35', '2026-07-03 16:03:35');
INSERT INTO request_notes_Sila (note_ID, request_ID, content, submitter_ID, is_internal, created_at) VALUES (2529, 2260, 'Mock not eklendi. Test amacli. (Note 0)', 8, TRUE, '2026-07-02 17:03:35');
INSERT INTO request_notes_Sila (note_ID, request_ID, content, submitter_ID, is_internal, created_at) VALUES (2530, 2260, 'Mock not eklendi. Test amacli. (Note 1)', 8, FALSE, '2026-07-02 18:03:35');
INSERT INTO request_notes_Sila (note_ID, request_ID, content, submitter_ID, is_internal, created_at) VALUES (2531, 2260, 'Mock not eklendi. Test amacli. (Note 2)', 8, TRUE, '2026-07-02 19:03:35');
INSERT INTO requests_Sila (request_ID, creator_ID, title, description, status, type, generated_id, final_priority_score, created_at) VALUES (2261, 33, 'Mobil uyumluluk sorunu - Mock Dev 8 - 8', 'Dun yapilan guncellemeden sonra bozuldu.', 'ASSIGNED', 'YENİ_ÖZELLİK_EKLEME', 'M-0261', 79.3, '2026-07-02 15:03:35');
INSERT INTO priorities_Sila (priority_ID, request_ID, company_points, product_mgr_score, software_mgr_score, priority_score) VALUES (2261, 2261, 93.2, 4, 3, 79.3);
INSERT INTO workflows_Sila (task_ID, request_ID, developer_ID, workflow_status, assigned_by_ID, assigned_at) VALUES (2261, 2261, 8, 'ASSIGNED', 1, '2026-07-02 16:03:35');
INSERT INTO request_notes_Sila (note_ID, request_ID, content, submitter_ID, is_internal, created_at) VALUES (2532, 2261, 'Mock not eklendi. Test amacli. (Note 0)', 8, TRUE, '2026-07-02 17:03:35');
INSERT INTO request_notes_Sila (note_ID, request_ID, content, submitter_ID, is_internal, created_at) VALUES (2533, 2261, 'Mock not eklendi. Test amacli. (Note 1)', 1, FALSE, '2026-07-02 18:03:35');
INSERT INTO requests_Sila (request_ID, creator_ID, title, description, status, type, generated_id, final_priority_score, created_at) VALUES (2262, 27, 'Veritabani baglanti hatasi - Mock Dev 8 - 9', 'Tasarim ekibi guncellemeyi talep etti.', 'ASSIGNED', 'YENİ_ÖZELLİK_EKLEME', 'M-0262', 75.6, '2026-06-24 15:03:35');
INSERT INTO priorities_Sila (priority_ID, request_ID, company_points, product_mgr_score, software_mgr_score, priority_score) VALUES (2262, 2262, 99.1, 3, 3, 75.6);
INSERT INTO workflows_Sila (task_ID, request_ID, developer_ID, workflow_status, assigned_by_ID, assigned_at) VALUES (2262, 2262, 8, 'ASSIGNED', 1, '2026-06-24 16:03:35');
INSERT INTO request_notes_Sila (note_ID, request_ID, content, submitter_ID, is_internal, created_at) VALUES (2534, 2262, 'Mock not eklendi. Test amacli. (Note 0)', 8, FALSE, '2026-06-24 17:03:35');
INSERT INTO requests_Sila (request_ID, creator_ID, title, description, status, type, generated_id, final_priority_score, created_at) VALUES (2263, 28, 'Mobil uyumluluk sorunu - Mock Dev 8 - 10', 'Veriler eksik geliyor, veritabani sorgusu optimize edilmeli.', 'ASSIGNED', 'ENTEGRASYON_SIKINTILARI', 'M-0263', 93.8, '2026-07-15 15:03:35');
INSERT INTO priorities_Sila (priority_ID, request_ID, company_points, product_mgr_score, software_mgr_score, priority_score) VALUES (2263, 2263, 84.4, 5, 5, 93.8);
INSERT INTO workflows_Sila (task_ID, request_ID, developer_ID, workflow_status, assigned_by_ID, assigned_at) VALUES (2263, 2263, 8, 'ASSIGNED', 1, '2026-07-15 16:03:35');
INSERT INTO request_notes_Sila (note_ID, request_ID, content, submitter_ID, is_internal, created_at) VALUES (2535, 2263, 'Mock not eklendi. Test amacli. (Note 0)', 1, FALSE, '2026-07-15 17:03:35');
INSERT INTO requests_Sila (request_ID, creator_ID, title, description, status, type, generated_id, final_priority_score, created_at) VALUES (2264, 31, 'Veri kaybi yasaniyor - Mock Dev 8 - 11', 'Veriler eksik geliyor, veritabani sorgusu optimize edilmeli.', 'ASSIGNED', 'GELİŞTİRME', 'M-0264', 70.3, '2026-06-30 15:03:35');
INSERT INTO priorities_Sila (priority_ID, request_ID, company_points, product_mgr_score, software_mgr_score, priority_score) VALUES (2264, 2264, 70.6, 3, 4, 70.3);
INSERT INTO workflows_Sila (task_ID, request_ID, developer_ID, workflow_status, assigned_by_ID, assigned_at) VALUES (2264, 2264, 8, 'ASSIGNED', 1, '2026-06-30 16:03:35');
INSERT INTO request_notes_Sila (note_ID, request_ID, content, submitter_ID, is_internal, created_at) VALUES (2536, 2264, 'Mock not eklendi. Test amacli. (Note 0)', 1, FALSE, '2026-06-30 17:03:35');
INSERT INTO request_notes_Sila (note_ID, request_ID, content, submitter_ID, is_internal, created_at) VALUES (2537, 2264, 'Mock not eklendi. Test amacli. (Note 1)', 8, FALSE, '2026-06-30 18:03:35');
INSERT INTO requests_Sila (request_ID, creator_ID, title, description, status, type, generated_id, final_priority_score, created_at) VALUES (2265, 30, 'Mobil uyumluluk sorunu - Mock Dev 8 - 12', 'Loglarda NullPointerException gordum, ekteki dosyaya bakiniz.', 'COMPLETED', 'BUG_DÜZELTME', 'M-0265', 70.5, '2026-06-21 15:03:35');
INSERT INTO priorities_Sila (priority_ID, request_ID, company_points, product_mgr_score, software_mgr_score, priority_score) VALUES (2265, 2265, 86.3, 3, 3, 70.5);
INSERT INTO workflows_Sila (task_ID, request_ID, developer_ID, workflow_status, assigned_by_ID, assigned_at, resolved_at) VALUES (2265, 2265, 8, 'RESOLVED', 1, '2026-06-21 16:03:35', '2026-06-22 16:03:35');
INSERT INTO request_notes_Sila (note_ID, request_ID, content, submitter_ID, is_internal, created_at) VALUES (2538, 2265, 'Mock not eklendi. Test amacli. (Note 0)', 8, FALSE, '2026-06-21 17:03:35');
INSERT INTO requests_Sila (request_ID, creator_ID, title, description, status, type, generated_id, final_priority_score, created_at) VALUES (2266, 31, 'Arayuzde kayma var - Mock Dev 8 - 13', 'Test ortaminda calisiyor ama canlida hata veriyor.', 'COMPLETED', 'GELİŞTİRME', 'M-0266', 90.4, '2026-07-01 15:03:35');
INSERT INTO priorities_Sila (priority_ID, request_ID, company_points, product_mgr_score, software_mgr_score, priority_score) VALUES (2266, 2266, 76.0, 5, 5, 90.4);
INSERT INTO workflows_Sila (task_ID, request_ID, developer_ID, workflow_status, assigned_by_ID, assigned_at, resolved_at) VALUES (2266, 2266, 8, 'RESOLVED', 1, '2026-07-01 16:03:35', '2026-07-06 16:03:35');
INSERT INTO request_notes_Sila (note_ID, request_ID, content, submitter_ID, is_internal, created_at) VALUES (2539, 2266, 'Mock not eklendi. Test amacli. (Note 0)', 1, FALSE, '2026-07-01 17:03:35');
INSERT INTO request_notes_Sila (note_ID, request_ID, content, submitter_ID, is_internal, created_at) VALUES (2540, 2266, 'Mock not eklendi. Test amacli. (Note 1)', 1, TRUE, '2026-07-01 18:03:35');
INSERT INTO request_notes_Sila (note_ID, request_ID, content, submitter_ID, is_internal, created_at) VALUES (2541, 2266, 'Mock not eklendi. Test amacli. (Note 2)', 8, FALSE, '2026-07-01 19:03:35');
INSERT INTO requests_Sila (request_ID, creator_ID, title, description, status, type, generated_id, final_priority_score, created_at) VALUES (2267, 33, 'Yeni buton eklenmesi - Mock Dev 8 - 14', 'Musteriler bu sorundan sikayetci, acil bakilmasi gerekiyor.', 'ASSIGNED', 'BUG_DÜZELTME', 'M-0267', 80.6, '2026-06-24 15:03:35');
INSERT INTO priorities_Sila (priority_ID, request_ID, company_points, product_mgr_score, software_mgr_score, priority_score) VALUES (2267, 2267, 81.6, 5, 3, 80.6);
INSERT INTO workflows_Sila (task_ID, request_ID, developer_ID, workflow_status, assigned_by_ID, assigned_at) VALUES (2267, 2267, 8, 'ASSIGNED', 1, '2026-06-24 16:03:35');
INSERT INTO request_notes_Sila (note_ID, request_ID, content, submitter_ID, is_internal, created_at) VALUES (2542, 2267, 'Mock not eklendi. Test amacli. (Note 0)', 8, TRUE, '2026-06-24 17:03:35');
INSERT INTO request_notes_Sila (note_ID, request_ID, content, submitter_ID, is_internal, created_at) VALUES (2543, 2267, 'Mock not eklendi. Test amacli. (Note 1)', 8, TRUE, '2026-06-24 18:03:35');
INSERT INTO requests_Sila (request_ID, creator_ID, title, description, status, type, generated_id, final_priority_score, created_at) VALUES (2268, 29, '500 Internal Server Error - Mock Dev 8 - 15', 'Musteriler bu sorundan sikayetci, acil bakilmasi gerekiyor.', 'ASSIGNED', 'GELİŞTİRME', 'M-0268', 86.2, '2026-07-17 15:03:35');
INSERT INTO priorities_Sila (priority_ID, request_ID, company_points, product_mgr_score, software_mgr_score, priority_score) VALUES (2268, 2268, 95.4, 5, 3, 86.2);
INSERT INTO workflows_Sila (task_ID, request_ID, developer_ID, workflow_status, assigned_by_ID, assigned_at) VALUES (2268, 2268, 8, 'ASSIGNED', 1, '2026-07-17 16:03:35');
INSERT INTO request_notes_Sila (note_ID, request_ID, content, submitter_ID, is_internal, created_at) VALUES (2544, 2268, 'Mock not eklendi. Test amacli. (Note 0)', 1, FALSE, '2026-07-17 17:03:35');
INSERT INTO request_notes_Sila (note_ID, request_ID, content, submitter_ID, is_internal, created_at) VALUES (2545, 2268, 'Mock not eklendi. Test amacli. (Note 1)', 8, FALSE, '2026-07-17 18:03:35');
INSERT INTO request_notes_Sila (note_ID, request_ID, content, submitter_ID, is_internal, created_at) VALUES (2546, 2268, 'Mock not eklendi. Test amacli. (Note 2)', 8, FALSE, '2026-07-17 19:03:35');
INSERT INTO requests_Sila (request_ID, creator_ID, title, description, status, type, generated_id, final_priority_score, created_at) VALUES (2269, 26, 'Raporlama modulu calismiyor - Mock Dev 8 - 16', 'Musteriler bu sorundan sikayetci, acil bakilmasi gerekiyor.', 'COMPLETED', 'GELİŞTİRME', 'M-0269', 65.0, '2026-07-14 15:03:35');
INSERT INTO priorities_Sila (priority_ID, request_ID, company_points, product_mgr_score, software_mgr_score, priority_score) VALUES (2269, 2269, 72.6, 3, 3, 65.0);
INSERT INTO workflows_Sila (task_ID, request_ID, developer_ID, workflow_status, assigned_by_ID, assigned_at, resolved_at) VALUES (2269, 2269, 8, 'RESOLVED', 1, '2026-07-14 16:03:35', '2026-07-17 16:03:35');
INSERT INTO request_notes_Sila (note_ID, request_ID, content, submitter_ID, is_internal, created_at) VALUES (2547, 2269, 'Mock not eklendi. Test amacli. (Note 0)', 8, FALSE, '2026-07-14 17:03:35');
INSERT INTO request_notes_Sila (note_ID, request_ID, content, submitter_ID, is_internal, created_at) VALUES (2548, 2269, 'Mock not eklendi. Test amacli. (Note 1)', 1, FALSE, '2026-07-14 18:03:35');
INSERT INTO requests_Sila (request_ID, creator_ID, title, description, status, type, generated_id, final_priority_score, created_at) VALUES (2270, 34, 'Kullanici girisi yavas - Mock Dev 8 - 17', 'Performans cok dusuk.', 'COMPLETED', 'DİĞER', 'M-0270', 78.9, '2026-06-25 15:03:35');
INSERT INTO priorities_Sila (priority_ID, request_ID, company_points, product_mgr_score, software_mgr_score, priority_score) VALUES (2270, 2270, 77.4, 3, 5, 78.9);
INSERT INTO workflows_Sila (task_ID, request_ID, developer_ID, workflow_status, assigned_by_ID, assigned_at, resolved_at) VALUES (2270, 2270, 8, 'RESOLVED', 1, '2026-06-25 16:03:35', '2026-06-29 16:03:35');
INSERT INTO request_notes_Sila (note_ID, request_ID, content, submitter_ID, is_internal, created_at) VALUES (2549, 2270, 'Mock not eklendi. Test amacli. (Note 0)', 8, FALSE, '2026-06-25 17:03:35');
INSERT INTO requests_Sila (request_ID, creator_ID, title, description, status, type, generated_id, final_priority_score, created_at) VALUES (2271, 26, 'Arayuzde kayma var - Mock Dev 8 - 18', 'Performans cok dusuk.', 'COMPLETED', 'VERİ_KAYBI', 'M-0271', 65.2, '2026-07-13 15:03:35');
INSERT INTO priorities_Sila (priority_ID, request_ID, company_points, product_mgr_score, software_mgr_score, priority_score) VALUES (2271, 2271, 72.9, 3, 3, 65.2);
INSERT INTO workflows_Sila (task_ID, request_ID, developer_ID, workflow_status, assigned_by_ID, assigned_at, resolved_at) VALUES (2271, 2271, 8, 'RESOLVED', 1, '2026-07-13 16:03:35', '2026-07-18 16:03:35');
INSERT INTO request_notes_Sila (note_ID, request_ID, content, submitter_ID, is_internal, created_at) VALUES (2550, 2271, 'Mock not eklendi. Test amacli. (Note 0)', 1, TRUE, '2026-07-13 17:03:35');
INSERT INTO requests_Sila (request_ID, creator_ID, title, description, status, type, generated_id, final_priority_score, created_at) VALUES (2272, 32, '500 Internal Server Error - Mock Dev 8 - 19', 'Performans cok dusuk.', 'ASSIGNED', 'GELİŞTİRME', 'M-0272', 96.4, '2026-07-18 15:03:35');
INSERT INTO priorities_Sila (priority_ID, request_ID, company_points, product_mgr_score, software_mgr_score, priority_score) VALUES (2272, 2272, 91.1, 5, 5, 96.4);
INSERT INTO workflows_Sila (task_ID, request_ID, developer_ID, workflow_status, assigned_by_ID, assigned_at) VALUES (2272, 2272, 8, 'ASSIGNED', 1, '2026-07-18 16:03:35');
INSERT INTO request_notes_Sila (note_ID, request_ID, content, submitter_ID, is_internal, created_at) VALUES (2551, 2272, 'Mock not eklendi. Test amacli. (Note 0)', 1, TRUE, '2026-07-18 17:03:35');
INSERT INTO requests_Sila (request_ID, creator_ID, title, description, status, type, generated_id, final_priority_score, created_at) VALUES (2273, 29, 'Raporlama modulu calismiyor - Mock Dev 8 - 20', 'Loglarda NullPointerException gordum, ekteki dosyaya bakiniz.', 'COMPLETED', 'BUG_DÜZELTME', 'M-0273', 86.5, '2026-07-14 15:03:35');
INSERT INTO priorities_Sila (priority_ID, request_ID, company_points, product_mgr_score, software_mgr_score, priority_score) VALUES (2273, 2273, 81.2, 5, 4, 86.5);
INSERT INTO workflows_Sila (task_ID, request_ID, developer_ID, workflow_status, assigned_by_ID, assigned_at, resolved_at) VALUES (2273, 2273, 8, 'RESOLVED', 1, '2026-07-14 16:03:35', '2026-07-19 16:03:35');
INSERT INTO request_notes_Sila (note_ID, request_ID, content, submitter_ID, is_internal, created_at) VALUES (2552, 2273, 'Mock not eklendi. Test amacli. (Note 0)', 1, TRUE, '2026-07-14 17:03:35');
INSERT INTO requests_Sila (request_ID, creator_ID, title, description, status, type, generated_id, final_priority_score, created_at) VALUES (2274, 26, '500 Internal Server Error - Mock Dev 8 - 21', 'Musteriler bu sorundan sikayetci, acil bakilmasi gerekiyor.', 'ASSIGNED', 'YENİ_ÖZELLİK_EKLEME', 'M-0274', 71.7, '2026-06-20 15:03:35');
INSERT INTO priorities_Sila (priority_ID, request_ID, company_points, product_mgr_score, software_mgr_score, priority_score) VALUES (2274, 2274, 89.2, 3, 3, 71.7);
INSERT INTO workflows_Sila (task_ID, request_ID, developer_ID, workflow_status, assigned_by_ID, assigned_at) VALUES (2274, 2274, 8, 'ASSIGNED', 1, '2026-06-20 16:03:35');
INSERT INTO request_notes_Sila (note_ID, request_ID, content, submitter_ID, is_internal, created_at) VALUES (2553, 2274, 'Mock not eklendi. Test amacli. (Note 0)', 1, FALSE, '2026-06-20 17:03:35');
INSERT INTO request_notes_Sila (note_ID, request_ID, content, submitter_ID, is_internal, created_at) VALUES (2554, 2274, 'Mock not eklendi. Test amacli. (Note 1)', 8, FALSE, '2026-06-20 18:03:35');
INSERT INTO requests_Sila (request_ID, creator_ID, title, description, status, type, generated_id, final_priority_score, created_at) VALUES (2275, 34, 'Mobil uyumluluk sorunu - Mock Dev 8 - 22', 'Sistemin genelini etkileyen bir yavaslik soz konusu.', 'COMPLETED', 'GELİŞTİRME', 'M-0275', 71.4, '2026-07-15 15:03:35');
INSERT INTO priorities_Sila (priority_ID, request_ID, company_points, product_mgr_score, software_mgr_score, priority_score) VALUES (2275, 2275, 88.5, 3, 3, 71.4);
INSERT INTO workflows_Sila (task_ID, request_ID, developer_ID, workflow_status, assigned_by_ID, assigned_at, resolved_at) VALUES (2275, 2275, 8, 'RESOLVED', 1, '2026-07-15 16:03:35', '2026-07-20 16:03:35');
INSERT INTO request_notes_Sila (note_ID, request_ID, content, submitter_ID, is_internal, created_at) VALUES (2555, 2275, 'Mock not eklendi. Test amacli. (Note 0)', 1, FALSE, '2026-07-15 17:03:35');
INSERT INTO request_notes_Sila (note_ID, request_ID, content, submitter_ID, is_internal, created_at) VALUES (2556, 2275, 'Mock not eklendi. Test amacli. (Note 1)', 8, TRUE, '2026-07-15 18:03:35');
INSERT INTO requests_Sila (request_ID, creator_ID, title, description, status, type, generated_id, final_priority_score, created_at) VALUES (2276, 32, 'Mobil uyumluluk sorunu - Mock Dev 8 - 23', 'Veriler eksik geliyor, veritabani sorgusu optimize edilmeli.', 'COMPLETED', 'DİĞER', 'M-0276', 72.8, '2026-07-16 15:03:35');
INSERT INTO priorities_Sila (priority_ID, request_ID, company_points, product_mgr_score, software_mgr_score, priority_score) VALUES (2276, 2276, 92.0, 3, 3, 72.8);
INSERT INTO workflows_Sila (task_ID, request_ID, developer_ID, workflow_status, assigned_by_ID, assigned_at, resolved_at) VALUES (2276, 2276, 8, 'RESOLVED', 1, '2026-07-16 16:03:35', '2026-07-20 16:03:35');
INSERT INTO request_notes_Sila (note_ID, request_ID, content, submitter_ID, is_internal, created_at) VALUES (2557, 2276, 'Mock not eklendi. Test amacli. (Note 0)', 8, FALSE, '2026-07-16 17:03:35');
INSERT INTO request_notes_Sila (note_ID, request_ID, content, submitter_ID, is_internal, created_at) VALUES (2558, 2276, 'Mock not eklendi. Test amacli. (Note 1)', 8, TRUE, '2026-07-16 18:03:35');
INSERT INTO requests_Sila (request_ID, creator_ID, title, description, status, type, generated_id, final_priority_score, created_at) VALUES (2277, 34, 'Raporlama modulu calismiyor - Mock Dev 8 - 24', 'Dun yapilan guncellemeden sonra bozuldu.', 'ASSIGNED', 'YENİ_ÖZELLİK_EKLEME', 'M-0277', 86.8, '2026-07-15 15:03:35');
INSERT INTO priorities_Sila (priority_ID, request_ID, company_points, product_mgr_score, software_mgr_score, priority_score) VALUES (2277, 2277, 82.1, 5, 4, 86.8);
INSERT INTO workflows_Sila (task_ID, request_ID, developer_ID, workflow_status, assigned_by_ID, assigned_at) VALUES (2277, 2277, 8, 'ASSIGNED', 1, '2026-07-15 16:03:35');
INSERT INTO request_notes_Sila (note_ID, request_ID, content, submitter_ID, is_internal, created_at) VALUES (2559, 2277, 'Mock not eklendi. Test amacli. (Note 0)', 1, TRUE, '2026-07-15 17:03:35');
INSERT INTO requests_Sila (request_ID, creator_ID, title, description, status, type, generated_id, final_priority_score, created_at) VALUES (2278, 26, 'Yeni buton eklenmesi - Mock Dev 8 - 25', 'Sistemin genelini etkileyen bir yavaslik soz konusu.', 'ASSIGNED', 'ENTEGRASYON_SIKINTILARI', 'M-0278', 77.5, '2026-06-25 15:03:35');
INSERT INTO priorities_Sila (priority_ID, request_ID, company_points, product_mgr_score, software_mgr_score, priority_score) VALUES (2278, 2278, 88.7, 4, 3, 77.5);
INSERT INTO workflows_Sila (task_ID, request_ID, developer_ID, workflow_status, assigned_by_ID, assigned_at) VALUES (2278, 2278, 8, 'ASSIGNED', 1, '2026-06-25 16:03:35');
INSERT INTO request_notes_Sila (note_ID, request_ID, content, submitter_ID, is_internal, created_at) VALUES (2560, 2278, 'Mock not eklendi. Test amacli. (Note 0)', 8, TRUE, '2026-06-25 17:03:35');
INSERT INTO request_notes_Sila (note_ID, request_ID, content, submitter_ID, is_internal, created_at) VALUES (2561, 2278, 'Mock not eklendi. Test amacli. (Note 1)', 8, TRUE, '2026-06-25 18:03:35');
INSERT INTO requests_Sila (request_ID, creator_ID, title, description, status, type, generated_id, final_priority_score, created_at) VALUES (2279, 34, 'Yeni buton eklenmesi - Mock Dev 8 - 26', 'Tasarim ekibi guncellemeyi talep etti.', 'ASSIGNED', 'DİĞER', 'M-0279', 92.6, '2026-07-01 15:03:35');
INSERT INTO priorities_Sila (priority_ID, request_ID, company_points, product_mgr_score, software_mgr_score, priority_score) VALUES (2279, 2279, 96.4, 5, 4, 92.6);
INSERT INTO workflows_Sila (task_ID, request_ID, developer_ID, workflow_status, assigned_by_ID, assigned_at) VALUES (2279, 2279, 8, 'ASSIGNED', 1, '2026-07-01 16:03:35');
INSERT INTO request_notes_Sila (note_ID, request_ID, content, submitter_ID, is_internal, created_at) VALUES (2562, 2279, 'Mock not eklendi. Test amacli. (Note 0)', 8, FALSE, '2026-07-01 17:03:35');
INSERT INTO request_notes_Sila (note_ID, request_ID, content, submitter_ID, is_internal, created_at) VALUES (2563, 2279, 'Mock not eklendi. Test amacli. (Note 1)', 1, FALSE, '2026-07-01 18:03:35');
INSERT INTO request_notes_Sila (note_ID, request_ID, content, submitter_ID, is_internal, created_at) VALUES (2564, 2279, 'Mock not eklendi. Test amacli. (Note 2)', 1, TRUE, '2026-07-01 19:03:35');
INSERT INTO requests_Sila (request_ID, creator_ID, title, description, status, type, generated_id, final_priority_score, created_at) VALUES (2280, 26, 'Veritabani baglanti hatasi - Mock Dev 8 - 27', 'Loglarda NullPointerException gordum, ekteki dosyaya bakiniz.', 'COMPLETED', 'GELİŞTİRME', 'M-0280', 94.4, '2026-07-16 15:03:35');
INSERT INTO priorities_Sila (priority_ID, request_ID, company_points, product_mgr_score, software_mgr_score, priority_score) VALUES (2280, 2280, 86.1, 5, 5, 94.4);
INSERT INTO workflows_Sila (task_ID, request_ID, developer_ID, workflow_status, assigned_by_ID, assigned_at, resolved_at) VALUES (2280, 2280, 8, 'RESOLVED', 1, '2026-07-16 16:03:35', '2026-07-18 16:03:35');
INSERT INTO request_notes_Sila (note_ID, request_ID, content, submitter_ID, is_internal, created_at) VALUES (2565, 2280, 'Mock not eklendi. Test amacli. (Note 0)', 8, FALSE, '2026-07-16 17:03:35');
INSERT INTO requests_Sila (request_ID, creator_ID, title, description, status, type, generated_id, final_priority_score, created_at) VALUES (2281, 30, 'Mobil uyumluluk sorunu - Mock Dev 8 - 28', 'Loglarda NullPointerException gordum, ekteki dosyaya bakiniz.', 'ASSIGNED', 'DİĞER', 'M-0281', 70.0, '2026-06-24 15:03:35');
INSERT INTO priorities_Sila (priority_ID, request_ID, company_points, product_mgr_score, software_mgr_score, priority_score) VALUES (2281, 2281, 70.0, 3, 4, 70.0);
INSERT INTO workflows_Sila (task_ID, request_ID, developer_ID, workflow_status, assigned_by_ID, assigned_at) VALUES (2281, 2281, 8, 'ASSIGNED', 1, '2026-06-24 16:03:35');
INSERT INTO request_notes_Sila (note_ID, request_ID, content, submitter_ID, is_internal, created_at) VALUES (2566, 2281, 'Mock not eklendi. Test amacli. (Note 0)', 8, FALSE, '2026-06-24 17:03:35');
INSERT INTO request_notes_Sila (note_ID, request_ID, content, submitter_ID, is_internal, created_at) VALUES (2567, 2281, 'Mock not eklendi. Test amacli. (Note 1)', 1, TRUE, '2026-06-24 18:03:35');
INSERT INTO requests_Sila (request_ID, creator_ID, title, description, status, type, generated_id, final_priority_score, created_at) VALUES (2282, 34, 'Raporlama modulu calismiyor - Mock Dev 8 - 29', 'Loglarda NullPointerException gordum, ekteki dosyaya bakiniz.', 'ASSIGNED', 'GELİŞTİRME', 'M-0282', 93.3, '2026-07-08 15:03:35');
INSERT INTO priorities_Sila (priority_ID, request_ID, company_points, product_mgr_score, software_mgr_score, priority_score) VALUES (2282, 2282, 98.1, 5, 4, 93.3);
INSERT INTO workflows_Sila (task_ID, request_ID, developer_ID, workflow_status, assigned_by_ID, assigned_at) VALUES (2282, 2282, 8, 'ASSIGNED', 1, '2026-07-08 16:03:35');
INSERT INTO request_notes_Sila (note_ID, request_ID, content, submitter_ID, is_internal, created_at) VALUES (2568, 2282, 'Mock not eklendi. Test amacli. (Note 0)', 1, FALSE, '2026-07-08 17:03:35');
INSERT INTO request_notes_Sila (note_ID, request_ID, content, submitter_ID, is_internal, created_at) VALUES (2569, 2282, 'Mock not eklendi. Test amacli. (Note 1)', 1, TRUE, '2026-07-08 18:03:35');
INSERT INTO requests_Sila (request_ID, creator_ID, title, description, status, type, generated_id, final_priority_score, created_at) VALUES (2283, 34, 'Veritabani baglanti hatasi - Mock Dev 8 - 30', 'Veriler eksik geliyor, veritabani sorgusu optimize edilmeli.', 'COMPLETED', 'DİĞER', 'M-0283', 77.7, '2026-07-02 15:03:35');
INSERT INTO priorities_Sila (priority_ID, request_ID, company_points, product_mgr_score, software_mgr_score, priority_score) VALUES (2283, 2283, 74.1, 3, 5, 77.7);
INSERT INTO workflows_Sila (task_ID, request_ID, developer_ID, workflow_status, assigned_by_ID, assigned_at, resolved_at) VALUES (2283, 2283, 8, 'RESOLVED', 1, '2026-07-02 16:03:35', '2026-07-05 16:03:35');
INSERT INTO request_notes_Sila (note_ID, request_ID, content, submitter_ID, is_internal, created_at) VALUES (2570, 2283, 'Mock not eklendi. Test amacli. (Note 0)', 1, FALSE, '2026-07-02 17:03:35');
INSERT INTO request_notes_Sila (note_ID, request_ID, content, submitter_ID, is_internal, created_at) VALUES (2571, 2283, 'Mock not eklendi. Test amacli. (Note 1)', 8, FALSE, '2026-07-02 18:03:35');
INSERT INTO requests_Sila (request_ID, creator_ID, title, description, status, type, generated_id, final_priority_score, created_at) VALUES (2284, 33, 'Veritabani baglanti hatasi - Mock Dev 8 - 31', 'Performans cok dusuk.', 'ASSIGNED', 'DİĞER', 'M-0284', 88.8, '2026-07-14 15:03:35');
INSERT INTO priorities_Sila (priority_ID, request_ID, company_points, product_mgr_score, software_mgr_score, priority_score) VALUES (2284, 2284, 71.9, 5, 5, 88.8);
INSERT INTO workflows_Sila (task_ID, request_ID, developer_ID, workflow_status, assigned_by_ID, assigned_at) VALUES (2284, 2284, 8, 'ASSIGNED', 1, '2026-07-14 16:03:35');
INSERT INTO request_notes_Sila (note_ID, request_ID, content, submitter_ID, is_internal, created_at) VALUES (2572, 2284, 'Mock not eklendi. Test amacli. (Note 0)', 8, FALSE, '2026-07-14 17:03:35');
INSERT INTO requests_Sila (request_ID, creator_ID, title, description, status, type, generated_id, final_priority_score, created_at) VALUES (2285, 27, 'Kullanici girisi yavas - Mock Dev 8 - 32', 'Sistemin genelini etkileyen bir yavaslik soz konusu.', 'ASSIGNED', 'SİSTEM_ÇÖKÜŞÜ', 'M-0285', 82.0, '2026-07-04 15:03:35');
INSERT INTO priorities_Sila (priority_ID, request_ID, company_points, product_mgr_score, software_mgr_score, priority_score) VALUES (2285, 2285, 70.1, 5, 4, 82.0);
INSERT INTO workflows_Sila (task_ID, request_ID, developer_ID, workflow_status, assigned_by_ID, assigned_at) VALUES (2285, 2285, 8, 'ASSIGNED', 1, '2026-07-04 16:03:35');
INSERT INTO request_notes_Sila (note_ID, request_ID, content, submitter_ID, is_internal, created_at) VALUES (2573, 2285, 'Mock not eklendi. Test amacli. (Note 0)', 8, TRUE, '2026-07-04 17:03:35');
INSERT INTO request_notes_Sila (note_ID, request_ID, content, submitter_ID, is_internal, created_at) VALUES (2574, 2285, 'Mock not eklendi. Test amacli. (Note 1)', 8, TRUE, '2026-07-04 18:03:35');
INSERT INTO requests_Sila (request_ID, creator_ID, title, description, status, type, generated_id, final_priority_score, created_at) VALUES (2286, 31, 'Raporlama modulu calismiyor - Mock Dev 8 - 33', 'Tasarim ekibi guncellemeyi talep etti.', 'COMPLETED', 'GELİŞTİRME', 'M-0286', 84.1, '2026-06-22 15:03:35');
INSERT INTO priorities_Sila (priority_ID, request_ID, company_points, product_mgr_score, software_mgr_score, priority_score) VALUES (2286, 2286, 90.2, 5, 3, 84.1);
INSERT INTO workflows_Sila (task_ID, request_ID, developer_ID, workflow_status, assigned_by_ID, assigned_at, resolved_at) VALUES (2286, 2286, 8, 'RESOLVED', 1, '2026-06-22 16:03:35', '2026-06-25 16:03:35');
INSERT INTO request_notes_Sila (note_ID, request_ID, content, submitter_ID, is_internal, created_at) VALUES (2575, 2286, 'Mock not eklendi. Test amacli. (Note 0)', 8, FALSE, '2026-06-22 17:03:35');
INSERT INTO requests_Sila (request_ID, creator_ID, title, description, status, type, generated_id, final_priority_score, created_at) VALUES (2287, 29, 'Kullanici girisi yavas - Mock Dev 8 - 34', 'Loglarda NullPointerException gordum, ekteki dosyaya bakiniz.', 'COMPLETED', 'VERİ_KAYBI', 'M-0287', 92.7, '2026-06-22 15:03:35');
INSERT INTO priorities_Sila (priority_ID, request_ID, company_points, product_mgr_score, software_mgr_score, priority_score) VALUES (2287, 2287, 81.7, 5, 5, 92.7);
INSERT INTO workflows_Sila (task_ID, request_ID, developer_ID, workflow_status, assigned_by_ID, assigned_at, resolved_at) VALUES (2287, 2287, 8, 'RESOLVED', 1, '2026-06-22 16:03:35', '2026-06-27 16:03:35');
INSERT INTO request_notes_Sila (note_ID, request_ID, content, submitter_ID, is_internal, created_at) VALUES (2576, 2287, 'Mock not eklendi. Test amacli. (Note 0)', 8, FALSE, '2026-06-22 17:03:35');
INSERT INTO request_notes_Sila (note_ID, request_ID, content, submitter_ID, is_internal, created_at) VALUES (2577, 2287, 'Mock not eklendi. Test amacli. (Note 1)', 8, TRUE, '2026-06-22 18:03:35');
INSERT INTO requests_Sila (request_ID, creator_ID, title, description, status, type, generated_id, final_priority_score, created_at) VALUES (2288, 35, 'Arayuzde kayma var - Mock Dev 8 - 35', 'Loglarda NullPointerException gordum, ekteki dosyaya bakiniz.', 'ASSIGNED', 'VERİ_KAYBI', 'M-0288', 87.7, '2026-07-15 15:03:35');
INSERT INTO priorities_Sila (priority_ID, request_ID, company_points, product_mgr_score, software_mgr_score, priority_score) VALUES (2288, 2288, 99.3, 3, 5, 87.7);
INSERT INTO workflows_Sila (task_ID, request_ID, developer_ID, workflow_status, assigned_by_ID, assigned_at) VALUES (2288, 2288, 8, 'ASSIGNED', 1, '2026-07-15 16:03:35');
INSERT INTO request_notes_Sila (note_ID, request_ID, content, submitter_ID, is_internal, created_at) VALUES (2578, 2288, 'Mock not eklendi. Test amacli. (Note 0)', 8, FALSE, '2026-07-15 17:03:35');
INSERT INTO request_notes_Sila (note_ID, request_ID, content, submitter_ID, is_internal, created_at) VALUES (2579, 2288, 'Mock not eklendi. Test amacli. (Note 1)', 1, TRUE, '2026-07-15 18:03:35');
INSERT INTO requests_Sila (request_ID, creator_ID, title, description, status, type, generated_id, final_priority_score, created_at) VALUES (2289, 30, 'Mobil uyumluluk sorunu - Mock Dev 8 - 36', 'Performans cok dusuk.', 'COMPLETED', 'YENİ_ÖZELLİK_EKLEME', 'M-0289', 78.8, '2026-07-05 15:03:35');
INSERT INTO priorities_Sila (priority_ID, request_ID, company_points, product_mgr_score, software_mgr_score, priority_score) VALUES (2289, 2289, 76.9, 5, 3, 78.8);
INSERT INTO workflows_Sila (task_ID, request_ID, developer_ID, workflow_status, assigned_by_ID, assigned_at, resolved_at) VALUES (2289, 2289, 8, 'RESOLVED', 1, '2026-07-05 16:03:35', '2026-07-10 16:03:35');
INSERT INTO request_notes_Sila (note_ID, request_ID, content, submitter_ID, is_internal, created_at) VALUES (2580, 2289, 'Mock not eklendi. Test amacli. (Note 0)', 8, TRUE, '2026-07-05 17:03:35');
INSERT INTO requests_Sila (request_ID, creator_ID, title, description, status, type, generated_id, final_priority_score, created_at) VALUES (2290, 31, 'Arayuzde kayma var - Mock Dev 8 - 37', 'Sistemin genelini etkileyen bir yavaslik soz konusu.', 'ASSIGNED', 'YENİ_ÖZELLİK_EKLEME', 'M-0290', 77.7, '2026-06-27 15:03:35');
INSERT INTO priorities_Sila (priority_ID, request_ID, company_points, product_mgr_score, software_mgr_score, priority_score) VALUES (2290, 2290, 74.3, 4, 4, 77.7);
INSERT INTO workflows_Sila (task_ID, request_ID, developer_ID, workflow_status, assigned_by_ID, assigned_at) VALUES (2290, 2290, 8, 'ASSIGNED', 1, '2026-06-27 16:03:35');
INSERT INTO request_notes_Sila (note_ID, request_ID, content, submitter_ID, is_internal, created_at) VALUES (2581, 2290, 'Mock not eklendi. Test amacli. (Note 0)', 8, TRUE, '2026-06-27 17:03:35');
INSERT INTO request_notes_Sila (note_ID, request_ID, content, submitter_ID, is_internal, created_at) VALUES (2582, 2290, 'Mock not eklendi. Test amacli. (Note 1)', 8, TRUE, '2026-06-27 18:03:35');
INSERT INTO requests_Sila (request_ID, creator_ID, title, description, status, type, generated_id, final_priority_score, created_at) VALUES (2291, 28, 'Kullanici girisi yavas - Mock Dev 8 - 38', 'Musteriler bu sorundan sikayetci, acil bakilmasi gerekiyor.', 'COMPLETED', 'VERİ_KAYBI', 'M-0291', 93.0, '2026-07-14 15:03:35');
INSERT INTO priorities_Sila (priority_ID, request_ID, company_points, product_mgr_score, software_mgr_score, priority_score) VALUES (2291, 2291, 97.5, 4, 5, 93.0);
INSERT INTO workflows_Sila (task_ID, request_ID, developer_ID, workflow_status, assigned_by_ID, assigned_at, resolved_at) VALUES (2291, 2291, 8, 'RESOLVED', 1, '2026-07-14 16:03:35', '2026-07-15 16:03:35');
INSERT INTO request_notes_Sila (note_ID, request_ID, content, submitter_ID, is_internal, created_at) VALUES (2583, 2291, 'Mock not eklendi. Test amacli. (Note 0)', 8, FALSE, '2026-07-14 17:03:35');
INSERT INTO request_notes_Sila (note_ID, request_ID, content, submitter_ID, is_internal, created_at) VALUES (2584, 2291, 'Mock not eklendi. Test amacli. (Note 1)', 1, FALSE, '2026-07-14 18:03:35');
INSERT INTO requests_Sila (request_ID, creator_ID, title, description, status, type, generated_id, final_priority_score, created_at) VALUES (2292, 27, 'Mobil uyumluluk sorunu - Mock Dev 9 - 0', 'Loglarda NullPointerException gordum, ekteki dosyaya bakiniz.', 'COMPLETED', 'ENTEGRASYON_SIKINTILARI', 'M-0292', 82.5, '2026-07-06 15:03:35');
INSERT INTO priorities_Sila (priority_ID, request_ID, company_points, product_mgr_score, software_mgr_score, priority_score) VALUES (2292, 2292, 71.2, 5, 4, 82.5);
INSERT INTO workflows_Sila (task_ID, request_ID, developer_ID, workflow_status, assigned_by_ID, assigned_at, resolved_at) VALUES (2292, 2292, 9, 'RESOLVED', 1, '2026-07-06 16:03:35', '2026-07-11 16:03:35');
INSERT INTO request_notes_Sila (note_ID, request_ID, content, submitter_ID, is_internal, created_at) VALUES (2585, 2292, 'Mock not eklendi. Test amacli. (Note 0)', 1, TRUE, '2026-07-06 17:03:35');
INSERT INTO request_notes_Sila (note_ID, request_ID, content, submitter_ID, is_internal, created_at) VALUES (2586, 2292, 'Mock not eklendi. Test amacli. (Note 1)', 9, TRUE, '2026-07-06 18:03:35');
INSERT INTO request_notes_Sila (note_ID, request_ID, content, submitter_ID, is_internal, created_at) VALUES (2587, 2292, 'Mock not eklendi. Test amacli. (Note 2)', 9, TRUE, '2026-07-06 19:03:35');
INSERT INTO requests_Sila (request_ID, creator_ID, title, description, status, type, generated_id, final_priority_score, created_at) VALUES (2293, 31, 'Mobil uyumluluk sorunu - Mock Dev 9 - 1', 'Sistemin genelini etkileyen bir yavaslik soz konusu.', 'COMPLETED', 'SİSTEM_ÇÖKÜŞÜ', 'M-0293', 83.1, '2026-06-23 15:03:35');
INSERT INTO priorities_Sila (priority_ID, request_ID, company_points, product_mgr_score, software_mgr_score, priority_score) VALUES (2293, 2293, 87.8, 4, 4, 83.1);
INSERT INTO workflows_Sila (task_ID, request_ID, developer_ID, workflow_status, assigned_by_ID, assigned_at, resolved_at) VALUES (2293, 2293, 9, 'RESOLVED', 1, '2026-06-23 16:03:35', '2026-06-28 16:03:35');
INSERT INTO request_notes_Sila (note_ID, request_ID, content, submitter_ID, is_internal, created_at) VALUES (2588, 2293, 'Mock not eklendi. Test amacli. (Note 0)', 1, TRUE, '2026-06-23 17:03:35');
INSERT INTO request_notes_Sila (note_ID, request_ID, content, submitter_ID, is_internal, created_at) VALUES (2589, 2293, 'Mock not eklendi. Test amacli. (Note 1)', 1, TRUE, '2026-06-23 18:03:35');
INSERT INTO requests_Sila (request_ID, creator_ID, title, description, status, type, generated_id, final_priority_score, created_at) VALUES (2294, 33, 'Veri kaybi yasaniyor - Mock Dev 9 - 2', 'Veriler eksik geliyor, veritabani sorgusu optimize edilmeli.', 'COMPLETED', 'SİSTEM_ÇÖKÜŞÜ', 'M-0294', 92.6, '2026-06-30 15:03:35');
INSERT INTO priorities_Sila (priority_ID, request_ID, company_points, product_mgr_score, software_mgr_score, priority_score) VALUES (2294, 2294, 96.6, 5, 4, 92.6);
INSERT INTO workflows_Sila (task_ID, request_ID, developer_ID, workflow_status, assigned_by_ID, assigned_at, resolved_at) VALUES (2294, 2294, 9, 'RESOLVED', 1, '2026-06-30 16:03:35', '2026-07-05 16:03:35');
INSERT INTO request_notes_Sila (note_ID, request_ID, content, submitter_ID, is_internal, created_at) VALUES (2590, 2294, 'Mock not eklendi. Test amacli. (Note 0)', 9, TRUE, '2026-06-30 17:03:35');
INSERT INTO request_notes_Sila (note_ID, request_ID, content, submitter_ID, is_internal, created_at) VALUES (2591, 2294, 'Mock not eklendi. Test amacli. (Note 1)', 9, TRUE, '2026-06-30 18:03:35');
INSERT INTO requests_Sila (request_ID, creator_ID, title, description, status, type, generated_id, final_priority_score, created_at) VALUES (2295, 26, 'Mobil uyumluluk sorunu - Mock Dev 9 - 3', 'Loglarda NullPointerException gordum, ekteki dosyaya bakiniz.', 'COMPLETED', 'SİSTEM_ÇÖKÜŞÜ', 'M-0295', 85.1, '2026-06-21 15:03:35');
INSERT INTO priorities_Sila (priority_ID, request_ID, company_points, product_mgr_score, software_mgr_score, priority_score) VALUES (2295, 2295, 92.7, 4, 4, 85.1);
INSERT INTO workflows_Sila (task_ID, request_ID, developer_ID, workflow_status, assigned_by_ID, assigned_at, resolved_at) VALUES (2295, 2295, 9, 'RESOLVED', 1, '2026-06-21 16:03:35', '2026-06-26 16:03:35');
INSERT INTO request_notes_Sila (note_ID, request_ID, content, submitter_ID, is_internal, created_at) VALUES (2592, 2295, 'Mock not eklendi. Test amacli. (Note 0)', 9, TRUE, '2026-06-21 17:03:35');
INSERT INTO requests_Sila (request_ID, creator_ID, title, description, status, type, generated_id, final_priority_score, created_at) VALUES (2296, 26, 'Mobil uyumluluk sorunu - Mock Dev 9 - 4', 'Tasarim ekibi guncellemeyi talep etti.', 'ASSIGNED', 'VERİ_KAYBI', 'M-0296', 78.6, '2026-07-18 15:03:35');
INSERT INTO priorities_Sila (priority_ID, request_ID, company_points, product_mgr_score, software_mgr_score, priority_score) VALUES (2296, 2296, 91.6, 3, 4, 78.6);
INSERT INTO workflows_Sila (task_ID, request_ID, developer_ID, workflow_status, assigned_by_ID, assigned_at) VALUES (2296, 2296, 9, 'ASSIGNED', 1, '2026-07-18 16:03:35');
INSERT INTO request_notes_Sila (note_ID, request_ID, content, submitter_ID, is_internal, created_at) VALUES (2593, 2296, 'Mock not eklendi. Test amacli. (Note 0)', 1, FALSE, '2026-07-18 17:03:35');
INSERT INTO request_notes_Sila (note_ID, request_ID, content, submitter_ID, is_internal, created_at) VALUES (2594, 2296, 'Mock not eklendi. Test amacli. (Note 1)', 1, FALSE, '2026-07-18 18:03:35');
INSERT INTO request_notes_Sila (note_ID, request_ID, content, submitter_ID, is_internal, created_at) VALUES (2595, 2296, 'Mock not eklendi. Test amacli. (Note 2)', 9, FALSE, '2026-07-18 19:03:35');
INSERT INTO requests_Sila (request_ID, creator_ID, title, description, status, type, generated_id, final_priority_score, created_at) VALUES (2297, 28, 'Kullanici girisi yavas - Mock Dev 9 - 5', 'Tasarim ekibi guncellemeyi talep etti.', 'ASSIGNED', 'YENİ_ÖZELLİK_EKLEME', 'M-0297', 71.5, '2026-07-02 15:03:35');
INSERT INTO priorities_Sila (priority_ID, request_ID, company_points, product_mgr_score, software_mgr_score, priority_score) VALUES (2297, 2297, 73.8, 4, 3, 71.5);
INSERT INTO workflows_Sila (task_ID, request_ID, developer_ID, workflow_status, assigned_by_ID, assigned_at) VALUES (2297, 2297, 9, 'ASSIGNED', 1, '2026-07-02 16:03:35');
INSERT INTO request_notes_Sila (note_ID, request_ID, content, submitter_ID, is_internal, created_at) VALUES (2596, 2297, 'Mock not eklendi. Test amacli. (Note 0)', 9, TRUE, '2026-07-02 17:03:35');
INSERT INTO request_notes_Sila (note_ID, request_ID, content, submitter_ID, is_internal, created_at) VALUES (2597, 2297, 'Mock not eklendi. Test amacli. (Note 1)', 1, FALSE, '2026-07-02 18:03:35');
INSERT INTO request_notes_Sila (note_ID, request_ID, content, submitter_ID, is_internal, created_at) VALUES (2598, 2297, 'Mock not eklendi. Test amacli. (Note 2)', 1, TRUE, '2026-07-02 19:03:35');
INSERT INTO requests_Sila (request_ID, creator_ID, title, description, status, type, generated_id, final_priority_score, created_at) VALUES (2298, 27, 'Sayfa yuklenmiyor - Mock Dev 9 - 6', 'Musteriler bu sorundan sikayetci, acil bakilmasi gerekiyor.', 'ASSIGNED', 'ENTEGRASYON_SIKINTILARI', 'M-0298', 73.5, '2026-07-09 15:03:35');
INSERT INTO priorities_Sila (priority_ID, request_ID, company_points, product_mgr_score, software_mgr_score, priority_score) VALUES (2298, 2298, 78.7, 4, 3, 73.5);
INSERT INTO workflows_Sila (task_ID, request_ID, developer_ID, workflow_status, assigned_by_ID, assigned_at) VALUES (2298, 2298, 9, 'ASSIGNED', 1, '2026-07-09 16:03:35');
INSERT INTO request_notes_Sila (note_ID, request_ID, content, submitter_ID, is_internal, created_at) VALUES (2599, 2298, 'Mock not eklendi. Test amacli. (Note 0)', 1, FALSE, '2026-07-09 17:03:35');
INSERT INTO request_notes_Sila (note_ID, request_ID, content, submitter_ID, is_internal, created_at) VALUES (2600, 2298, 'Mock not eklendi. Test amacli. (Note 1)', 1, TRUE, '2026-07-09 18:03:35');
INSERT INTO requests_Sila (request_ID, creator_ID, title, description, status, type, generated_id, final_priority_score, created_at) VALUES (2299, 33, 'Raporlama modulu calismiyor - Mock Dev 9 - 7', 'Dun yapilan guncellemeden sonra bozuldu.', 'COMPLETED', 'SİSTEM_ÇÖKÜŞÜ', 'M-0299', 89.3, '2026-07-09 15:03:35');
INSERT INTO priorities_Sila (priority_ID, request_ID, company_points, product_mgr_score, software_mgr_score, priority_score) VALUES (2299, 2299, 73.4, 5, 5, 89.3);
INSERT INTO workflows_Sila (task_ID, request_ID, developer_ID, workflow_status, assigned_by_ID, assigned_at, resolved_at) VALUES (2299, 2299, 9, 'RESOLVED', 1, '2026-07-09 16:03:35', '2026-07-11 16:03:35');
INSERT INTO request_notes_Sila (note_ID, request_ID, content, submitter_ID, is_internal, created_at) VALUES (2601, 2299, 'Mock not eklendi. Test amacli. (Note 0)', 1, FALSE, '2026-07-09 17:03:35');
INSERT INTO requests_Sila (request_ID, creator_ID, title, description, status, type, generated_id, final_priority_score, created_at) VALUES (2300, 33, 'Sayfa yuklenmiyor - Mock Dev 9 - 8', 'Tasarim ekibi guncellemeyi talep etti.', 'ASSIGNED', 'SİSTEM_ÇÖKÜŞÜ', 'M-0300', 88.0, '2026-07-16 15:03:35');
INSERT INTO priorities_Sila (priority_ID, request_ID, company_points, product_mgr_score, software_mgr_score, priority_score) VALUES (2300, 2300, 84.9, 5, 4, 88.0);
INSERT INTO workflows_Sila (task_ID, request_ID, developer_ID, workflow_status, assigned_by_ID, assigned_at) VALUES (2300, 2300, 9, 'ASSIGNED', 1, '2026-07-16 16:03:35');
INSERT INTO request_notes_Sila (note_ID, request_ID, content, submitter_ID, is_internal, created_at) VALUES (2602, 2300, 'Mock not eklendi. Test amacli. (Note 0)', 9, FALSE, '2026-07-16 17:03:35');
INSERT INTO requests_Sila (request_ID, creator_ID, title, description, status, type, generated_id, final_priority_score, created_at) VALUES (2301, 34, 'Kullanici girisi yavas - Mock Dev 9 - 9', 'Musteriler bu sorundan sikayetci, acil bakilmasi gerekiyor.', 'ASSIGNED', 'ENTEGRASYON_SIKINTILARI', 'M-0301', 81.5, '2026-07-18 15:03:35');
INSERT INTO priorities_Sila (priority_ID, request_ID, company_points, product_mgr_score, software_mgr_score, priority_score) VALUES (2301, 2301, 98.7, 4, 3, 81.5);
INSERT INTO workflows_Sila (task_ID, request_ID, developer_ID, workflow_status, assigned_by_ID, assigned_at) VALUES (2301, 2301, 9, 'ASSIGNED', 1, '2026-07-18 16:03:35');
INSERT INTO request_notes_Sila (note_ID, request_ID, content, submitter_ID, is_internal, created_at) VALUES (2603, 2301, 'Mock not eklendi. Test amacli. (Note 0)', 1, TRUE, '2026-07-18 17:03:35');
INSERT INTO request_notes_Sila (note_ID, request_ID, content, submitter_ID, is_internal, created_at) VALUES (2604, 2301, 'Mock not eklendi. Test amacli. (Note 1)', 9, FALSE, '2026-07-18 18:03:35');
INSERT INTO requests_Sila (request_ID, creator_ID, title, description, status, type, generated_id, final_priority_score, created_at) VALUES (2302, 30, 'Mobil uyumluluk sorunu - Mock Dev 9 - 10', 'Sistemin genelini etkileyen bir yavaslik soz konusu.', 'COMPLETED', 'SİSTEM_ÇÖKÜŞÜ', 'M-0302', 92.6, '2026-06-23 15:03:35');
INSERT INTO priorities_Sila (priority_ID, request_ID, company_points, product_mgr_score, software_mgr_score, priority_score) VALUES (2302, 2302, 96.5, 5, 4, 92.6);
INSERT INTO workflows_Sila (task_ID, request_ID, developer_ID, workflow_status, assigned_by_ID, assigned_at, resolved_at) VALUES (2302, 2302, 9, 'RESOLVED', 1, '2026-06-23 16:03:35', '2026-06-28 16:03:35');
INSERT INTO request_notes_Sila (note_ID, request_ID, content, submitter_ID, is_internal, created_at) VALUES (2605, 2302, 'Mock not eklendi. Test amacli. (Note 0)', 9, TRUE, '2026-06-23 17:03:35');
INSERT INTO requests_Sila (request_ID, creator_ID, title, description, status, type, generated_id, final_priority_score, created_at) VALUES (2303, 33, 'Veritabani baglanti hatasi - Mock Dev 9 - 11', 'Dun yapilan guncellemeden sonra bozuldu.', 'ASSIGNED', 'SİSTEM_ÇÖKÜŞÜ', 'M-0303', 92.1, '2026-07-11 15:03:35');
INSERT INTO priorities_Sila (priority_ID, request_ID, company_points, product_mgr_score, software_mgr_score, priority_score) VALUES (2303, 2303, 95.3, 4, 5, 92.1);
INSERT INTO workflows_Sila (task_ID, request_ID, developer_ID, workflow_status, assigned_by_ID, assigned_at) VALUES (2303, 2303, 9, 'ASSIGNED', 1, '2026-07-11 16:03:35');
INSERT INTO request_notes_Sila (note_ID, request_ID, content, submitter_ID, is_internal, created_at) VALUES (2606, 2303, 'Mock not eklendi. Test amacli. (Note 0)', 1, FALSE, '2026-07-11 17:03:35');
INSERT INTO request_notes_Sila (note_ID, request_ID, content, submitter_ID, is_internal, created_at) VALUES (2607, 2303, 'Mock not eklendi. Test amacli. (Note 1)', 9, TRUE, '2026-07-11 18:03:35');
INSERT INTO request_notes_Sila (note_ID, request_ID, content, submitter_ID, is_internal, created_at) VALUES (2608, 2303, 'Mock not eklendi. Test amacli. (Note 2)', 9, TRUE, '2026-07-11 19:03:35');
INSERT INTO requests_Sila (request_ID, creator_ID, title, description, status, type, generated_id, final_priority_score, created_at) VALUES (2304, 27, 'Arayuzde kayma var - Mock Dev 9 - 12', 'Dun yapilan guncellemeden sonra bozuldu.', 'ASSIGNED', 'BUG_DÜZELTME', 'M-0304', 80.7, '2026-07-04 15:03:35');
INSERT INTO priorities_Sila (priority_ID, request_ID, company_points, product_mgr_score, software_mgr_score, priority_score) VALUES (2304, 2304, 96.8, 4, 3, 80.7);
INSERT INTO workflows_Sila (task_ID, request_ID, developer_ID, workflow_status, assigned_by_ID, assigned_at) VALUES (2304, 2304, 9, 'ASSIGNED', 1, '2026-07-04 16:03:35');
INSERT INTO request_notes_Sila (note_ID, request_ID, content, submitter_ID, is_internal, created_at) VALUES (2609, 2304, 'Mock not eklendi. Test amacli. (Note 0)', 9, FALSE, '2026-07-04 17:03:35');
INSERT INTO requests_Sila (request_ID, creator_ID, title, description, status, type, generated_id, final_priority_score, created_at) VALUES (2305, 30, 'Arayuzde kayma var - Mock Dev 9 - 13', 'Loglarda NullPointerException gordum, ekteki dosyaya bakiniz.', 'COMPLETED', 'BUG_DÜZELTME', 'M-0305', 75.4, '2026-07-13 15:03:35');
INSERT INTO priorities_Sila (priority_ID, request_ID, company_points, product_mgr_score, software_mgr_score, priority_score) VALUES (2305, 2305, 83.5, 4, 3, 75.4);
INSERT INTO workflows_Sila (task_ID, request_ID, developer_ID, workflow_status, assigned_by_ID, assigned_at, resolved_at) VALUES (2305, 2305, 9, 'RESOLVED', 1, '2026-07-13 16:03:35', '2026-07-14 16:03:35');
INSERT INTO request_notes_Sila (note_ID, request_ID, content, submitter_ID, is_internal, created_at) VALUES (2610, 2305, 'Mock not eklendi. Test amacli. (Note 0)', 1, TRUE, '2026-07-13 17:03:35');
INSERT INTO request_notes_Sila (note_ID, request_ID, content, submitter_ID, is_internal, created_at) VALUES (2611, 2305, 'Mock not eklendi. Test amacli. (Note 1)', 1, FALSE, '2026-07-13 18:03:35');
INSERT INTO request_notes_Sila (note_ID, request_ID, content, submitter_ID, is_internal, created_at) VALUES (2612, 2305, 'Mock not eklendi. Test amacli. (Note 2)', 1, FALSE, '2026-07-13 19:03:35');
INSERT INTO requests_Sila (request_ID, creator_ID, title, description, status, type, generated_id, final_priority_score, created_at) VALUES (2306, 32, 'Arayuzde kayma var - Mock Dev 9 - 14', 'Dun yapilan guncellemeden sonra bozuldu.', 'COMPLETED', 'SİSTEM_ÇÖKÜŞÜ', 'M-0306', 96.5, '2026-06-20 15:03:35');
INSERT INTO priorities_Sila (priority_ID, request_ID, company_points, product_mgr_score, software_mgr_score, priority_score) VALUES (2306, 2306, 91.3, 5, 5, 96.5);
INSERT INTO workflows_Sila (task_ID, request_ID, developer_ID, workflow_status, assigned_by_ID, assigned_at, resolved_at) VALUES (2306, 2306, 9, 'RESOLVED', 1, '2026-06-20 16:03:35', '2026-06-23 16:03:35');
INSERT INTO request_notes_Sila (note_ID, request_ID, content, submitter_ID, is_internal, created_at) VALUES (2613, 2306, 'Mock not eklendi. Test amacli. (Note 0)', 9, TRUE, '2026-06-20 17:03:35');
INSERT INTO request_notes_Sila (note_ID, request_ID, content, submitter_ID, is_internal, created_at) VALUES (2614, 2306, 'Mock not eklendi. Test amacli. (Note 1)', 9, FALSE, '2026-06-20 18:03:35');
INSERT INTO requests_Sila (request_ID, creator_ID, title, description, status, type, generated_id, final_priority_score, created_at) VALUES (2307, 31, 'Veri kaybi yasaniyor - Mock Dev 9 - 15', 'Loglarda NullPointerException gordum, ekteki dosyaya bakiniz.', 'ASSIGNED', 'DİĞER', 'M-0307', 95.0, '2026-07-12 15:03:35');
INSERT INTO priorities_Sila (priority_ID, request_ID, company_points, product_mgr_score, software_mgr_score, priority_score) VALUES (2307, 2307, 87.5, 5, 5, 95.0);
INSERT INTO workflows_Sila (task_ID, request_ID, developer_ID, workflow_status, assigned_by_ID, assigned_at) VALUES (2307, 2307, 9, 'ASSIGNED', 1, '2026-07-12 16:03:35');
INSERT INTO request_notes_Sila (note_ID, request_ID, content, submitter_ID, is_internal, created_at) VALUES (2615, 2307, 'Mock not eklendi. Test amacli. (Note 0)', 1, FALSE, '2026-07-12 17:03:35');
INSERT INTO request_notes_Sila (note_ID, request_ID, content, submitter_ID, is_internal, created_at) VALUES (2616, 2307, 'Mock not eklendi. Test amacli. (Note 1)', 9, TRUE, '2026-07-12 18:03:35');
INSERT INTO requests_Sila (request_ID, creator_ID, title, description, status, type, generated_id, final_priority_score, created_at) VALUES (2308, 29, '500 Internal Server Error - Mock Dev 9 - 16', 'Musteriler bu sorundan sikayetci, acil bakilmasi gerekiyor.', 'ASSIGNED', 'SİSTEM_ÇÖKÜŞÜ', 'M-0308', 84.8, '2026-06-20 15:03:35');
INSERT INTO priorities_Sila (priority_ID, request_ID, company_points, product_mgr_score, software_mgr_score, priority_score) VALUES (2308, 2308, 92.1, 3, 5, 84.8);
INSERT INTO workflows_Sila (task_ID, request_ID, developer_ID, workflow_status, assigned_by_ID, assigned_at) VALUES (2308, 2308, 9, 'ASSIGNED', 1, '2026-06-20 16:03:35');
INSERT INTO request_notes_Sila (note_ID, request_ID, content, submitter_ID, is_internal, created_at) VALUES (2617, 2308, 'Mock not eklendi. Test amacli. (Note 0)', 1, TRUE, '2026-06-20 17:03:35');
INSERT INTO request_notes_Sila (note_ID, request_ID, content, submitter_ID, is_internal, created_at) VALUES (2618, 2308, 'Mock not eklendi. Test amacli. (Note 1)', 1, TRUE, '2026-06-20 18:03:35');
INSERT INTO requests_Sila (request_ID, creator_ID, title, description, status, type, generated_id, final_priority_score, created_at) VALUES (2309, 31, '500 Internal Server Error - Mock Dev 9 - 17', 'Tasarim ekibi guncellemeyi talep etti.', 'COMPLETED', 'BUG_DÜZELTME', 'M-0309', 77.4, '2026-07-05 15:03:35');
INSERT INTO priorities_Sila (priority_ID, request_ID, company_points, product_mgr_score, software_mgr_score, priority_score) VALUES (2309, 2309, 73.6, 4, 4, 77.4);
INSERT INTO workflows_Sila (task_ID, request_ID, developer_ID, workflow_status, assigned_by_ID, assigned_at, resolved_at) VALUES (2309, 2309, 9, 'RESOLVED', 1, '2026-07-05 16:03:35', '2026-07-10 16:03:35');
INSERT INTO request_notes_Sila (note_ID, request_ID, content, submitter_ID, is_internal, created_at) VALUES (2619, 2309, 'Mock not eklendi. Test amacli. (Note 0)', 1, FALSE, '2026-07-05 17:03:35');
INSERT INTO requests_Sila (request_ID, creator_ID, title, description, status, type, generated_id, final_priority_score, created_at) VALUES (2310, 26, 'Sifre sifirlama maili gelmiyor - Mock Dev 9 - 18', 'Loglarda NullPointerException gordum, ekteki dosyaya bakiniz.', 'COMPLETED', 'GELİŞTİRME', 'M-0310', 83.3, '2026-06-30 15:03:35');
INSERT INTO priorities_Sila (priority_ID, request_ID, company_points, product_mgr_score, software_mgr_score, priority_score) VALUES (2310, 2310, 88.2, 3, 5, 83.3);
INSERT INTO workflows_Sila (task_ID, request_ID, developer_ID, workflow_status, assigned_by_ID, assigned_at, resolved_at) VALUES (2310, 2310, 9, 'RESOLVED', 1, '2026-06-30 16:03:35', '2026-07-05 16:03:35');
INSERT INTO request_notes_Sila (note_ID, request_ID, content, submitter_ID, is_internal, created_at) VALUES (2620, 2310, 'Mock not eklendi. Test amacli. (Note 0)', 1, TRUE, '2026-06-30 17:03:35');
INSERT INTO requests_Sila (request_ID, creator_ID, title, description, status, type, generated_id, final_priority_score, created_at) VALUES (2311, 33, 'Raporlama modulu calismiyor - Mock Dev 9 - 19', 'Performans cok dusuk.', 'COMPLETED', 'ENTEGRASYON_SIKINTILARI', 'M-0311', 86.7, '2026-07-14 15:03:35');
INSERT INTO priorities_Sila (priority_ID, request_ID, company_points, product_mgr_score, software_mgr_score, priority_score) VALUES (2311, 2311, 81.7, 5, 4, 86.7);
INSERT INTO workflows_Sila (task_ID, request_ID, developer_ID, workflow_status, assigned_by_ID, assigned_at, resolved_at) VALUES (2311, 2311, 9, 'RESOLVED', 1, '2026-07-14 16:03:35', '2026-07-18 16:03:35');
INSERT INTO request_notes_Sila (note_ID, request_ID, content, submitter_ID, is_internal, created_at) VALUES (2621, 2311, 'Mock not eklendi. Test amacli. (Note 0)', 1, FALSE, '2026-07-14 17:03:35');
INSERT INTO request_notes_Sila (note_ID, request_ID, content, submitter_ID, is_internal, created_at) VALUES (2622, 2311, 'Mock not eklendi. Test amacli. (Note 1)', 9, FALSE, '2026-07-14 18:03:35');
INSERT INTO requests_Sila (request_ID, creator_ID, title, description, status, type, generated_id, final_priority_score, created_at) VALUES (2312, 33, 'Arayuzde kayma var - Mock Dev 9 - 20', 'Tasarim ekibi guncellemeyi talep etti.', 'ASSIGNED', 'VERİ_KAYBI', 'M-0312', 70.3, '2026-07-04 15:03:35');
INSERT INTO priorities_Sila (priority_ID, request_ID, company_points, product_mgr_score, software_mgr_score, priority_score) VALUES (2312, 2312, 70.8, 3, 4, 70.3);
INSERT INTO workflows_Sila (task_ID, request_ID, developer_ID, workflow_status, assigned_by_ID, assigned_at) VALUES (2312, 2312, 9, 'ASSIGNED', 1, '2026-07-04 16:03:35');
INSERT INTO request_notes_Sila (note_ID, request_ID, content, submitter_ID, is_internal, created_at) VALUES (2623, 2312, 'Mock not eklendi. Test amacli. (Note 0)', 1, FALSE, '2026-07-04 17:03:35');
INSERT INTO request_notes_Sila (note_ID, request_ID, content, submitter_ID, is_internal, created_at) VALUES (2624, 2312, 'Mock not eklendi. Test amacli. (Note 1)', 9, FALSE, '2026-07-04 18:03:35');
INSERT INTO requests_Sila (request_ID, creator_ID, title, description, status, type, generated_id, final_priority_score, created_at) VALUES (2313, 33, 'Sayfa yuklenmiyor - Mock Dev 9 - 21', 'Test ortaminda calisiyor ama canlida hata veriyor.', 'COMPLETED', 'ENTEGRASYON_SIKINTILARI', 'M-0313', 90.9, '2026-07-06 15:03:35');
INSERT INTO priorities_Sila (priority_ID, request_ID, company_points, product_mgr_score, software_mgr_score, priority_score) VALUES (2313, 2313, 92.4, 5, 4, 90.9);
INSERT INTO workflows_Sila (task_ID, request_ID, developer_ID, workflow_status, assigned_by_ID, assigned_at, resolved_at) VALUES (2313, 2313, 9, 'RESOLVED', 1, '2026-07-06 16:03:35', '2026-07-09 16:03:35');
INSERT INTO request_notes_Sila (note_ID, request_ID, content, submitter_ID, is_internal, created_at) VALUES (2625, 2313, 'Mock not eklendi. Test amacli. (Note 0)', 1, FALSE, '2026-07-06 17:03:35');
INSERT INTO request_notes_Sila (note_ID, request_ID, content, submitter_ID, is_internal, created_at) VALUES (2626, 2313, 'Mock not eklendi. Test amacli. (Note 1)', 9, TRUE, '2026-07-06 18:03:35');
INSERT INTO request_notes_Sila (note_ID, request_ID, content, submitter_ID, is_internal, created_at) VALUES (2627, 2313, 'Mock not eklendi. Test amacli. (Note 2)', 9, FALSE, '2026-07-06 19:03:35');
INSERT INTO requests_Sila (request_ID, creator_ID, title, description, status, type, generated_id, final_priority_score, created_at) VALUES (2314, 26, 'Sayfa yuklenmiyor - Mock Dev 9 - 22', 'Performans cok dusuk.', 'ASSIGNED', 'BUG_DÜZELTME', 'M-0314', 70.2, '2026-07-01 15:03:35');
INSERT INTO priorities_Sila (priority_ID, request_ID, company_points, product_mgr_score, software_mgr_score, priority_score) VALUES (2314, 2314, 85.4, 3, 3, 70.2);
INSERT INTO workflows_Sila (task_ID, request_ID, developer_ID, workflow_status, assigned_by_ID, assigned_at) VALUES (2314, 2314, 9, 'ASSIGNED', 1, '2026-07-01 16:03:35');
INSERT INTO request_notes_Sila (note_ID, request_ID, content, submitter_ID, is_internal, created_at) VALUES (2628, 2314, 'Mock not eklendi. Test amacli. (Note 0)', 9, TRUE, '2026-07-01 17:03:35');
INSERT INTO requests_Sila (request_ID, creator_ID, title, description, status, type, generated_id, final_priority_score, created_at) VALUES (2315, 28, 'Mobil uyumluluk sorunu - Mock Dev 9 - 23', 'Tasarim ekibi guncellemeyi talep etti.', 'ASSIGNED', 'YENİ_ÖZELLİK_EKLEME', 'M-0315', 79.4, '2026-07-06 15:03:35');
INSERT INTO priorities_Sila (priority_ID, request_ID, company_points, product_mgr_score, software_mgr_score, priority_score) VALUES (2315, 2315, 93.4, 4, 3, 79.4);
INSERT INTO workflows_Sila (task_ID, request_ID, developer_ID, workflow_status, assigned_by_ID, assigned_at) VALUES (2315, 2315, 9, 'ASSIGNED', 1, '2026-07-06 16:03:35');
INSERT INTO request_notes_Sila (note_ID, request_ID, content, submitter_ID, is_internal, created_at) VALUES (2629, 2315, 'Mock not eklendi. Test amacli. (Note 0)', 1, TRUE, '2026-07-06 17:03:35');
INSERT INTO request_notes_Sila (note_ID, request_ID, content, submitter_ID, is_internal, created_at) VALUES (2630, 2315, 'Mock not eklendi. Test amacli. (Note 1)', 9, FALSE, '2026-07-06 18:03:35');
INSERT INTO requests_Sila (request_ID, creator_ID, title, description, status, type, generated_id, final_priority_score, created_at) VALUES (2316, 27, 'Yeni buton eklenmesi - Mock Dev 9 - 24', 'Dun yapilan guncellemeden sonra bozuldu.', 'ASSIGNED', 'YENİ_ÖZELLİK_EKLEME', 'M-0316', 85.8, '2026-07-15 15:03:35');
INSERT INTO priorities_Sila (priority_ID, request_ID, company_points, product_mgr_score, software_mgr_score, priority_score) VALUES (2316, 2316, 94.5, 3, 5, 85.8);
INSERT INTO workflows_Sila (task_ID, request_ID, developer_ID, workflow_status, assigned_by_ID, assigned_at) VALUES (2316, 2316, 9, 'ASSIGNED', 1, '2026-07-15 16:03:35');
INSERT INTO request_notes_Sila (note_ID, request_ID, content, submitter_ID, is_internal, created_at) VALUES (2631, 2316, 'Mock not eklendi. Test amacli. (Note 0)', 9, FALSE, '2026-07-15 17:03:35');
INSERT INTO requests_Sila (request_ID, creator_ID, title, description, status, type, generated_id, final_priority_score, created_at) VALUES (2317, 34, 'Kullanici girisi yavas - Mock Dev 9 - 25', 'Loglarda NullPointerException gordum, ekteki dosyaya bakiniz.', 'COMPLETED', 'ENTEGRASYON_SIKINTILARI', 'M-0317', 76.0, '2026-06-20 15:03:35');
INSERT INTO priorities_Sila (priority_ID, request_ID, company_points, product_mgr_score, software_mgr_score, priority_score) VALUES (2317, 2317, 85.0, 3, 4, 76.0);
INSERT INTO workflows_Sila (task_ID, request_ID, developer_ID, workflow_status, assigned_by_ID, assigned_at, resolved_at) VALUES (2317, 2317, 9, 'RESOLVED', 1, '2026-06-20 16:03:35', '2026-06-24 16:03:35');
INSERT INTO request_notes_Sila (note_ID, request_ID, content, submitter_ID, is_internal, created_at) VALUES (2632, 2317, 'Mock not eklendi. Test amacli. (Note 0)', 9, FALSE, '2026-06-20 17:03:35');
INSERT INTO requests_Sila (request_ID, creator_ID, title, description, status, type, generated_id, final_priority_score, created_at) VALUES (2318, 27, 'Raporlama modulu calismiyor - Mock Dev 9 - 26', 'Performans cok dusuk.', 'ASSIGNED', 'ENTEGRASYON_SIKINTILARI', 'M-0318', 77.5, '2026-07-11 15:03:35');
INSERT INTO priorities_Sila (priority_ID, request_ID, company_points, product_mgr_score, software_mgr_score, priority_score) VALUES (2318, 2318, 73.7, 4, 4, 77.5);
INSERT INTO workflows_Sila (task_ID, request_ID, developer_ID, workflow_status, assigned_by_ID, assigned_at) VALUES (2318, 2318, 9, 'ASSIGNED', 1, '2026-07-11 16:03:35');
INSERT INTO request_notes_Sila (note_ID, request_ID, content, submitter_ID, is_internal, created_at) VALUES (2633, 2318, 'Mock not eklendi. Test amacli. (Note 0)', 9, TRUE, '2026-07-11 17:03:35');
INSERT INTO requests_Sila (request_ID, creator_ID, title, description, status, type, generated_id, final_priority_score, created_at) VALUES (2319, 34, 'Veri kaybi yasaniyor - Mock Dev 9 - 27', 'Musteriler bu sorundan sikayetci, acil bakilmasi gerekiyor.', 'ASSIGNED', 'DİĞER', 'M-0319', 77.7, '2026-07-08 15:03:35');
INSERT INTO priorities_Sila (priority_ID, request_ID, company_points, product_mgr_score, software_mgr_score, priority_score) VALUES (2319, 2319, 74.4, 3, 5, 77.7);
INSERT INTO workflows_Sila (task_ID, request_ID, developer_ID, workflow_status, assigned_by_ID, assigned_at) VALUES (2319, 2319, 9, 'ASSIGNED', 1, '2026-07-08 16:03:35');
INSERT INTO request_notes_Sila (note_ID, request_ID, content, submitter_ID, is_internal, created_at) VALUES (2634, 2319, 'Mock not eklendi. Test amacli. (Note 0)', 9, TRUE, '2026-07-08 17:03:35');
INSERT INTO requests_Sila (request_ID, creator_ID, title, description, status, type, generated_id, final_priority_score, created_at) VALUES (2320, 32, 'Yeni buton eklenmesi - Mock Dev 9 - 28', 'Dun yapilan guncellemeden sonra bozuldu.', 'COMPLETED', 'SİSTEM_ÇÖKÜŞÜ', 'M-0320', 78.6, '2026-06-22 15:03:35');
INSERT INTO priorities_Sila (priority_ID, request_ID, company_points, product_mgr_score, software_mgr_score, priority_score) VALUES (2320, 2320, 91.6, 4, 3, 78.6);
INSERT INTO workflows_Sila (task_ID, request_ID, developer_ID, workflow_status, assigned_by_ID, assigned_at, resolved_at) VALUES (2320, 2320, 9, 'RESOLVED', 1, '2026-06-22 16:03:35', '2026-06-24 16:03:35');
INSERT INTO request_notes_Sila (note_ID, request_ID, content, submitter_ID, is_internal, created_at) VALUES (2635, 2320, 'Mock not eklendi. Test amacli. (Note 0)', 1, FALSE, '2026-06-22 17:03:35');
INSERT INTO requests_Sila (request_ID, creator_ID, title, description, status, type, generated_id, final_priority_score, created_at) VALUES (2321, 32, 'Yeni buton eklenmesi - Mock Dev 9 - 29', 'Musteriler bu sorundan sikayetci, acil bakilmasi gerekiyor.', 'ASSIGNED', 'VERİ_KAYBI', 'M-0321', 88.4, '2026-06-30 15:03:35');
INSERT INTO priorities_Sila (priority_ID, request_ID, company_points, product_mgr_score, software_mgr_score, priority_score) VALUES (2321, 2321, 71.1, 5, 5, 88.4);
INSERT INTO workflows_Sila (task_ID, request_ID, developer_ID, workflow_status, assigned_by_ID, assigned_at) VALUES (2321, 2321, 9, 'ASSIGNED', 1, '2026-06-30 16:03:35');
INSERT INTO request_notes_Sila (note_ID, request_ID, content, submitter_ID, is_internal, created_at) VALUES (2636, 2321, 'Mock not eklendi. Test amacli. (Note 0)', 9, FALSE, '2026-06-30 17:03:35');
INSERT INTO requests_Sila (request_ID, creator_ID, title, description, status, type, generated_id, final_priority_score, created_at) VALUES (2322, 26, 'Raporlama modulu calismiyor - Mock Dev 9 - 30', 'Test ortaminda calisiyor ama canlida hata veriyor.', 'ASSIGNED', 'DİĞER', 'M-0322', 72.1, '2026-06-30 15:03:35');
INSERT INTO priorities_Sila (priority_ID, request_ID, company_points, product_mgr_score, software_mgr_score, priority_score) VALUES (2322, 2322, 75.2, 4, 3, 72.1);
INSERT INTO workflows_Sila (task_ID, request_ID, developer_ID, workflow_status, assigned_by_ID, assigned_at) VALUES (2322, 2322, 9, 'ASSIGNED', 1, '2026-06-30 16:03:35');
INSERT INTO request_notes_Sila (note_ID, request_ID, content, submitter_ID, is_internal, created_at) VALUES (2637, 2322, 'Mock not eklendi. Test amacli. (Note 0)', 9, TRUE, '2026-06-30 17:03:35');
INSERT INTO request_notes_Sila (note_ID, request_ID, content, submitter_ID, is_internal, created_at) VALUES (2638, 2322, 'Mock not eklendi. Test amacli. (Note 1)', 9, TRUE, '2026-06-30 18:03:35');
INSERT INTO requests_Sila (request_ID, creator_ID, title, description, status, type, generated_id, final_priority_score, created_at) VALUES (2323, 26, 'Veri kaybi yasaniyor - Mock Dev 9 - 31', 'Test ortaminda calisiyor ama canlida hata veriyor.', 'ASSIGNED', 'YENİ_ÖZELLİK_EKLEME', 'M-0323', 88.6, '2026-07-06 15:03:35');
INSERT INTO priorities_Sila (priority_ID, request_ID, company_points, product_mgr_score, software_mgr_score, priority_score) VALUES (2323, 2323, 86.6, 4, 5, 88.6);
INSERT INTO workflows_Sila (task_ID, request_ID, developer_ID, workflow_status, assigned_by_ID, assigned_at) VALUES (2323, 2323, 9, 'ASSIGNED', 1, '2026-07-06 16:03:35');
INSERT INTO request_notes_Sila (note_ID, request_ID, content, submitter_ID, is_internal, created_at) VALUES (2639, 2323, 'Mock not eklendi. Test amacli. (Note 0)', 9, TRUE, '2026-07-06 17:03:35');
INSERT INTO request_notes_Sila (note_ID, request_ID, content, submitter_ID, is_internal, created_at) VALUES (2640, 2323, 'Mock not eklendi. Test amacli. (Note 1)', 9, TRUE, '2026-07-06 18:03:35');
INSERT INTO request_notes_Sila (note_ID, request_ID, content, submitter_ID, is_internal, created_at) VALUES (2641, 2323, 'Mock not eklendi. Test amacli. (Note 2)', 1, FALSE, '2026-07-06 19:03:35');
INSERT INTO requests_Sila (request_ID, creator_ID, title, description, status, type, generated_id, final_priority_score, created_at) VALUES (2324, 29, 'Raporlama modulu calismiyor - Mock Dev 9 - 32', 'Sistemin genelini etkileyen bir yavaslik soz konusu.', 'COMPLETED', 'VERİ_KAYBI', 'M-0324', 70.7, '2026-07-03 15:03:35');
INSERT INTO priorities_Sila (priority_ID, request_ID, company_points, product_mgr_score, software_mgr_score, priority_score) VALUES (2324, 2324, 86.7, 3, 3, 70.7);
INSERT INTO workflows_Sila (task_ID, request_ID, developer_ID, workflow_status, assigned_by_ID, assigned_at, resolved_at) VALUES (2324, 2324, 9, 'RESOLVED', 1, '2026-07-03 16:03:35', '2026-07-04 16:03:35');
INSERT INTO request_notes_Sila (note_ID, request_ID, content, submitter_ID, is_internal, created_at) VALUES (2642, 2324, 'Mock not eklendi. Test amacli. (Note 0)', 1, TRUE, '2026-07-03 17:03:35');
INSERT INTO requests_Sila (request_ID, creator_ID, title, description, status, type, generated_id, final_priority_score, created_at) VALUES (2325, 29, 'Mobil uyumluluk sorunu - Mock Dev 9 - 33', 'Musteriler bu sorundan sikayetci, acil bakilmasi gerekiyor.', 'COMPLETED', 'YENİ_ÖZELLİK_EKLEME', 'M-0325', 79.4, '2026-07-05 15:03:35');
INSERT INTO priorities_Sila (priority_ID, request_ID, company_points, product_mgr_score, software_mgr_score, priority_score) VALUES (2325, 2325, 78.5, 5, 3, 79.4);
INSERT INTO workflows_Sila (task_ID, request_ID, developer_ID, workflow_status, assigned_by_ID, assigned_at, resolved_at) VALUES (2325, 2325, 9, 'RESOLVED', 1, '2026-07-05 16:03:35', '2026-07-06 16:03:35');
INSERT INTO request_notes_Sila (note_ID, request_ID, content, submitter_ID, is_internal, created_at) VALUES (2643, 2325, 'Mock not eklendi. Test amacli. (Note 0)', 9, FALSE, '2026-07-05 17:03:35');
INSERT INTO request_notes_Sila (note_ID, request_ID, content, submitter_ID, is_internal, created_at) VALUES (2644, 2325, 'Mock not eklendi. Test amacli. (Note 1)', 9, FALSE, '2026-07-05 18:03:35');
INSERT INTO requests_Sila (request_ID, creator_ID, title, description, status, type, generated_id, final_priority_score, created_at) VALUES (2326, 28, 'Mobil uyumluluk sorunu - Mock Dev 9 - 34', 'Tasarim ekibi guncellemeyi talep etti.', 'ASSIGNED', 'DİĞER', 'M-0326', 82.4, '2026-06-22 15:03:35');
INSERT INTO priorities_Sila (priority_ID, request_ID, company_points, product_mgr_score, software_mgr_score, priority_score) VALUES (2326, 2326, 86.1, 3, 5, 82.4);
INSERT INTO workflows_Sila (task_ID, request_ID, developer_ID, workflow_status, assigned_by_ID, assigned_at) VALUES (2326, 2326, 9, 'ASSIGNED', 1, '2026-06-22 16:03:35');
INSERT INTO request_notes_Sila (note_ID, request_ID, content, submitter_ID, is_internal, created_at) VALUES (2645, 2326, 'Mock not eklendi. Test amacli. (Note 0)', 9, FALSE, '2026-06-22 17:03:35');
INSERT INTO request_notes_Sila (note_ID, request_ID, content, submitter_ID, is_internal, created_at) VALUES (2646, 2326, 'Mock not eklendi. Test amacli. (Note 1)', 9, FALSE, '2026-06-22 18:03:35');
INSERT INTO requests_Sila (request_ID, creator_ID, title, description, status, type, generated_id, final_priority_score, created_at) VALUES (2327, 31, 'Sifre sifirlama maili gelmiyor - Mock Dev 9 - 35', 'Tasarim ekibi guncellemeyi talep etti.', 'ASSIGNED', 'ENTEGRASYON_SIKINTILARI', 'M-0327', 76.5, '2026-06-23 15:03:35');
INSERT INTO priorities_Sila (priority_ID, request_ID, company_points, product_mgr_score, software_mgr_score, priority_score) VALUES (2327, 2327, 71.3, 5, 3, 76.5);
INSERT INTO workflows_Sila (task_ID, request_ID, developer_ID, workflow_status, assigned_by_ID, assigned_at) VALUES (2327, 2327, 9, 'ASSIGNED', 1, '2026-06-23 16:03:35');
INSERT INTO request_notes_Sila (note_ID, request_ID, content, submitter_ID, is_internal, created_at) VALUES (2647, 2327, 'Mock not eklendi. Test amacli. (Note 0)', 9, FALSE, '2026-06-23 17:03:35');
INSERT INTO request_notes_Sila (note_ID, request_ID, content, submitter_ID, is_internal, created_at) VALUES (2648, 2327, 'Mock not eklendi. Test amacli. (Note 1)', 9, FALSE, '2026-06-23 18:03:35');
INSERT INTO requests_Sila (request_ID, creator_ID, title, description, status, type, generated_id, final_priority_score, created_at) VALUES (2328, 32, 'Sayfa yuklenmiyor - Mock Dev 9 - 36', 'Veriler eksik geliyor, veritabani sorgusu optimize edilmeli.', 'COMPLETED', 'VERİ_KAYBI', 'M-0328', 71.7, '2026-06-21 15:03:35');
INSERT INTO priorities_Sila (priority_ID, request_ID, company_points, product_mgr_score, software_mgr_score, priority_score) VALUES (2328, 2328, 89.2, 3, 3, 71.7);
INSERT INTO workflows_Sila (task_ID, request_ID, developer_ID, workflow_status, assigned_by_ID, assigned_at, resolved_at) VALUES (2328, 2328, 9, 'RESOLVED', 1, '2026-06-21 16:03:35', '2026-06-26 16:03:35');
INSERT INTO request_notes_Sila (note_ID, request_ID, content, submitter_ID, is_internal, created_at) VALUES (2649, 2328, 'Mock not eklendi. Test amacli. (Note 0)', 1, FALSE, '2026-06-21 17:03:35');
INSERT INTO requests_Sila (request_ID, creator_ID, title, description, status, type, generated_id, final_priority_score, created_at) VALUES (2329, 33, 'Sifre sifirlama maili gelmiyor - Mock Dev 9 - 37', 'Sistemin genelini etkileyen bir yavaslik soz konusu.', 'ASSIGNED', 'SİSTEM_ÇÖKÜŞÜ', 'M-0329', 84.5, '2026-06-21 15:03:35');
INSERT INTO priorities_Sila (priority_ID, request_ID, company_points, product_mgr_score, software_mgr_score, priority_score) VALUES (2329, 2329, 91.2, 4, 4, 84.5);
INSERT INTO workflows_Sila (task_ID, request_ID, developer_ID, workflow_status, assigned_by_ID, assigned_at) VALUES (2329, 2329, 9, 'ASSIGNED', 1, '2026-06-21 16:03:35');
INSERT INTO request_notes_Sila (note_ID, request_ID, content, submitter_ID, is_internal, created_at) VALUES (2650, 2329, 'Mock not eklendi. Test amacli. (Note 0)', 1, TRUE, '2026-06-21 17:03:35');
INSERT INTO request_notes_Sila (note_ID, request_ID, content, submitter_ID, is_internal, created_at) VALUES (2651, 2329, 'Mock not eklendi. Test amacli. (Note 1)', 9, FALSE, '2026-06-21 18:03:35');
INSERT INTO request_notes_Sila (note_ID, request_ID, content, submitter_ID, is_internal, created_at) VALUES (2652, 2329, 'Mock not eklendi. Test amacli. (Note 2)', 1, FALSE, '2026-06-21 19:03:35');
INSERT INTO requests_Sila (request_ID, creator_ID, title, description, status, type, generated_id, final_priority_score, created_at) VALUES (2330, 26, 'Sifre sifirlama maili gelmiyor - Mock Dev 9 - 38', 'Veriler eksik geliyor, veritabani sorgusu optimize edilmeli.', 'ASSIGNED', 'ENTEGRASYON_SIKINTILARI', 'M-0330', 70.2, '2026-07-10 15:03:35');
INSERT INTO priorities_Sila (priority_ID, request_ID, company_points, product_mgr_score, software_mgr_score, priority_score) VALUES (2330, 2330, 70.4, 4, 3, 70.2);
INSERT INTO workflows_Sila (task_ID, request_ID, developer_ID, workflow_status, assigned_by_ID, assigned_at) VALUES (2330, 2330, 9, 'ASSIGNED', 1, '2026-07-10 16:03:35');
INSERT INTO request_notes_Sila (note_ID, request_ID, content, submitter_ID, is_internal, created_at) VALUES (2653, 2330, 'Mock not eklendi. Test amacli. (Note 0)', 9, TRUE, '2026-07-10 17:03:35');
INSERT INTO request_notes_Sila (note_ID, request_ID, content, submitter_ID, is_internal, created_at) VALUES (2654, 2330, 'Mock not eklendi. Test amacli. (Note 1)', 1, TRUE, '2026-07-10 18:03:35');
INSERT INTO request_notes_Sila (note_ID, request_ID, content, submitter_ID, is_internal, created_at) VALUES (2655, 2330, 'Mock not eklendi. Test amacli. (Note 2)', 1, FALSE, '2026-07-10 19:03:35');
INSERT INTO requests_Sila (request_ID, creator_ID, title, description, status, type, generated_id, final_priority_score, created_at) VALUES (2331, 27, 'Yeni buton eklenmesi - Mock Dev 9 - 39', 'Sistemin genelini etkileyen bir yavaslik soz konusu.', 'ASSIGNED', 'VERİ_KAYBI', 'M-0331', 81.2, '2026-07-02 15:03:35');
INSERT INTO priorities_Sila (priority_ID, request_ID, company_points, product_mgr_score, software_mgr_score, priority_score) VALUES (2331, 2331, 97.9, 3, 4, 81.2);
INSERT INTO workflows_Sila (task_ID, request_ID, developer_ID, workflow_status, assigned_by_ID, assigned_at) VALUES (2331, 2331, 9, 'ASSIGNED', 1, '2026-07-02 16:03:35');
INSERT INTO request_notes_Sila (note_ID, request_ID, content, submitter_ID, is_internal, created_at) VALUES (2656, 2331, 'Mock not eklendi. Test amacli. (Note 0)', 9, FALSE, '2026-07-02 17:03:35');
INSERT INTO request_notes_Sila (note_ID, request_ID, content, submitter_ID, is_internal, created_at) VALUES (2657, 2331, 'Mock not eklendi. Test amacli. (Note 1)', 9, FALSE, '2026-07-02 18:03:35');
INSERT INTO request_notes_Sila (note_ID, request_ID, content, submitter_ID, is_internal, created_at) VALUES (2658, 2331, 'Mock not eklendi. Test amacli. (Note 2)', 9, TRUE, '2026-07-02 19:03:35');
INSERT INTO requests_Sila (request_ID, creator_ID, title, description, status, type, generated_id, final_priority_score, created_at) VALUES (2332, 33, 'Sayfa yuklenmiyor - Mock Dev 9 - 40', 'Dun yapilan guncellemeden sonra bozuldu.', 'ASSIGNED', 'ENTEGRASYON_SIKINTILARI', 'M-0332', 89.2, '2026-07-06 15:03:35');
INSERT INTO priorities_Sila (priority_ID, request_ID, company_points, product_mgr_score, software_mgr_score, priority_score) VALUES (2332, 2332, 87.9, 4, 5, 89.2);
INSERT INTO workflows_Sila (task_ID, request_ID, developer_ID, workflow_status, assigned_by_ID, assigned_at) VALUES (2332, 2332, 9, 'ASSIGNED', 1, '2026-07-06 16:03:35');
INSERT INTO request_notes_Sila (note_ID, request_ID, content, submitter_ID, is_internal, created_at) VALUES (2659, 2332, 'Mock not eklendi. Test amacli. (Note 0)', 9, FALSE, '2026-07-06 17:03:35');
INSERT INTO requests_Sila (request_ID, creator_ID, title, description, status, type, generated_id, final_priority_score, created_at) VALUES (2333, 27, 'Arayuzde kayma var - Mock Dev 9 - 41', 'Sistemin genelini etkileyen bir yavaslik soz konusu.', 'COMPLETED', 'SİSTEM_ÇÖKÜŞÜ', 'M-0333', 87.3, '2026-06-24 15:03:35');
INSERT INTO priorities_Sila (priority_ID, request_ID, company_points, product_mgr_score, software_mgr_score, priority_score) VALUES (2333, 2333, 98.2, 3, 5, 87.3);
INSERT INTO workflows_Sila (task_ID, request_ID, developer_ID, workflow_status, assigned_by_ID, assigned_at, resolved_at) VALUES (2333, 2333, 9, 'RESOLVED', 1, '2026-06-24 16:03:35', '2026-06-26 16:03:35');
INSERT INTO request_notes_Sila (note_ID, request_ID, content, submitter_ID, is_internal, created_at) VALUES (2660, 2333, 'Mock not eklendi. Test amacli. (Note 0)', 1, TRUE, '2026-06-24 17:03:35');
INSERT INTO requests_Sila (request_ID, creator_ID, title, description, status, type, generated_id, final_priority_score, created_at) VALUES (2334, 35, 'Raporlama modulu calismiyor - Mock Dev 9 - 42', 'Sistemin genelini etkileyen bir yavaslik soz konusu.', 'ASSIGNED', 'BUG_DÜZELTME', 'M-0334', 80.4, '2026-07-03 15:03:35');
INSERT INTO priorities_Sila (priority_ID, request_ID, company_points, product_mgr_score, software_mgr_score, priority_score) VALUES (2334, 2334, 81.0, 5, 3, 80.4);
INSERT INTO workflows_Sila (task_ID, request_ID, developer_ID, workflow_status, assigned_by_ID, assigned_at) VALUES (2334, 2334, 9, 'ASSIGNED', 1, '2026-07-03 16:03:35');
INSERT INTO request_notes_Sila (note_ID, request_ID, content, submitter_ID, is_internal, created_at) VALUES (2661, 2334, 'Mock not eklendi. Test amacli. (Note 0)', 9, TRUE, '2026-07-03 17:03:35');
INSERT INTO request_notes_Sila (note_ID, request_ID, content, submitter_ID, is_internal, created_at) VALUES (2662, 2334, 'Mock not eklendi. Test amacli. (Note 1)', 9, TRUE, '2026-07-03 18:03:35');
INSERT INTO requests_Sila (request_ID, creator_ID, title, description, status, type, generated_id, final_priority_score, created_at) VALUES (2335, 29, 'Veritabani baglanti hatasi - Mock Dev 9 - 43', 'Performans cok dusuk.', 'COMPLETED', 'VERİ_KAYBI', 'M-0335', 88.3, '2026-06-20 15:03:35');
INSERT INTO priorities_Sila (priority_ID, request_ID, company_points, product_mgr_score, software_mgr_score, priority_score) VALUES (2335, 2335, 85.8, 4, 5, 88.3);
INSERT INTO workflows_Sila (task_ID, request_ID, developer_ID, workflow_status, assigned_by_ID, assigned_at, resolved_at) VALUES (2335, 2335, 9, 'RESOLVED', 1, '2026-06-20 16:03:35', '2026-06-24 16:03:35');
INSERT INTO request_notes_Sila (note_ID, request_ID, content, submitter_ID, is_internal, created_at) VALUES (2663, 2335, 'Mock not eklendi. Test amacli. (Note 0)', 9, FALSE, '2026-06-20 17:03:35');
INSERT INTO requests_Sila (request_ID, creator_ID, title, description, status, type, generated_id, final_priority_score, created_at) VALUES (2336, 29, 'Veritabani baglanti hatasi - Mock Dev 9 - 44', 'Sistemin genelini etkileyen bir yavaslik soz konusu.', 'COMPLETED', 'BUG_DÜZELTME', 'M-0336', 83.3, '2026-07-09 15:03:35');
INSERT INTO priorities_Sila (priority_ID, request_ID, company_points, product_mgr_score, software_mgr_score, priority_score) VALUES (2336, 2336, 88.2, 5, 3, 83.3);
INSERT INTO workflows_Sila (task_ID, request_ID, developer_ID, workflow_status, assigned_by_ID, assigned_at, resolved_at) VALUES (2336, 2336, 9, 'RESOLVED', 1, '2026-07-09 16:03:35', '2026-07-13 16:03:35');
INSERT INTO request_notes_Sila (note_ID, request_ID, content, submitter_ID, is_internal, created_at) VALUES (2664, 2336, 'Mock not eklendi. Test amacli. (Note 0)', 9, FALSE, '2026-07-09 17:03:35');
INSERT INTO request_notes_Sila (note_ID, request_ID, content, submitter_ID, is_internal, created_at) VALUES (2665, 2336, 'Mock not eklendi. Test amacli. (Note 1)', 1, FALSE, '2026-07-09 18:03:35');
INSERT INTO requests_Sila (request_ID, creator_ID, title, description, status, type, generated_id, final_priority_score, created_at) VALUES (2337, 27, 'Mobil uyumluluk sorunu - Mock Dev 9 - 45', 'Test ortaminda calisiyor ama canlida hata veriyor.', 'COMPLETED', 'DİĞER', 'M-0337', 92.3, '2026-06-22 15:03:35');
INSERT INTO priorities_Sila (priority_ID, request_ID, company_points, product_mgr_score, software_mgr_score, priority_score) VALUES (2337, 2337, 95.8, 4, 5, 92.3);
INSERT INTO workflows_Sila (task_ID, request_ID, developer_ID, workflow_status, assigned_by_ID, assigned_at, resolved_at) VALUES (2337, 2337, 9, 'RESOLVED', 1, '2026-06-22 16:03:35', '2026-06-24 16:03:35');
INSERT INTO request_notes_Sila (note_ID, request_ID, content, submitter_ID, is_internal, created_at) VALUES (2666, 2337, 'Mock not eklendi. Test amacli. (Note 0)', 9, TRUE, '2026-06-22 17:03:35');
INSERT INTO requests_Sila (request_ID, creator_ID, title, description, status, type, generated_id, final_priority_score, created_at) VALUES (2338, 32, 'Yeni buton eklenmesi - Mock Dev 9 - 46', 'Test ortaminda calisiyor ama canlida hata veriyor.', 'COMPLETED', 'DİĞER', 'M-0338', 77.5, '2026-07-09 15:03:35');
INSERT INTO priorities_Sila (priority_ID, request_ID, company_points, product_mgr_score, software_mgr_score, priority_score) VALUES (2338, 2338, 73.8, 3, 5, 77.5);
INSERT INTO workflows_Sila (task_ID, request_ID, developer_ID, workflow_status, assigned_by_ID, assigned_at, resolved_at) VALUES (2338, 2338, 9, 'RESOLVED', 1, '2026-07-09 16:03:35', '2026-07-10 16:03:35');
INSERT INTO request_notes_Sila (note_ID, request_ID, content, submitter_ID, is_internal, created_at) VALUES (2667, 2338, 'Mock not eklendi. Test amacli. (Note 0)', 9, FALSE, '2026-07-09 17:03:35');
INSERT INTO request_notes_Sila (note_ID, request_ID, content, submitter_ID, is_internal, created_at) VALUES (2668, 2338, 'Mock not eklendi. Test amacli. (Note 1)', 1, TRUE, '2026-07-09 18:03:35');
INSERT INTO request_notes_Sila (note_ID, request_ID, content, submitter_ID, is_internal, created_at) VALUES (2669, 2338, 'Mock not eklendi. Test amacli. (Note 2)', 1, TRUE, '2026-07-09 19:03:35');
INSERT INTO requests_Sila (request_ID, creator_ID, title, description, status, type, generated_id, final_priority_score, created_at) VALUES (2339, 34, 'Sayfa yuklenmiyor - Mock Dev 9 - 47', 'Test ortaminda calisiyor ama canlida hata veriyor.', 'COMPLETED', 'SİSTEM_ÇÖKÜŞÜ', 'M-0339', 87.8, '2026-07-15 15:03:35');
INSERT INTO priorities_Sila (priority_ID, request_ID, company_points, product_mgr_score, software_mgr_score, priority_score) VALUES (2339, 2339, 99.5, 4, 4, 87.8);
INSERT INTO workflows_Sila (task_ID, request_ID, developer_ID, workflow_status, assigned_by_ID, assigned_at, resolved_at) VALUES (2339, 2339, 9, 'RESOLVED', 1, '2026-07-15 16:03:35', '2026-07-20 16:03:35');
INSERT INTO request_notes_Sila (note_ID, request_ID, content, submitter_ID, is_internal, created_at) VALUES (2670, 2339, 'Mock not eklendi. Test amacli. (Note 0)', 1, FALSE, '2026-07-15 17:03:35');
INSERT INTO requests_Sila (request_ID, creator_ID, title, description, status, type, generated_id, final_priority_score, created_at) VALUES (2340, 32, 'Sifre sifirlama maili gelmiyor - Mock Dev 9 - 48', 'Sistemin genelini etkileyen bir yavaslik soz konusu.', 'ASSIGNED', 'DİĞER', 'M-0340', 64.4, '2026-06-25 15:03:35');
INSERT INTO priorities_Sila (priority_ID, request_ID, company_points, product_mgr_score, software_mgr_score, priority_score) VALUES (2340, 2340, 70.9, 3, 3, 64.4);
INSERT INTO workflows_Sila (task_ID, request_ID, developer_ID, workflow_status, assigned_by_ID, assigned_at) VALUES (2340, 2340, 9, 'ASSIGNED', 1, '2026-06-25 16:03:35');
INSERT INTO request_notes_Sila (note_ID, request_ID, content, submitter_ID, is_internal, created_at) VALUES (2671, 2340, 'Mock not eklendi. Test amacli. (Note 0)', 1, TRUE, '2026-06-25 17:03:35');
INSERT INTO request_notes_Sila (note_ID, request_ID, content, submitter_ID, is_internal, created_at) VALUES (2672, 2340, 'Mock not eklendi. Test amacli. (Note 1)', 1, TRUE, '2026-06-25 18:03:35');
INSERT INTO requests_Sila (request_ID, creator_ID, title, description, status, type, generated_id, final_priority_score, created_at) VALUES (2341, 34, 'Raporlama modulu calismiyor - Mock Dev 9 - 49', 'Loglarda NullPointerException gordum, ekteki dosyaya bakiniz.', 'COMPLETED', 'GELİŞTİRME', 'M-0341', 84.7, '2026-07-14 15:03:35');
INSERT INTO priorities_Sila (priority_ID, request_ID, company_points, product_mgr_score, software_mgr_score, priority_score) VALUES (2341, 2341, 91.9, 3, 5, 84.7);
INSERT INTO workflows_Sila (task_ID, request_ID, developer_ID, workflow_status, assigned_by_ID, assigned_at, resolved_at) VALUES (2341, 2341, 9, 'RESOLVED', 1, '2026-07-14 16:03:35', '2026-07-19 16:03:35');
INSERT INTO request_notes_Sila (note_ID, request_ID, content, submitter_ID, is_internal, created_at) VALUES (2673, 2341, 'Mock not eklendi. Test amacli. (Note 0)', 9, FALSE, '2026-07-14 17:03:35');
INSERT INTO request_notes_Sila (note_ID, request_ID, content, submitter_ID, is_internal, created_at) VALUES (2674, 2341, 'Mock not eklendi. Test amacli. (Note 1)', 1, FALSE, '2026-07-14 18:03:35');
INSERT INTO requests_Sila (request_ID, creator_ID, title, description, status, type, generated_id, final_priority_score, created_at) VALUES (2342, 31, 'Yeni buton eklenmesi - Mock Dev 9 - 50', 'Test ortaminda calisiyor ama canlida hata veriyor.', 'COMPLETED', 'ENTEGRASYON_SIKINTILARI', 'M-0342', 89.4, '2026-07-16 15:03:35');
INSERT INTO priorities_Sila (priority_ID, request_ID, company_points, product_mgr_score, software_mgr_score, priority_score) VALUES (2342, 2342, 88.5, 4, 5, 89.4);
INSERT INTO workflows_Sila (task_ID, request_ID, developer_ID, workflow_status, assigned_by_ID, assigned_at, resolved_at) VALUES (2342, 2342, 9, 'RESOLVED', 1, '2026-07-16 16:03:35', '2026-07-17 16:03:35');
INSERT INTO request_notes_Sila (note_ID, request_ID, content, submitter_ID, is_internal, created_at) VALUES (2675, 2342, 'Mock not eklendi. Test amacli. (Note 0)', 1, FALSE, '2026-07-16 17:03:35');
INSERT INTO request_notes_Sila (note_ID, request_ID, content, submitter_ID, is_internal, created_at) VALUES (2676, 2342, 'Mock not eklendi. Test amacli. (Note 1)', 1, FALSE, '2026-07-16 18:03:35');
INSERT INTO request_notes_Sila (note_ID, request_ID, content, submitter_ID, is_internal, created_at) VALUES (2677, 2342, 'Mock not eklendi. Test amacli. (Note 2)', 9, FALSE, '2026-07-16 19:03:35');
INSERT INTO requests_Sila (request_ID, creator_ID, title, description, status, type, generated_id, final_priority_score, created_at) VALUES (2343, 30, 'Veritabani baglanti hatasi - Mock Dev 9 - 51', 'Dun yapilan guncellemeden sonra bozuldu.', 'ASSIGNED', 'BUG_DÜZELTME', 'M-0343', 90.3, '2026-07-09 15:03:35');
INSERT INTO priorities_Sila (priority_ID, request_ID, company_points, product_mgr_score, software_mgr_score, priority_score) VALUES (2343, 2343, 90.7, 4, 5, 90.3);
INSERT INTO workflows_Sila (task_ID, request_ID, developer_ID, workflow_status, assigned_by_ID, assigned_at) VALUES (2343, 2343, 9, 'ASSIGNED', 1, '2026-07-09 16:03:35');
INSERT INTO request_notes_Sila (note_ID, request_ID, content, submitter_ID, is_internal, created_at) VALUES (2678, 2343, 'Mock not eklendi. Test amacli. (Note 0)', 1, TRUE, '2026-07-09 17:03:35');
INSERT INTO request_notes_Sila (note_ID, request_ID, content, submitter_ID, is_internal, created_at) VALUES (2679, 2343, 'Mock not eklendi. Test amacli. (Note 1)', 9, TRUE, '2026-07-09 18:03:35');
INSERT INTO requests_Sila (request_ID, creator_ID, title, description, status, type, generated_id, final_priority_score, created_at) VALUES (2344, 26, 'Mobil uyumluluk sorunu - Mock Dev 9 - 52', 'Musteriler bu sorundan sikayetci, acil bakilmasi gerekiyor.', 'COMPLETED', 'GELİŞTİRME', 'M-0344', 97.3, '2026-06-21 15:03:35');
INSERT INTO priorities_Sila (priority_ID, request_ID, company_points, product_mgr_score, software_mgr_score, priority_score) VALUES (2344, 2344, 93.3, 5, 5, 97.3);
INSERT INTO workflows_Sila (task_ID, request_ID, developer_ID, workflow_status, assigned_by_ID, assigned_at, resolved_at) VALUES (2344, 2344, 9, 'RESOLVED', 1, '2026-06-21 16:03:35', '2026-06-24 16:03:35');
INSERT INTO request_notes_Sila (note_ID, request_ID, content, submitter_ID, is_internal, created_at) VALUES (2680, 2344, 'Mock not eklendi. Test amacli. (Note 0)', 1, TRUE, '2026-06-21 17:03:35');
INSERT INTO request_notes_Sila (note_ID, request_ID, content, submitter_ID, is_internal, created_at) VALUES (2681, 2344, 'Mock not eklendi. Test amacli. (Note 1)', 1, FALSE, '2026-06-21 18:03:35');
INSERT INTO requests_Sila (request_ID, creator_ID, title, description, status, type, generated_id, final_priority_score, created_at) VALUES (2345, 34, 'Veritabani baglanti hatasi - Mock Dev 9 - 53', 'Performans cok dusuk.', 'ASSIGNED', 'BUG_DÜZELTME', 'M-0345', 79.5, '2026-06-21 15:03:35');
INSERT INTO priorities_Sila (priority_ID, request_ID, company_points, product_mgr_score, software_mgr_score, priority_score) VALUES (2345, 2345, 78.8, 5, 3, 79.5);
INSERT INTO workflows_Sila (task_ID, request_ID, developer_ID, workflow_status, assigned_by_ID, assigned_at) VALUES (2345, 2345, 9, 'ASSIGNED', 1, '2026-06-21 16:03:35');
INSERT INTO request_notes_Sila (note_ID, request_ID, content, submitter_ID, is_internal, created_at) VALUES (2682, 2345, 'Mock not eklendi. Test amacli. (Note 0)', 1, FALSE, '2026-06-21 17:03:35');
INSERT INTO request_notes_Sila (note_ID, request_ID, content, submitter_ID, is_internal, created_at) VALUES (2683, 2345, 'Mock not eklendi. Test amacli. (Note 1)', 9, TRUE, '2026-06-21 18:03:35');
INSERT INTO request_notes_Sila (note_ID, request_ID, content, submitter_ID, is_internal, created_at) VALUES (2684, 2345, 'Mock not eklendi. Test amacli. (Note 2)', 9, FALSE, '2026-06-21 19:03:35');
INSERT INTO requests_Sila (request_ID, creator_ID, title, description, status, type, generated_id, final_priority_score, created_at) VALUES (2346, 30, 'Mobil uyumluluk sorunu - Mock Dev 9 - 54', 'Musteriler bu sorundan sikayetci, acil bakilmasi gerekiyor.', 'COMPLETED', 'BUG_DÜZELTME', 'M-0346', 73.2, '2026-07-14 15:03:35');
INSERT INTO priorities_Sila (priority_ID, request_ID, company_points, product_mgr_score, software_mgr_score, priority_score) VALUES (2346, 2346, 92.9, 3, 3, 73.2);
INSERT INTO workflows_Sila (task_ID, request_ID, developer_ID, workflow_status, assigned_by_ID, assigned_at, resolved_at) VALUES (2346, 2346, 9, 'RESOLVED', 1, '2026-07-14 16:03:35', '2026-07-16 16:03:35');
INSERT INTO request_notes_Sila (note_ID, request_ID, content, submitter_ID, is_internal, created_at) VALUES (2685, 2346, 'Mock not eklendi. Test amacli. (Note 0)', 9, TRUE, '2026-07-14 17:03:35');
INSERT INTO request_notes_Sila (note_ID, request_ID, content, submitter_ID, is_internal, created_at) VALUES (2686, 2346, 'Mock not eklendi. Test amacli. (Note 1)', 9, TRUE, '2026-07-14 18:03:35');
INSERT INTO request_notes_Sila (note_ID, request_ID, content, submitter_ID, is_internal, created_at) VALUES (2687, 2346, 'Mock not eklendi. Test amacli. (Note 2)', 1, TRUE, '2026-07-14 19:03:35');
INSERT INTO requests_Sila (request_ID, creator_ID, title, description, status, type, generated_id, final_priority_score, created_at) VALUES (2347, 35, 'Kullanici girisi yavas - Mock Dev 9 - 55', 'Musteriler bu sorundan sikayetci, acil bakilmasi gerekiyor.', 'COMPLETED', 'ENTEGRASYON_SIKINTILARI', 'M-0347', 86.3, '2026-06-25 15:03:35');
INSERT INTO priorities_Sila (priority_ID, request_ID, company_points, product_mgr_score, software_mgr_score, priority_score) VALUES (2347, 2347, 95.8, 5, 3, 86.3);
INSERT INTO workflows_Sila (task_ID, request_ID, developer_ID, workflow_status, assigned_by_ID, assigned_at, resolved_at) VALUES (2347, 2347, 9, 'RESOLVED', 1, '2026-06-25 16:03:35', '2026-06-26 16:03:35');
INSERT INTO request_notes_Sila (note_ID, request_ID, content, submitter_ID, is_internal, created_at) VALUES (2688, 2347, 'Mock not eklendi. Test amacli. (Note 0)', 1, FALSE, '2026-06-25 17:03:35');
INSERT INTO request_notes_Sila (note_ID, request_ID, content, submitter_ID, is_internal, created_at) VALUES (2689, 2347, 'Mock not eklendi. Test amacli. (Note 1)', 9, TRUE, '2026-06-25 18:03:35');
INSERT INTO request_notes_Sila (note_ID, request_ID, content, submitter_ID, is_internal, created_at) VALUES (2690, 2347, 'Mock not eklendi. Test amacli. (Note 2)', 9, FALSE, '2026-06-25 19:03:35');
INSERT INTO requests_Sila (request_ID, creator_ID, title, description, status, type, generated_id, final_priority_score, created_at) VALUES (2348, 31, 'Yeni buton eklenmesi - Mock Dev 9 - 56', 'Veriler eksik geliyor, veritabani sorgusu optimize edilmeli.', 'ASSIGNED', 'VERİ_KAYBI', 'M-0348', 88.6, '2026-06-25 15:03:35');
INSERT INTO priorities_Sila (priority_ID, request_ID, company_points, product_mgr_score, software_mgr_score, priority_score) VALUES (2348, 2348, 86.4, 4, 5, 88.6);
INSERT INTO workflows_Sila (task_ID, request_ID, developer_ID, workflow_status, assigned_by_ID, assigned_at) VALUES (2348, 2348, 9, 'ASSIGNED', 1, '2026-06-25 16:03:35');
INSERT INTO request_notes_Sila (note_ID, request_ID, content, submitter_ID, is_internal, created_at) VALUES (2691, 2348, 'Mock not eklendi. Test amacli. (Note 0)', 9, TRUE, '2026-06-25 17:03:35');
INSERT INTO request_notes_Sila (note_ID, request_ID, content, submitter_ID, is_internal, created_at) VALUES (2692, 2348, 'Mock not eklendi. Test amacli. (Note 1)', 9, FALSE, '2026-06-25 18:03:35');
INSERT INTO requests_Sila (request_ID, creator_ID, title, description, status, type, generated_id, final_priority_score, created_at) VALUES (2349, 33, 'Mobil uyumluluk sorunu - Mock Dev 9 - 57', 'Loglarda NullPointerException gordum, ekteki dosyaya bakiniz.', 'ASSIGNED', 'ENTEGRASYON_SIKINTILARI', 'M-0349', 84.6, '2026-07-09 15:03:35');
INSERT INTO priorities_Sila (priority_ID, request_ID, company_points, product_mgr_score, software_mgr_score, priority_score) VALUES (2349, 2349, 91.6, 4, 4, 84.6);
INSERT INTO workflows_Sila (task_ID, request_ID, developer_ID, workflow_status, assigned_by_ID, assigned_at) VALUES (2349, 2349, 9, 'ASSIGNED', 1, '2026-07-09 16:03:35');
INSERT INTO request_notes_Sila (note_ID, request_ID, content, submitter_ID, is_internal, created_at) VALUES (2693, 2349, 'Mock not eklendi. Test amacli. (Note 0)', 1, TRUE, '2026-07-09 17:03:35');
INSERT INTO requests_Sila (request_ID, creator_ID, title, description, status, type, generated_id, final_priority_score, created_at) VALUES (2350, 27, '500 Internal Server Error - Mock Dev 9 - 58', 'Test ortaminda calisiyor ama canlida hata veriyor.', 'ASSIGNED', 'VERİ_KAYBI', 'M-0350', 81.3, '2026-07-04 15:03:35');
INSERT INTO priorities_Sila (priority_ID, request_ID, company_points, product_mgr_score, software_mgr_score, priority_score) VALUES (2350, 2350, 98.2, 3, 4, 81.3);
INSERT INTO workflows_Sila (task_ID, request_ID, developer_ID, workflow_status, assigned_by_ID, assigned_at) VALUES (2350, 2350, 9, 'ASSIGNED', 1, '2026-07-04 16:03:35');
INSERT INTO request_notes_Sila (note_ID, request_ID, content, submitter_ID, is_internal, created_at) VALUES (2694, 2350, 'Mock not eklendi. Test amacli. (Note 0)', 9, FALSE, '2026-07-04 17:03:35');
INSERT INTO request_notes_Sila (note_ID, request_ID, content, submitter_ID, is_internal, created_at) VALUES (2695, 2350, 'Mock not eklendi. Test amacli. (Note 1)', 1, TRUE, '2026-07-04 18:03:35');
INSERT INTO request_notes_Sila (note_ID, request_ID, content, submitter_ID, is_internal, created_at) VALUES (2696, 2350, 'Mock not eklendi. Test amacli. (Note 2)', 9, FALSE, '2026-07-04 19:03:35');
INSERT INTO requests_Sila (request_ID, creator_ID, title, description, status, type, generated_id, final_priority_score, created_at) VALUES (2351, 27, 'Veritabani baglanti hatasi - Mock Dev 9 - 59', 'Performans cok dusuk.', 'ASSIGNED', 'ENTEGRASYON_SIKINTILARI', 'M-0351', 79.0, '2026-07-05 15:03:35');
INSERT INTO priorities_Sila (priority_ID, request_ID, company_points, product_mgr_score, software_mgr_score, priority_score) VALUES (2351, 2351, 77.5, 4, 4, 79.0);
INSERT INTO workflows_Sila (task_ID, request_ID, developer_ID, workflow_status, assigned_by_ID, assigned_at) VALUES (2351, 2351, 9, 'ASSIGNED', 1, '2026-07-05 16:03:35');
INSERT INTO request_notes_Sila (note_ID, request_ID, content, submitter_ID, is_internal, created_at) VALUES (2697, 2351, 'Mock not eklendi. Test amacli. (Note 0)', 1, TRUE, '2026-07-05 17:03:35');
INSERT INTO request_notes_Sila (note_ID, request_ID, content, submitter_ID, is_internal, created_at) VALUES (2698, 2351, 'Mock not eklendi. Test amacli. (Note 1)', 9, TRUE, '2026-07-05 18:03:35');
INSERT INTO requests_Sila (request_ID, creator_ID, title, description, status, type, generated_id, final_priority_score, created_at) VALUES (2352, 31, 'Veritabani baglanti hatasi - Mock Dev 9 - 60', 'Performans cok dusuk.', 'COMPLETED', 'ENTEGRASYON_SIKINTILARI', 'M-0352', 67.2, '2026-07-18 15:03:35');
INSERT INTO priorities_Sila (priority_ID, request_ID, company_points, product_mgr_score, software_mgr_score, priority_score) VALUES (2352, 2352, 78.0, 3, 3, 67.2);
INSERT INTO workflows_Sila (task_ID, request_ID, developer_ID, workflow_status, assigned_by_ID, assigned_at, resolved_at) VALUES (2352, 2352, 9, 'RESOLVED', 1, '2026-07-18 16:03:35', '2026-07-20 16:03:35');
INSERT INTO request_notes_Sila (note_ID, request_ID, content, submitter_ID, is_internal, created_at) VALUES (2699, 2352, 'Mock not eklendi. Test amacli. (Note 0)', 1, TRUE, '2026-07-18 17:03:35');
INSERT INTO request_notes_Sila (note_ID, request_ID, content, submitter_ID, is_internal, created_at) VALUES (2700, 2352, 'Mock not eklendi. Test amacli. (Note 1)', 9, FALSE, '2026-07-18 18:03:35');
INSERT INTO request_notes_Sila (note_ID, request_ID, content, submitter_ID, is_internal, created_at) VALUES (2701, 2352, 'Mock not eklendi. Test amacli. (Note 2)', 9, TRUE, '2026-07-18 19:03:35');
INSERT INTO requests_Sila (request_ID, creator_ID, title, description, status, type, generated_id, final_priority_score, created_at) VALUES (2353, 30, 'Arayuzde kayma var - Mock Dev 9 - 61', 'Loglarda NullPointerException gordum, ekteki dosyaya bakiniz.', 'COMPLETED', 'GELİŞTİRME', 'M-0353', 82.8, '2026-07-09 15:03:35');
INSERT INTO priorities_Sila (priority_ID, request_ID, company_points, product_mgr_score, software_mgr_score, priority_score) VALUES (2353, 2353, 86.9, 3, 5, 82.8);
INSERT INTO workflows_Sila (task_ID, request_ID, developer_ID, workflow_status, assigned_by_ID, assigned_at, resolved_at) VALUES (2353, 2353, 9, 'RESOLVED', 1, '2026-07-09 16:03:35', '2026-07-11 16:03:35');
INSERT INTO request_notes_Sila (note_ID, request_ID, content, submitter_ID, is_internal, created_at) VALUES (2702, 2353, 'Mock not eklendi. Test amacli. (Note 0)', 9, FALSE, '2026-07-09 17:03:35');
INSERT INTO request_notes_Sila (note_ID, request_ID, content, submitter_ID, is_internal, created_at) VALUES (2703, 2353, 'Mock not eklendi. Test amacli. (Note 1)', 1, FALSE, '2026-07-09 18:03:35');
INSERT INTO requests_Sila (request_ID, creator_ID, title, description, status, type, generated_id, final_priority_score, created_at) VALUES (2354, 33, 'Sayfa yuklenmiyor - Mock Dev 9 - 62', 'Test ortaminda calisiyor ama canlida hata veriyor.', 'ASSIGNED', 'SİSTEM_ÇÖKÜŞÜ', 'M-0354', 79.5, '2026-06-22 15:03:35');
INSERT INTO priorities_Sila (priority_ID, request_ID, company_points, product_mgr_score, software_mgr_score, priority_score) VALUES (2354, 2354, 93.7, 3, 4, 79.5);
INSERT INTO workflows_Sila (task_ID, request_ID, developer_ID, workflow_status, assigned_by_ID, assigned_at) VALUES (2354, 2354, 9, 'ASSIGNED', 1, '2026-06-22 16:03:35');
INSERT INTO request_notes_Sila (note_ID, request_ID, content, submitter_ID, is_internal, created_at) VALUES (2704, 2354, 'Mock not eklendi. Test amacli. (Note 0)', 9, TRUE, '2026-06-22 17:03:35');
INSERT INTO requests_Sila (request_ID, creator_ID, title, description, status, type, generated_id, final_priority_score, created_at) VALUES (2355, 33, 'Veri kaybi yasaniyor - Mock Dev 9 - 63', 'Sistemin genelini etkileyen bir yavaslik soz konusu.', 'ASSIGNED', 'BUG_DÜZELTME', 'M-0355', 71.2, '2026-06-29 15:03:35');
INSERT INTO priorities_Sila (priority_ID, request_ID, company_points, product_mgr_score, software_mgr_score, priority_score) VALUES (2355, 2355, 87.9, 3, 3, 71.2);
INSERT INTO workflows_Sila (task_ID, request_ID, developer_ID, workflow_status, assigned_by_ID, assigned_at) VALUES (2355, 2355, 9, 'ASSIGNED', 1, '2026-06-29 16:03:35');
INSERT INTO request_notes_Sila (note_ID, request_ID, content, submitter_ID, is_internal, created_at) VALUES (2705, 2355, 'Mock not eklendi. Test amacli. (Note 0)', 9, TRUE, '2026-06-29 17:03:35');
INSERT INTO request_notes_Sila (note_ID, request_ID, content, submitter_ID, is_internal, created_at) VALUES (2706, 2355, 'Mock not eklendi. Test amacli. (Note 1)', 9, FALSE, '2026-06-29 18:03:35');
INSERT INTO requests_Sila (request_ID, creator_ID, title, description, status, type, generated_id, final_priority_score, created_at) VALUES (2356, 30, '500 Internal Server Error - Mock Dev 9 - 64', 'Loglarda NullPointerException gordum, ekteki dosyaya bakiniz.', 'COMPLETED', 'VERİ_KAYBI', 'M-0356', 78.5, '2026-07-07 15:03:35');
INSERT INTO priorities_Sila (priority_ID, request_ID, company_points, product_mgr_score, software_mgr_score, priority_score) VALUES (2356, 2356, 91.1, 4, 3, 78.5);
INSERT INTO workflows_Sila (task_ID, request_ID, developer_ID, workflow_status, assigned_by_ID, assigned_at, resolved_at) VALUES (2356, 2356, 9, 'RESOLVED', 1, '2026-07-07 16:03:35', '2026-07-10 16:03:35');
INSERT INTO request_notes_Sila (note_ID, request_ID, content, submitter_ID, is_internal, created_at) VALUES (2707, 2356, 'Mock not eklendi. Test amacli. (Note 0)', 9, TRUE, '2026-07-07 17:03:35');
INSERT INTO request_notes_Sila (note_ID, request_ID, content, submitter_ID, is_internal, created_at) VALUES (2708, 2356, 'Mock not eklendi. Test amacli. (Note 1)', 1, TRUE, '2026-07-07 18:03:35');
INSERT INTO request_notes_Sila (note_ID, request_ID, content, submitter_ID, is_internal, created_at) VALUES (2709, 2356, 'Mock not eklendi. Test amacli. (Note 2)', 9, TRUE, '2026-07-07 19:03:35');
INSERT INTO requests_Sila (request_ID, creator_ID, title, description, status, type, generated_id, final_priority_score, created_at) VALUES (2357, 32, 'Arayuzde kayma var - Mock Dev 10 - 0', 'Performans cok dusuk.', 'COMPLETED', 'BUG_DÜZELTME', 'M-0357', 70.1, '2026-07-15 15:03:35');
INSERT INTO priorities_Sila (priority_ID, request_ID, company_points, product_mgr_score, software_mgr_score, priority_score) VALUES (2357, 2357, 70.2, 4, 3, 70.1);
INSERT INTO workflows_Sila (task_ID, request_ID, developer_ID, workflow_status, assigned_by_ID, assigned_at, resolved_at) VALUES (2357, 2357, 10, 'RESOLVED', 1, '2026-07-15 16:03:35', '2026-07-18 16:03:35');
INSERT INTO request_notes_Sila (note_ID, request_ID, content, submitter_ID, is_internal, created_at) VALUES (2710, 2357, 'Mock not eklendi. Test amacli. (Note 0)', 10, TRUE, '2026-07-15 17:03:35');
INSERT INTO request_notes_Sila (note_ID, request_ID, content, submitter_ID, is_internal, created_at) VALUES (2711, 2357, 'Mock not eklendi. Test amacli. (Note 1)', 10, FALSE, '2026-07-15 18:03:35');
INSERT INTO requests_Sila (request_ID, creator_ID, title, description, status, type, generated_id, final_priority_score, created_at) VALUES (2358, 30, 'Mobil uyumluluk sorunu - Mock Dev 10 - 1', 'Dun yapilan guncellemeden sonra bozuldu.', 'ASSIGNED', 'BUG_DÜZELTME', 'M-0358', 82.1, '2026-06-20 15:03:35');
INSERT INTO priorities_Sila (priority_ID, request_ID, company_points, product_mgr_score, software_mgr_score, priority_score) VALUES (2358, 2358, 85.3, 5, 3, 82.1);
INSERT INTO workflows_Sila (task_ID, request_ID, developer_ID, workflow_status, assigned_by_ID, assigned_at) VALUES (2358, 2358, 10, 'ASSIGNED', 1, '2026-06-20 16:03:35');
INSERT INTO request_notes_Sila (note_ID, request_ID, content, submitter_ID, is_internal, created_at) VALUES (2712, 2358, 'Mock not eklendi. Test amacli. (Note 0)', 1, TRUE, '2026-06-20 17:03:35');
INSERT INTO requests_Sila (request_ID, creator_ID, title, description, status, type, generated_id, final_priority_score, created_at) VALUES (2359, 31, 'Sifre sifirlama maili gelmiyor - Mock Dev 10 - 2', 'Veriler eksik geliyor, veritabani sorgusu optimize edilmeli.', 'ASSIGNED', 'DİĞER', 'M-0359', 82.3, '2026-07-14 15:03:35');
INSERT INTO priorities_Sila (priority_ID, request_ID, company_points, product_mgr_score, software_mgr_score, priority_score) VALUES (2359, 2359, 85.6, 4, 4, 82.3);
INSERT INTO workflows_Sila (task_ID, request_ID, developer_ID, workflow_status, assigned_by_ID, assigned_at) VALUES (2359, 2359, 10, 'ASSIGNED', 1, '2026-07-14 16:03:35');
INSERT INTO request_notes_Sila (note_ID, request_ID, content, submitter_ID, is_internal, created_at) VALUES (2713, 2359, 'Mock not eklendi. Test amacli. (Note 0)', 10, TRUE, '2026-07-14 17:03:35');
INSERT INTO requests_Sila (request_ID, creator_ID, title, description, status, type, generated_id, final_priority_score, created_at) VALUES (2360, 35, 'Sifre sifirlama maili gelmiyor - Mock Dev 10 - 3', 'Loglarda NullPointerException gordum, ekteki dosyaya bakiniz.', 'ASSIGNED', 'DİĞER', 'M-0360', 75.8, '2026-07-03 15:03:35');
INSERT INTO priorities_Sila (priority_ID, request_ID, company_points, product_mgr_score, software_mgr_score, priority_score) VALUES (2360, 2360, 99.5, 3, 3, 75.8);
INSERT INTO workflows_Sila (task_ID, request_ID, developer_ID, workflow_status, assigned_by_ID, assigned_at) VALUES (2360, 2360, 10, 'ASSIGNED', 1, '2026-07-03 16:03:35');
INSERT INTO request_notes_Sila (note_ID, request_ID, content, submitter_ID, is_internal, created_at) VALUES (2714, 2360, 'Mock not eklendi. Test amacli. (Note 0)', 1, FALSE, '2026-07-03 17:03:35');
INSERT INTO request_notes_Sila (note_ID, request_ID, content, submitter_ID, is_internal, created_at) VALUES (2715, 2360, 'Mock not eklendi. Test amacli. (Note 1)', 1, TRUE, '2026-07-03 18:03:35');
INSERT INTO requests_Sila (request_ID, creator_ID, title, description, status, type, generated_id, final_priority_score, created_at) VALUES (2361, 27, 'Raporlama modulu calismiyor - Mock Dev 10 - 4', 'Dun yapilan guncellemeden sonra bozuldu.', 'ASSIGNED', 'SİSTEM_ÇÖKÜŞÜ', 'M-0361', 85.0, '2026-06-21 15:03:35');
INSERT INTO priorities_Sila (priority_ID, request_ID, company_points, product_mgr_score, software_mgr_score, priority_score) VALUES (2361, 2361, 77.5, 5, 4, 85.0);
INSERT INTO workflows_Sila (task_ID, request_ID, developer_ID, workflow_status, assigned_by_ID, assigned_at) VALUES (2361, 2361, 10, 'ASSIGNED', 1, '2026-06-21 16:03:35');
INSERT INTO request_notes_Sila (note_ID, request_ID, content, submitter_ID, is_internal, created_at) VALUES (2716, 2361, 'Mock not eklendi. Test amacli. (Note 0)', 1, TRUE, '2026-06-21 17:03:35');
INSERT INTO requests_Sila (request_ID, creator_ID, title, description, status, type, generated_id, final_priority_score, created_at) VALUES (2362, 31, 'Yeni buton eklenmesi - Mock Dev 10 - 5', 'Loglarda NullPointerException gordum, ekteki dosyaya bakiniz.', 'ASSIGNED', 'BUG_DÜZELTME', 'M-0362', 89.4, '2026-07-08 15:03:35');
INSERT INTO priorities_Sila (priority_ID, request_ID, company_points, product_mgr_score, software_mgr_score, priority_score) VALUES (2362, 2362, 73.5, 5, 5, 89.4);
INSERT INTO workflows_Sila (task_ID, request_ID, developer_ID, workflow_status, assigned_by_ID, assigned_at) VALUES (2362, 2362, 10, 'ASSIGNED', 1, '2026-07-08 16:03:35');
INSERT INTO request_notes_Sila (note_ID, request_ID, content, submitter_ID, is_internal, created_at) VALUES (2717, 2362, 'Mock not eklendi. Test amacli. (Note 0)', 10, FALSE, '2026-07-08 17:03:35');
INSERT INTO requests_Sila (request_ID, creator_ID, title, description, status, type, generated_id, final_priority_score, created_at) VALUES (2363, 26, 'Sifre sifirlama maili gelmiyor - Mock Dev 10 - 6', 'Sistemin genelini etkileyen bir yavaslik soz konusu.', 'ASSIGNED', 'YENİ_ÖZELLİK_EKLEME', 'M-0363', 84.0, '2026-06-23 15:03:35');
INSERT INTO priorities_Sila (priority_ID, request_ID, company_points, product_mgr_score, software_mgr_score, priority_score) VALUES (2363, 2363, 90.0, 3, 5, 84.0);
INSERT INTO workflows_Sila (task_ID, request_ID, developer_ID, workflow_status, assigned_by_ID, assigned_at) VALUES (2363, 2363, 10, 'ASSIGNED', 1, '2026-06-23 16:03:35');
INSERT INTO request_notes_Sila (note_ID, request_ID, content, submitter_ID, is_internal, created_at) VALUES (2718, 2363, 'Mock not eklendi. Test amacli. (Note 0)', 10, FALSE, '2026-06-23 17:03:35');
INSERT INTO request_notes_Sila (note_ID, request_ID, content, submitter_ID, is_internal, created_at) VALUES (2719, 2363, 'Mock not eklendi. Test amacli. (Note 1)', 1, TRUE, '2026-06-23 18:03:35');
INSERT INTO requests_Sila (request_ID, creator_ID, title, description, status, type, generated_id, final_priority_score, created_at) VALUES (2364, 28, 'Sifre sifirlama maili gelmiyor - Mock Dev 10 - 7', 'Loglarda NullPointerException gordum, ekteki dosyaya bakiniz.', 'ASSIGNED', 'ENTEGRASYON_SIKINTILARI', 'M-0364', 93.8, '2026-06-22 15:03:35');
INSERT INTO priorities_Sila (priority_ID, request_ID, company_points, product_mgr_score, software_mgr_score, priority_score) VALUES (2364, 2364, 84.4, 5, 5, 93.8);
INSERT INTO workflows_Sila (task_ID, request_ID, developer_ID, workflow_status, assigned_by_ID, assigned_at) VALUES (2364, 2364, 10, 'ASSIGNED', 1, '2026-06-22 16:03:35');
INSERT INTO request_notes_Sila (note_ID, request_ID, content, submitter_ID, is_internal, created_at) VALUES (2720, 2364, 'Mock not eklendi. Test amacli. (Note 0)', 1, FALSE, '2026-06-22 17:03:35');
INSERT INTO request_notes_Sila (note_ID, request_ID, content, submitter_ID, is_internal, created_at) VALUES (2721, 2364, 'Mock not eklendi. Test amacli. (Note 1)', 10, TRUE, '2026-06-22 18:03:35');
INSERT INTO requests_Sila (request_ID, creator_ID, title, description, status, type, generated_id, final_priority_score, created_at) VALUES (2365, 35, 'Yeni buton eklenmesi - Mock Dev 10 - 8', 'Performans cok dusuk.', 'ASSIGNED', 'DİĞER', 'M-0365', 79.9, '2026-06-29 15:03:35');
INSERT INTO priorities_Sila (priority_ID, request_ID, company_points, product_mgr_score, software_mgr_score, priority_score) VALUES (2365, 2365, 79.7, 5, 3, 79.9);
INSERT INTO workflows_Sila (task_ID, request_ID, developer_ID, workflow_status, assigned_by_ID, assigned_at) VALUES (2365, 2365, 10, 'ASSIGNED', 1, '2026-06-29 16:03:35');
INSERT INTO request_notes_Sila (note_ID, request_ID, content, submitter_ID, is_internal, created_at) VALUES (2722, 2365, 'Mock not eklendi. Test amacli. (Note 0)', 1, TRUE, '2026-06-29 17:03:35');
INSERT INTO requests_Sila (request_ID, creator_ID, title, description, status, type, generated_id, final_priority_score, created_at) VALUES (2366, 32, 'Sifre sifirlama maili gelmiyor - Mock Dev 10 - 9', 'Tasarim ekibi guncellemeyi talep etti.', 'ASSIGNED', 'YENİ_ÖZELLİK_EKLEME', 'M-0366', 93.1, '2026-07-09 15:03:35');
INSERT INTO priorities_Sila (priority_ID, request_ID, company_points, product_mgr_score, software_mgr_score, priority_score) VALUES (2366, 2366, 82.7, 5, 5, 93.1);
INSERT INTO workflows_Sila (task_ID, request_ID, developer_ID, workflow_status, assigned_by_ID, assigned_at) VALUES (2366, 2366, 10, 'ASSIGNED', 1, '2026-07-09 16:03:35');
INSERT INTO request_notes_Sila (note_ID, request_ID, content, submitter_ID, is_internal, created_at) VALUES (2723, 2366, 'Mock not eklendi. Test amacli. (Note 0)', 10, FALSE, '2026-07-09 17:03:35');
INSERT INTO request_notes_Sila (note_ID, request_ID, content, submitter_ID, is_internal, created_at) VALUES (2724, 2366, 'Mock not eklendi. Test amacli. (Note 1)', 1, FALSE, '2026-07-09 18:03:35');
INSERT INTO request_notes_Sila (note_ID, request_ID, content, submitter_ID, is_internal, created_at) VALUES (2725, 2366, 'Mock not eklendi. Test amacli. (Note 2)', 10, FALSE, '2026-07-09 19:03:35');
INSERT INTO requests_Sila (request_ID, creator_ID, title, description, status, type, generated_id, final_priority_score, created_at) VALUES (2367, 26, 'Veritabani baglanti hatasi - Mock Dev 10 - 10', 'Veriler eksik geliyor, veritabani sorgusu optimize edilmeli.', 'COMPLETED', 'GELİŞTİRME', 'M-0367', 92.1, '2026-06-29 15:03:35');
INSERT INTO priorities_Sila (priority_ID, request_ID, company_points, product_mgr_score, software_mgr_score, priority_score) VALUES (2367, 2367, 95.2, 4, 5, 92.1);
INSERT INTO workflows_Sila (task_ID, request_ID, developer_ID, workflow_status, assigned_by_ID, assigned_at, resolved_at) VALUES (2367, 2367, 10, 'RESOLVED', 1, '2026-06-29 16:03:35', '2026-07-02 16:03:35');
INSERT INTO request_notes_Sila (note_ID, request_ID, content, submitter_ID, is_internal, created_at) VALUES (2726, 2367, 'Mock not eklendi. Test amacli. (Note 0)', 1, FALSE, '2026-06-29 17:03:35');
INSERT INTO requests_Sila (request_ID, creator_ID, title, description, status, type, generated_id, final_priority_score, created_at) VALUES (2368, 27, 'Kullanici girisi yavas - Mock Dev 10 - 11', 'Veriler eksik geliyor, veritabani sorgusu optimize edilmeli.', 'COMPLETED', 'VERİ_KAYBI', 'M-0368', 84.8, '2026-07-10 15:03:35');
INSERT INTO priorities_Sila (priority_ID, request_ID, company_points, product_mgr_score, software_mgr_score, priority_score) VALUES (2368, 2368, 92.0, 5, 3, 84.8);
INSERT INTO workflows_Sila (task_ID, request_ID, developer_ID, workflow_status, assigned_by_ID, assigned_at, resolved_at) VALUES (2368, 2368, 10, 'RESOLVED', 1, '2026-07-10 16:03:35', '2026-07-13 16:03:35');
INSERT INTO request_notes_Sila (note_ID, request_ID, content, submitter_ID, is_internal, created_at) VALUES (2727, 2368, 'Mock not eklendi. Test amacli. (Note 0)', 1, TRUE, '2026-07-10 17:03:35');
INSERT INTO requests_Sila (request_ID, creator_ID, title, description, status, type, generated_id, final_priority_score, created_at) VALUES (2369, 33, 'Raporlama modulu calismiyor - Mock Dev 10 - 12', 'Tasarim ekibi guncellemeyi talep etti.', 'COMPLETED', 'GELİŞTİRME', 'M-0369', 93.8, '2026-06-20 15:03:35');
INSERT INTO priorities_Sila (priority_ID, request_ID, company_points, product_mgr_score, software_mgr_score, priority_score) VALUES (2369, 2369, 99.4, 5, 4, 93.8);
INSERT INTO workflows_Sila (task_ID, request_ID, developer_ID, workflow_status, assigned_by_ID, assigned_at, resolved_at) VALUES (2369, 2369, 10, 'RESOLVED', 1, '2026-06-20 16:03:35', '2026-06-21 16:03:35');
INSERT INTO request_notes_Sila (note_ID, request_ID, content, submitter_ID, is_internal, created_at) VALUES (2728, 2369, 'Mock not eklendi. Test amacli. (Note 0)', 10, TRUE, '2026-06-20 17:03:35');
INSERT INTO request_notes_Sila (note_ID, request_ID, content, submitter_ID, is_internal, created_at) VALUES (2729, 2369, 'Mock not eklendi. Test amacli. (Note 1)', 10, TRUE, '2026-06-20 18:03:35');
INSERT INTO requests_Sila (request_ID, creator_ID, title, description, status, type, generated_id, final_priority_score, created_at) VALUES (2370, 28, 'Kullanici girisi yavas - Mock Dev 10 - 13', 'Loglarda NullPointerException gordum, ekteki dosyaya bakiniz.', 'COMPLETED', 'GELİŞTİRME', 'M-0370', 82.9, '2026-06-25 15:03:35');
INSERT INTO priorities_Sila (priority_ID, request_ID, company_points, product_mgr_score, software_mgr_score, priority_score) VALUES (2370, 2370, 87.4, 5, 3, 82.9);
INSERT INTO workflows_Sila (task_ID, request_ID, developer_ID, workflow_status, assigned_by_ID, assigned_at, resolved_at) VALUES (2370, 2370, 10, 'RESOLVED', 1, '2026-06-25 16:03:35', '2026-06-29 16:03:35');
INSERT INTO request_notes_Sila (note_ID, request_ID, content, submitter_ID, is_internal, created_at) VALUES (2730, 2370, 'Mock not eklendi. Test amacli. (Note 0)', 10, FALSE, '2026-06-25 17:03:35');
INSERT INTO requests_Sila (request_ID, creator_ID, title, description, status, type, generated_id, final_priority_score, created_at) VALUES (2371, 33, 'Kullanici girisi yavas - Mock Dev 10 - 14', 'Dun yapilan guncellemeden sonra bozuldu.', 'COMPLETED', 'SİSTEM_ÇÖKÜŞÜ', 'M-0371', 79.5, '2026-06-29 15:03:35');
INSERT INTO priorities_Sila (priority_ID, request_ID, company_points, product_mgr_score, software_mgr_score, priority_score) VALUES (2371, 2371, 78.7, 3, 5, 79.5);
INSERT INTO workflows_Sila (task_ID, request_ID, developer_ID, workflow_status, assigned_by_ID, assigned_at, resolved_at) VALUES (2371, 2371, 10, 'RESOLVED', 1, '2026-06-29 16:03:35', '2026-07-01 16:03:35');
INSERT INTO request_notes_Sila (note_ID, request_ID, content, submitter_ID, is_internal, created_at) VALUES (2731, 2371, 'Mock not eklendi. Test amacli. (Note 0)', 10, TRUE, '2026-06-29 17:03:35');
INSERT INTO request_notes_Sila (note_ID, request_ID, content, submitter_ID, is_internal, created_at) VALUES (2732, 2371, 'Mock not eklendi. Test amacli. (Note 1)', 1, FALSE, '2026-06-29 18:03:35');
INSERT INTO requests_Sila (request_ID, creator_ID, title, description, status, type, generated_id, final_priority_score, created_at) VALUES (2372, 34, 'Sifre sifirlama maili gelmiyor - Mock Dev 10 - 15', 'Loglarda NullPointerException gordum, ekteki dosyaya bakiniz.', 'ASSIGNED', 'DİĞER', 'M-0372', 86.0, '2026-07-06 15:03:35');
INSERT INTO priorities_Sila (priority_ID, request_ID, company_points, product_mgr_score, software_mgr_score, priority_score) VALUES (2372, 2372, 95.0, 3, 5, 86.0);
INSERT INTO workflows_Sila (task_ID, request_ID, developer_ID, workflow_status, assigned_by_ID, assigned_at) VALUES (2372, 2372, 10, 'ASSIGNED', 1, '2026-07-06 16:03:35');
INSERT INTO request_notes_Sila (note_ID, request_ID, content, submitter_ID, is_internal, created_at) VALUES (2733, 2372, 'Mock not eklendi. Test amacli. (Note 0)', 1, TRUE, '2026-07-06 17:03:35');
INSERT INTO request_notes_Sila (note_ID, request_ID, content, submitter_ID, is_internal, created_at) VALUES (2734, 2372, 'Mock not eklendi. Test amacli. (Note 1)', 10, TRUE, '2026-07-06 18:03:35');
INSERT INTO request_notes_Sila (note_ID, request_ID, content, submitter_ID, is_internal, created_at) VALUES (2735, 2372, 'Mock not eklendi. Test amacli. (Note 2)', 1, FALSE, '2026-07-06 19:03:35');
INSERT INTO requests_Sila (request_ID, creator_ID, title, description, status, type, generated_id, final_priority_score, created_at) VALUES (2373, 28, 'Mobil uyumluluk sorunu - Mock Dev 10 - 16', 'Test ortaminda calisiyor ama canlida hata veriyor.', 'COMPLETED', 'SİSTEM_ÇÖKÜŞÜ', 'M-0373', 89.5, '2026-06-22 15:03:35');
INSERT INTO priorities_Sila (priority_ID, request_ID, company_points, product_mgr_score, software_mgr_score, priority_score) VALUES (2373, 2373, 73.8, 5, 5, 89.5);
INSERT INTO workflows_Sila (task_ID, request_ID, developer_ID, workflow_status, assigned_by_ID, assigned_at, resolved_at) VALUES (2373, 2373, 10, 'RESOLVED', 1, '2026-06-22 16:03:35', '2026-06-25 16:03:35');
INSERT INTO request_notes_Sila (note_ID, request_ID, content, submitter_ID, is_internal, created_at) VALUES (2736, 2373, 'Mock not eklendi. Test amacli. (Note 0)', 10, FALSE, '2026-06-22 17:03:35');
INSERT INTO request_notes_Sila (note_ID, request_ID, content, submitter_ID, is_internal, created_at) VALUES (2737, 2373, 'Mock not eklendi. Test amacli. (Note 1)', 10, FALSE, '2026-06-22 18:03:35');
INSERT INTO requests_Sila (request_ID, creator_ID, title, description, status, type, generated_id, final_priority_score, created_at) VALUES (2374, 33, 'Sifre sifirlama maili gelmiyor - Mock Dev 10 - 17', 'Performans cok dusuk.', 'ASSIGNED', 'ENTEGRASYON_SIKINTILARI', 'M-0374', 72.6, '2026-06-26 15:03:35');
INSERT INTO priorities_Sila (priority_ID, request_ID, company_points, product_mgr_score, software_mgr_score, priority_score) VALUES (2374, 2374, 76.5, 4, 3, 72.6);
INSERT INTO workflows_Sila (task_ID, request_ID, developer_ID, workflow_status, assigned_by_ID, assigned_at) VALUES (2374, 2374, 10, 'ASSIGNED', 1, '2026-06-26 16:03:35');
INSERT INTO request_notes_Sila (note_ID, request_ID, content, submitter_ID, is_internal, created_at) VALUES (2738, 2374, 'Mock not eklendi. Test amacli. (Note 0)', 1, FALSE, '2026-06-26 17:03:35');
INSERT INTO request_notes_Sila (note_ID, request_ID, content, submitter_ID, is_internal, created_at) VALUES (2739, 2374, 'Mock not eklendi. Test amacli. (Note 1)', 10, TRUE, '2026-06-26 18:03:35');
INSERT INTO request_notes_Sila (note_ID, request_ID, content, submitter_ID, is_internal, created_at) VALUES (2740, 2374, 'Mock not eklendi. Test amacli. (Note 2)', 10, FALSE, '2026-06-26 19:03:35');
INSERT INTO requests_Sila (request_ID, creator_ID, title, description, status, type, generated_id, final_priority_score, created_at) VALUES (2375, 27, 'Veritabani baglanti hatasi - Mock Dev 10 - 18', 'Musteriler bu sorundan sikayetci, acil bakilmasi gerekiyor.', 'ASSIGNED', 'SİSTEM_ÇÖKÜŞÜ', 'M-0375', 81.1, '2026-07-09 15:03:35');
INSERT INTO priorities_Sila (priority_ID, request_ID, company_points, product_mgr_score, software_mgr_score, priority_score) VALUES (2375, 2375, 97.7, 4, 3, 81.1);
INSERT INTO workflows_Sila (task_ID, request_ID, developer_ID, workflow_status, assigned_by_ID, assigned_at) VALUES (2375, 2375, 10, 'ASSIGNED', 1, '2026-07-09 16:03:35');
INSERT INTO request_notes_Sila (note_ID, request_ID, content, submitter_ID, is_internal, created_at) VALUES (2741, 2375, 'Mock not eklendi. Test amacli. (Note 0)', 10, TRUE, '2026-07-09 17:03:35');
INSERT INTO request_notes_Sila (note_ID, request_ID, content, submitter_ID, is_internal, created_at) VALUES (2742, 2375, 'Mock not eklendi. Test amacli. (Note 1)', 10, FALSE, '2026-07-09 18:03:35');
INSERT INTO requests_Sila (request_ID, creator_ID, title, description, status, type, generated_id, final_priority_score, created_at) VALUES (2376, 29, 'Veritabani baglanti hatasi - Mock Dev 10 - 19', 'Sistemin genelini etkileyen bir yavaslik soz konusu.', 'ASSIGNED', 'YENİ_ÖZELLİK_EKLEME', 'M-0376', 86.7, '2026-07-08 15:03:35');
INSERT INTO priorities_Sila (priority_ID, request_ID, company_points, product_mgr_score, software_mgr_score, priority_score) VALUES (2376, 2376, 96.7, 3, 5, 86.7);
INSERT INTO workflows_Sila (task_ID, request_ID, developer_ID, workflow_status, assigned_by_ID, assigned_at) VALUES (2376, 2376, 10, 'ASSIGNED', 1, '2026-07-08 16:03:35');
INSERT INTO request_notes_Sila (note_ID, request_ID, content, submitter_ID, is_internal, created_at) VALUES (2743, 2376, 'Mock not eklendi. Test amacli. (Note 0)', 10, TRUE, '2026-07-08 17:03:35');
INSERT INTO requests_Sila (request_ID, creator_ID, title, description, status, type, generated_id, final_priority_score, created_at) VALUES (2377, 33, 'Sayfa yuklenmiyor - Mock Dev 10 - 20', 'Sistemin genelini etkileyen bir yavaslik soz konusu.', 'COMPLETED', 'YENİ_ÖZELLİK_EKLEME', 'M-0377', 89.0, '2026-07-10 15:03:35');
INSERT INTO priorities_Sila (priority_ID, request_ID, company_points, product_mgr_score, software_mgr_score, priority_score) VALUES (2377, 2377, 72.5, 5, 5, 89.0);
INSERT INTO workflows_Sila (task_ID, request_ID, developer_ID, workflow_status, assigned_by_ID, assigned_at, resolved_at) VALUES (2377, 2377, 10, 'RESOLVED', 1, '2026-07-10 16:03:35', '2026-07-15 16:03:35');
INSERT INTO request_notes_Sila (note_ID, request_ID, content, submitter_ID, is_internal, created_at) VALUES (2744, 2377, 'Mock not eklendi. Test amacli. (Note 0)', 1, TRUE, '2026-07-10 17:03:35');
INSERT INTO request_notes_Sila (note_ID, request_ID, content, submitter_ID, is_internal, created_at) VALUES (2745, 2377, 'Mock not eklendi. Test amacli. (Note 1)', 1, FALSE, '2026-07-10 18:03:35');
INSERT INTO request_notes_Sila (note_ID, request_ID, content, submitter_ID, is_internal, created_at) VALUES (2746, 2377, 'Mock not eklendi. Test amacli. (Note 2)', 10, TRUE, '2026-07-10 19:03:35');
INSERT INTO requests_Sila (request_ID, creator_ID, title, description, status, type, generated_id, final_priority_score, created_at) VALUES (2378, 35, 'Veritabani baglanti hatasi - Mock Dev 10 - 21', 'Veriler eksik geliyor, veritabani sorgusu optimize edilmeli.', 'ASSIGNED', 'BUG_DÜZELTME', 'M-0378', 71.2, '2026-07-06 15:03:35');
INSERT INTO priorities_Sila (priority_ID, request_ID, company_points, product_mgr_score, software_mgr_score, priority_score) VALUES (2378, 2378, 73.1, 3, 4, 71.2);
INSERT INTO workflows_Sila (task_ID, request_ID, developer_ID, workflow_status, assigned_by_ID, assigned_at) VALUES (2378, 2378, 10, 'ASSIGNED', 1, '2026-07-06 16:03:35');
INSERT INTO request_notes_Sila (note_ID, request_ID, content, submitter_ID, is_internal, created_at) VALUES (2747, 2378, 'Mock not eklendi. Test amacli. (Note 0)', 1, FALSE, '2026-07-06 17:03:35');
INSERT INTO request_notes_Sila (note_ID, request_ID, content, submitter_ID, is_internal, created_at) VALUES (2748, 2378, 'Mock not eklendi. Test amacli. (Note 1)', 10, TRUE, '2026-07-06 18:03:35');
INSERT INTO request_notes_Sila (note_ID, request_ID, content, submitter_ID, is_internal, created_at) VALUES (2749, 2378, 'Mock not eklendi. Test amacli. (Note 2)', 10, FALSE, '2026-07-06 19:03:35');
INSERT INTO requests_Sila (request_ID, creator_ID, title, description, status, type, generated_id, final_priority_score, created_at) VALUES (2379, 30, 'Veritabani baglanti hatasi - Mock Dev 10 - 22', 'Dun yapilan guncellemeden sonra bozuldu.', 'ASSIGNED', 'SİSTEM_ÇÖKÜŞÜ', 'M-0379', 87.6, '2026-07-13 15:03:35');
INSERT INTO priorities_Sila (priority_ID, request_ID, company_points, product_mgr_score, software_mgr_score, priority_score) VALUES (2379, 2379, 99.0, 4, 4, 87.6);
INSERT INTO workflows_Sila (task_ID, request_ID, developer_ID, workflow_status, assigned_by_ID, assigned_at) VALUES (2379, 2379, 10, 'ASSIGNED', 1, '2026-07-13 16:03:35');
INSERT INTO request_notes_Sila (note_ID, request_ID, content, submitter_ID, is_internal, created_at) VALUES (2750, 2379, 'Mock not eklendi. Test amacli. (Note 0)', 1, FALSE, '2026-07-13 17:03:35');
INSERT INTO request_notes_Sila (note_ID, request_ID, content, submitter_ID, is_internal, created_at) VALUES (2751, 2379, 'Mock not eklendi. Test amacli. (Note 1)', 1, TRUE, '2026-07-13 18:03:35');
INSERT INTO request_notes_Sila (note_ID, request_ID, content, submitter_ID, is_internal, created_at) VALUES (2752, 2379, 'Mock not eklendi. Test amacli. (Note 2)', 10, FALSE, '2026-07-13 19:03:35');
INSERT INTO requests_Sila (request_ID, creator_ID, title, description, status, type, generated_id, final_priority_score, created_at) VALUES (2380, 33, 'Sifre sifirlama maili gelmiyor - Mock Dev 10 - 23', 'Veriler eksik geliyor, veritabani sorgusu optimize edilmeli.', 'COMPLETED', 'DİĞER', 'M-0380', 84.2, '2026-07-19 15:03:35');
INSERT INTO priorities_Sila (priority_ID, request_ID, company_points, product_mgr_score, software_mgr_score, priority_score) VALUES (2380, 2380, 90.4, 4, 4, 84.2);
INSERT INTO workflows_Sila (task_ID, request_ID, developer_ID, workflow_status, assigned_by_ID, assigned_at, resolved_at) VALUES (2380, 2380, 10, 'RESOLVED', 1, '2026-07-19 16:03:35', '2026-07-23 16:03:35');
INSERT INTO request_notes_Sila (note_ID, request_ID, content, submitter_ID, is_internal, created_at) VALUES (2753, 2380, 'Mock not eklendi. Test amacli. (Note 0)', 1, TRUE, '2026-07-19 17:03:35');
INSERT INTO requests_Sila (request_ID, creator_ID, title, description, status, type, generated_id, final_priority_score, created_at) VALUES (2381, 35, 'Mobil uyumluluk sorunu - Mock Dev 10 - 24', 'Veriler eksik geliyor, veritabani sorgusu optimize edilmeli.', 'ASSIGNED', 'VERİ_KAYBI', 'M-0381', 84.6, '2026-07-08 15:03:35');
INSERT INTO priorities_Sila (priority_ID, request_ID, company_points, product_mgr_score, software_mgr_score, priority_score) VALUES (2381, 2381, 91.4, 5, 3, 84.6);
INSERT INTO workflows_Sila (task_ID, request_ID, developer_ID, workflow_status, assigned_by_ID, assigned_at) VALUES (2381, 2381, 10, 'ASSIGNED', 1, '2026-07-08 16:03:35');
INSERT INTO request_notes_Sila (note_ID, request_ID, content, submitter_ID, is_internal, created_at) VALUES (2754, 2381, 'Mock not eklendi. Test amacli. (Note 0)', 10, TRUE, '2026-07-08 17:03:35');
INSERT INTO request_notes_Sila (note_ID, request_ID, content, submitter_ID, is_internal, created_at) VALUES (2755, 2381, 'Mock not eklendi. Test amacli. (Note 1)', 10, TRUE, '2026-07-08 18:03:35');
INSERT INTO requests_Sila (request_ID, creator_ID, title, description, status, type, generated_id, final_priority_score, created_at) VALUES (2382, 31, 'Raporlama modulu calismiyor - Mock Dev 10 - 25', 'Tasarim ekibi guncellemeyi talep etti.', 'COMPLETED', 'ENTEGRASYON_SIKINTILARI', 'M-0382', 88.6, '2026-07-09 15:03:35');
INSERT INTO priorities_Sila (priority_ID, request_ID, company_points, product_mgr_score, software_mgr_score, priority_score) VALUES (2382, 2382, 86.5, 5, 4, 88.6);
INSERT INTO workflows_Sila (task_ID, request_ID, developer_ID, workflow_status, assigned_by_ID, assigned_at, resolved_at) VALUES (2382, 2382, 10, 'RESOLVED', 1, '2026-07-09 16:03:35', '2026-07-11 16:03:35');
INSERT INTO request_notes_Sila (note_ID, request_ID, content, submitter_ID, is_internal, created_at) VALUES (2756, 2382, 'Mock not eklendi. Test amacli. (Note 0)', 10, FALSE, '2026-07-09 17:03:35');
INSERT INTO requests_Sila (request_ID, creator_ID, title, description, status, type, generated_id, final_priority_score, created_at) VALUES (2383, 27, 'Yeni buton eklenmesi - Mock Dev 10 - 26', 'Tasarim ekibi guncellemeyi talep etti.', 'ASSIGNED', 'GELİŞTİRME', 'M-0383', 89.6, '2026-07-05 15:03:35');
INSERT INTO priorities_Sila (priority_ID, request_ID, company_points, product_mgr_score, software_mgr_score, priority_score) VALUES (2383, 2383, 89.0, 4, 5, 89.6);
INSERT INTO workflows_Sila (task_ID, request_ID, developer_ID, workflow_status, assigned_by_ID, assigned_at) VALUES (2383, 2383, 10, 'ASSIGNED', 1, '2026-07-05 16:03:35');
INSERT INTO request_notes_Sila (note_ID, request_ID, content, submitter_ID, is_internal, created_at) VALUES (2757, 2383, 'Mock not eklendi. Test amacli. (Note 0)', 10, FALSE, '2026-07-05 17:03:35');
INSERT INTO request_notes_Sila (note_ID, request_ID, content, submitter_ID, is_internal, created_at) VALUES (2758, 2383, 'Mock not eklendi. Test amacli. (Note 1)', 1, FALSE, '2026-07-05 18:03:35');
INSERT INTO request_notes_Sila (note_ID, request_ID, content, submitter_ID, is_internal, created_at) VALUES (2759, 2383, 'Mock not eklendi. Test amacli. (Note 2)', 1, TRUE, '2026-07-05 19:03:35');
INSERT INTO requests_Sila (request_ID, creator_ID, title, description, status, type, generated_id, final_priority_score, created_at) VALUES (2384, 27, 'Sayfa yuklenmiyor - Mock Dev 10 - 27', 'Veriler eksik geliyor, veritabani sorgusu optimize edilmeli.', 'COMPLETED', 'SİSTEM_ÇÖKÜŞÜ', 'M-0384', 91.0, '2026-07-15 15:03:35');
INSERT INTO priorities_Sila (priority_ID, request_ID, company_points, product_mgr_score, software_mgr_score, priority_score) VALUES (2384, 2384, 77.6, 5, 5, 91.0);
INSERT INTO workflows_Sila (task_ID, request_ID, developer_ID, workflow_status, assigned_by_ID, assigned_at, resolved_at) VALUES (2384, 2384, 10, 'RESOLVED', 1, '2026-07-15 16:03:35', '2026-07-17 16:03:35');
INSERT INTO request_notes_Sila (note_ID, request_ID, content, submitter_ID, is_internal, created_at) VALUES (2760, 2384, 'Mock not eklendi. Test amacli. (Note 0)', 10, TRUE, '2026-07-15 17:03:35');
INSERT INTO request_notes_Sila (note_ID, request_ID, content, submitter_ID, is_internal, created_at) VALUES (2761, 2384, 'Mock not eklendi. Test amacli. (Note 1)', 1, TRUE, '2026-07-15 18:03:35');
INSERT INTO requests_Sila (request_ID, creator_ID, title, description, status, type, generated_id, final_priority_score, created_at) VALUES (2385, 30, 'Veri kaybi yasaniyor - Mock Dev 10 - 28', 'Musteriler bu sorundan sikayetci, acil bakilmasi gerekiyor.', 'ASSIGNED', 'SİSTEM_ÇÖKÜŞÜ', 'M-0385', 64.1, '2026-07-11 15:03:35');
INSERT INTO priorities_Sila (priority_ID, request_ID, company_points, product_mgr_score, software_mgr_score, priority_score) VALUES (2385, 2385, 70.4, 3, 3, 64.1);
INSERT INTO workflows_Sila (task_ID, request_ID, developer_ID, workflow_status, assigned_by_ID, assigned_at) VALUES (2385, 2385, 10, 'ASSIGNED', 1, '2026-07-11 16:03:35');
INSERT INTO request_notes_Sila (note_ID, request_ID, content, submitter_ID, is_internal, created_at) VALUES (2762, 2385, 'Mock not eklendi. Test amacli. (Note 0)', 1, FALSE, '2026-07-11 17:03:35');
INSERT INTO request_notes_Sila (note_ID, request_ID, content, submitter_ID, is_internal, created_at) VALUES (2763, 2385, 'Mock not eklendi. Test amacli. (Note 1)', 10, FALSE, '2026-07-11 18:03:35');
INSERT INTO requests_Sila (request_ID, creator_ID, title, description, status, type, generated_id, final_priority_score, created_at) VALUES (2386, 33, 'Veri kaybi yasaniyor - Mock Dev 10 - 29', 'Veriler eksik geliyor, veritabani sorgusu optimize edilmeli.', 'ASSIGNED', 'VERİ_KAYBI', 'M-0386', 66.0, '2026-07-06 15:03:35');
INSERT INTO priorities_Sila (priority_ID, request_ID, company_points, product_mgr_score, software_mgr_score, priority_score) VALUES (2386, 2386, 75.1, 3, 3, 66.0);
INSERT INTO workflows_Sila (task_ID, request_ID, developer_ID, workflow_status, assigned_by_ID, assigned_at) VALUES (2386, 2386, 10, 'ASSIGNED', 1, '2026-07-06 16:03:35');
INSERT INTO request_notes_Sila (note_ID, request_ID, content, submitter_ID, is_internal, created_at) VALUES (2764, 2386, 'Mock not eklendi. Test amacli. (Note 0)', 10, FALSE, '2026-07-06 17:03:35');
INSERT INTO request_notes_Sila (note_ID, request_ID, content, submitter_ID, is_internal, created_at) VALUES (2765, 2386, 'Mock not eklendi. Test amacli. (Note 1)', 1, FALSE, '2026-07-06 18:03:35');
INSERT INTO request_notes_Sila (note_ID, request_ID, content, submitter_ID, is_internal, created_at) VALUES (2766, 2386, 'Mock not eklendi. Test amacli. (Note 2)', 10, TRUE, '2026-07-06 19:03:35');
INSERT INTO requests_Sila (request_ID, creator_ID, title, description, status, type, generated_id, final_priority_score, created_at) VALUES (2387, 28, '500 Internal Server Error - Mock Dev 10 - 30', 'Dun yapilan guncellemeden sonra bozuldu.', 'ASSIGNED', 'VERİ_KAYBI', 'M-0387', 98.9, '2026-06-30 15:03:35');
INSERT INTO priorities_Sila (priority_ID, request_ID, company_points, product_mgr_score, software_mgr_score, priority_score) VALUES (2387, 2387, 97.1, 5, 5, 98.9);
INSERT INTO workflows_Sila (task_ID, request_ID, developer_ID, workflow_status, assigned_by_ID, assigned_at) VALUES (2387, 2387, 10, 'ASSIGNED', 1, '2026-06-30 16:03:35');
INSERT INTO request_notes_Sila (note_ID, request_ID, content, submitter_ID, is_internal, created_at) VALUES (2767, 2387, 'Mock not eklendi. Test amacli. (Note 0)', 1, TRUE, '2026-06-30 17:03:35');
INSERT INTO requests_Sila (request_ID, creator_ID, title, description, status, type, generated_id, final_priority_score, created_at) VALUES (2388, 31, 'Yeni buton eklenmesi - Mock Dev 10 - 31', 'Performans cok dusuk.', 'ASSIGNED', 'VERİ_KAYBI', 'M-0388', 81.2, '2026-07-14 15:03:35');
INSERT INTO priorities_Sila (priority_ID, request_ID, company_points, product_mgr_score, software_mgr_score, priority_score) VALUES (2388, 2388, 83.0, 5, 3, 81.2);
INSERT INTO workflows_Sila (task_ID, request_ID, developer_ID, workflow_status, assigned_by_ID, assigned_at) VALUES (2388, 2388, 10, 'ASSIGNED', 1, '2026-07-14 16:03:35');
INSERT INTO request_notes_Sila (note_ID, request_ID, content, submitter_ID, is_internal, created_at) VALUES (2768, 2388, 'Mock not eklendi. Test amacli. (Note 0)', 1, FALSE, '2026-07-14 17:03:35');
INSERT INTO request_notes_Sila (note_ID, request_ID, content, submitter_ID, is_internal, created_at) VALUES (2769, 2388, 'Mock not eklendi. Test amacli. (Note 1)', 10, FALSE, '2026-07-14 18:03:35');
INSERT INTO requests_Sila (request_ID, creator_ID, title, description, status, type, generated_id, final_priority_score, created_at) VALUES (2389, 34, 'Raporlama modulu calismiyor - Mock Dev 10 - 32', 'Musteriler bu sorundan sikayetci, acil bakilmasi gerekiyor.', 'COMPLETED', 'VERİ_KAYBI', 'M-0389', 85.7, '2026-07-06 15:03:35');
INSERT INTO priorities_Sila (priority_ID, request_ID, company_points, product_mgr_score, software_mgr_score, priority_score) VALUES (2389, 2389, 94.3, 5, 3, 85.7);
INSERT INTO workflows_Sila (task_ID, request_ID, developer_ID, workflow_status, assigned_by_ID, assigned_at, resolved_at) VALUES (2389, 2389, 10, 'RESOLVED', 1, '2026-07-06 16:03:35', '2026-07-09 16:03:35');
INSERT INTO request_notes_Sila (note_ID, request_ID, content, submitter_ID, is_internal, created_at) VALUES (2770, 2389, 'Mock not eklendi. Test amacli. (Note 0)', 10, FALSE, '2026-07-06 17:03:35');
INSERT INTO request_notes_Sila (note_ID, request_ID, content, submitter_ID, is_internal, created_at) VALUES (2771, 2389, 'Mock not eklendi. Test amacli. (Note 1)', 10, TRUE, '2026-07-06 18:03:35');
INSERT INTO request_notes_Sila (note_ID, request_ID, content, submitter_ID, is_internal, created_at) VALUES (2772, 2389, 'Mock not eklendi. Test amacli. (Note 2)', 1, TRUE, '2026-07-06 19:03:35');
INSERT INTO requests_Sila (request_ID, creator_ID, title, description, status, type, generated_id, final_priority_score, created_at) VALUES (2390, 27, 'Arayuzde kayma var - Mock Dev 10 - 33', 'Musteriler bu sorundan sikayetci, acil bakilmasi gerekiyor.', 'ASSIGNED', 'YENİ_ÖZELLİK_EKLEME', 'M-0390', 68.7, '2026-07-02 15:03:35');
INSERT INTO priorities_Sila (priority_ID, request_ID, company_points, product_mgr_score, software_mgr_score, priority_score) VALUES (2390, 2390, 81.9, 3, 3, 68.7);
INSERT INTO workflows_Sila (task_ID, request_ID, developer_ID, workflow_status, assigned_by_ID, assigned_at) VALUES (2390, 2390, 10, 'ASSIGNED', 1, '2026-07-02 16:03:35');
INSERT INTO request_notes_Sila (note_ID, request_ID, content, submitter_ID, is_internal, created_at) VALUES (2773, 2390, 'Mock not eklendi. Test amacli. (Note 0)', 10, TRUE, '2026-07-02 17:03:35');
INSERT INTO request_notes_Sila (note_ID, request_ID, content, submitter_ID, is_internal, created_at) VALUES (2774, 2390, 'Mock not eklendi. Test amacli. (Note 1)', 10, TRUE, '2026-07-02 18:03:35');
INSERT INTO request_notes_Sila (note_ID, request_ID, content, submitter_ID, is_internal, created_at) VALUES (2775, 2390, 'Mock not eklendi. Test amacli. (Note 2)', 1, FALSE, '2026-07-02 19:03:35');
INSERT INTO requests_Sila (request_ID, creator_ID, title, description, status, type, generated_id, final_priority_score, created_at) VALUES (2391, 28, 'Veritabani baglanti hatasi - Mock Dev 10 - 34', 'Performans cok dusuk.', 'ASSIGNED', 'VERİ_KAYBI', 'M-0391', 76.7, '2026-07-08 15:03:35');
INSERT INTO priorities_Sila (priority_ID, request_ID, company_points, product_mgr_score, software_mgr_score, priority_score) VALUES (2391, 2391, 71.8, 5, 3, 76.7);
INSERT INTO workflows_Sila (task_ID, request_ID, developer_ID, workflow_status, assigned_by_ID, assigned_at) VALUES (2391, 2391, 10, 'ASSIGNED', 1, '2026-07-08 16:03:35');
INSERT INTO request_notes_Sila (note_ID, request_ID, content, submitter_ID, is_internal, created_at) VALUES (2776, 2391, 'Mock not eklendi. Test amacli. (Note 0)', 10, FALSE, '2026-07-08 17:03:35');
INSERT INTO request_notes_Sila (note_ID, request_ID, content, submitter_ID, is_internal, created_at) VALUES (2777, 2391, 'Mock not eklendi. Test amacli. (Note 1)', 10, FALSE, '2026-07-08 18:03:35');
INSERT INTO requests_Sila (request_ID, creator_ID, title, description, status, type, generated_id, final_priority_score, created_at) VALUES (2392, 29, 'Sifre sifirlama maili gelmiyor - Mock Dev 10 - 35', 'Loglarda NullPointerException gordum, ekteki dosyaya bakiniz.', 'ASSIGNED', 'DİĞER', 'M-0392', 92.6, '2026-06-29 15:03:35');
INSERT INTO priorities_Sila (priority_ID, request_ID, company_points, product_mgr_score, software_mgr_score, priority_score) VALUES (2392, 2392, 96.6, 4, 5, 92.6);
INSERT INTO workflows_Sila (task_ID, request_ID, developer_ID, workflow_status, assigned_by_ID, assigned_at) VALUES (2392, 2392, 10, 'ASSIGNED', 1, '2026-06-29 16:03:35');
INSERT INTO request_notes_Sila (note_ID, request_ID, content, submitter_ID, is_internal, created_at) VALUES (2778, 2392, 'Mock not eklendi. Test amacli. (Note 0)', 10, TRUE, '2026-06-29 17:03:35');
INSERT INTO request_notes_Sila (note_ID, request_ID, content, submitter_ID, is_internal, created_at) VALUES (2779, 2392, 'Mock not eklendi. Test amacli. (Note 1)', 1, FALSE, '2026-06-29 18:03:35');
INSERT INTO request_notes_Sila (note_ID, request_ID, content, submitter_ID, is_internal, created_at) VALUES (2780, 2392, 'Mock not eklendi. Test amacli. (Note 2)', 1, TRUE, '2026-06-29 19:03:35');
INSERT INTO requests_Sila (request_ID, creator_ID, title, description, status, type, generated_id, final_priority_score, created_at) VALUES (2393, 28, 'Raporlama modulu calismiyor - Mock Dev 10 - 36', 'Dun yapilan guncellemeden sonra bozuldu.', 'COMPLETED', 'VERİ_KAYBI', 'M-0393', 79.1, '2026-07-08 15:03:35');
INSERT INTO priorities_Sila (priority_ID, request_ID, company_points, product_mgr_score, software_mgr_score, priority_score) VALUES (2393, 2393, 92.7, 4, 3, 79.1);
INSERT INTO workflows_Sila (task_ID, request_ID, developer_ID, workflow_status, assigned_by_ID, assigned_at, resolved_at) VALUES (2393, 2393, 10, 'RESOLVED', 1, '2026-07-08 16:03:35', '2026-07-12 16:03:35');
INSERT INTO request_notes_Sila (note_ID, request_ID, content, submitter_ID, is_internal, created_at) VALUES (2781, 2393, 'Mock not eklendi. Test amacli. (Note 0)', 1, FALSE, '2026-07-08 17:03:35');
INSERT INTO request_notes_Sila (note_ID, request_ID, content, submitter_ID, is_internal, created_at) VALUES (2782, 2393, 'Mock not eklendi. Test amacli. (Note 1)', 10, TRUE, '2026-07-08 18:03:35');
INSERT INTO requests_Sila (request_ID, creator_ID, title, description, status, type, generated_id, final_priority_score, created_at) VALUES (2394, 28, 'Veri kaybi yasaniyor - Mock Dev 10 - 37', 'Sistemin genelini etkileyen bir yavaslik soz konusu.', 'COMPLETED', 'GELİŞTİRME', 'M-0394', 80.6, '2026-06-22 15:03:35');
INSERT INTO priorities_Sila (priority_ID, request_ID, company_points, product_mgr_score, software_mgr_score, priority_score) VALUES (2394, 2394, 81.6, 4, 4, 80.6);
INSERT INTO workflows_Sila (task_ID, request_ID, developer_ID, workflow_status, assigned_by_ID, assigned_at, resolved_at) VALUES (2394, 2394, 10, 'RESOLVED', 1, '2026-06-22 16:03:35', '2026-06-27 16:03:35');
INSERT INTO request_notes_Sila (note_ID, request_ID, content, submitter_ID, is_internal, created_at) VALUES (2783, 2394, 'Mock not eklendi. Test amacli. (Note 0)', 10, FALSE, '2026-06-22 17:03:35');
INSERT INTO requests_Sila (request_ID, creator_ID, title, description, status, type, generated_id, final_priority_score, created_at) VALUES (2395, 30, 'Arayuzde kayma var - Mock Dev 10 - 38', 'Sistemin genelini etkileyen bir yavaslik soz konusu.', 'ASSIGNED', 'DİĞER', 'M-0395', 85.3, '2026-06-20 15:03:35');
INSERT INTO priorities_Sila (priority_ID, request_ID, company_points, product_mgr_score, software_mgr_score, priority_score) VALUES (2395, 2395, 78.2, 5, 4, 85.3);
INSERT INTO workflows_Sila (task_ID, request_ID, developer_ID, workflow_status, assigned_by_ID, assigned_at) VALUES (2395, 2395, 10, 'ASSIGNED', 1, '2026-06-20 16:03:35');
INSERT INTO request_notes_Sila (note_ID, request_ID, content, submitter_ID, is_internal, created_at) VALUES (2784, 2395, 'Mock not eklendi. Test amacli. (Note 0)', 1, TRUE, '2026-06-20 17:03:35');
INSERT INTO request_notes_Sila (note_ID, request_ID, content, submitter_ID, is_internal, created_at) VALUES (2785, 2395, 'Mock not eklendi. Test amacli. (Note 1)', 10, FALSE, '2026-06-20 18:03:35');
INSERT INTO requests_Sila (request_ID, creator_ID, title, description, status, type, generated_id, final_priority_score, created_at) VALUES (2396, 32, 'Yeni buton eklenmesi - Mock Dev 10 - 39', 'Veriler eksik geliyor, veritabani sorgusu optimize edilmeli.', 'ASSIGNED', 'VERİ_KAYBI', 'M-0396', 85.2, '2026-07-07 15:03:35');
INSERT INTO priorities_Sila (priority_ID, request_ID, company_points, product_mgr_score, software_mgr_score, priority_score) VALUES (2396, 2396, 93.0, 5, 3, 85.2);
INSERT INTO workflows_Sila (task_ID, request_ID, developer_ID, workflow_status, assigned_by_ID, assigned_at) VALUES (2396, 2396, 10, 'ASSIGNED', 1, '2026-07-07 16:03:35');
INSERT INTO request_notes_Sila (note_ID, request_ID, content, submitter_ID, is_internal, created_at) VALUES (2786, 2396, 'Mock not eklendi. Test amacli. (Note 0)', 1, TRUE, '2026-07-07 17:03:35');
INSERT INTO requests_Sila (request_ID, creator_ID, title, description, status, type, generated_id, final_priority_score, created_at) VALUES (2397, 26, 'Veritabani baglanti hatasi - Mock Dev 10 - 40', 'Veriler eksik geliyor, veritabani sorgusu optimize edilmeli.', 'COMPLETED', 'BUG_DÜZELTME', 'M-0397', 78.7, '2026-07-09 15:03:35');
INSERT INTO priorities_Sila (priority_ID, request_ID, company_points, product_mgr_score, software_mgr_score, priority_score) VALUES (2397, 2397, 76.8, 5, 3, 78.7);
INSERT INTO workflows_Sila (task_ID, request_ID, developer_ID, workflow_status, assigned_by_ID, assigned_at, resolved_at) VALUES (2397, 2397, 10, 'RESOLVED', 1, '2026-07-09 16:03:35', '2026-07-12 16:03:35');
INSERT INTO request_notes_Sila (note_ID, request_ID, content, submitter_ID, is_internal, created_at) VALUES (2787, 2397, 'Mock not eklendi. Test amacli. (Note 0)', 10, FALSE, '2026-07-09 17:03:35');
INSERT INTO request_notes_Sila (note_ID, request_ID, content, submitter_ID, is_internal, created_at) VALUES (2788, 2397, 'Mock not eklendi. Test amacli. (Note 1)', 1, TRUE, '2026-07-09 18:03:35');
INSERT INTO requests_Sila (request_ID, creator_ID, title, description, status, type, generated_id, final_priority_score, created_at) VALUES (2398, 28, 'Veritabani baglanti hatasi - Mock Dev 10 - 41', 'Tasarim ekibi guncellemeyi talep etti.', 'ASSIGNED', 'DİĞER', 'M-0398', 75.1, '2026-06-20 15:03:35');
INSERT INTO priorities_Sila (priority_ID, request_ID, company_points, product_mgr_score, software_mgr_score, priority_score) VALUES (2398, 2398, 97.7, 3, 3, 75.1);
INSERT INTO workflows_Sila (task_ID, request_ID, developer_ID, workflow_status, assigned_by_ID, assigned_at) VALUES (2398, 2398, 10, 'ASSIGNED', 1, '2026-06-20 16:03:35');
INSERT INTO request_notes_Sila (note_ID, request_ID, content, submitter_ID, is_internal, created_at) VALUES (2789, 2398, 'Mock not eklendi. Test amacli. (Note 0)', 10, FALSE, '2026-06-20 17:03:35');
INSERT INTO requests_Sila (request_ID, creator_ID, title, description, status, type, generated_id, final_priority_score, created_at) VALUES (2399, 29, 'Sayfa yuklenmiyor - Mock Dev 10 - 42', 'Test ortaminda calisiyor ama canlida hata veriyor.', 'ASSIGNED', 'ENTEGRASYON_SIKINTILARI', 'M-0399', 81.7, '2026-07-04 15:03:35');
INSERT INTO priorities_Sila (priority_ID, request_ID, company_points, product_mgr_score, software_mgr_score, priority_score) VALUES (2399, 2399, 84.3, 4, 4, 81.7);
INSERT INTO workflows_Sila (task_ID, request_ID, developer_ID, workflow_status, assigned_by_ID, assigned_at) VALUES (2399, 2399, 10, 'ASSIGNED', 1, '2026-07-04 16:03:35');
INSERT INTO request_notes_Sila (note_ID, request_ID, content, submitter_ID, is_internal, created_at) VALUES (2790, 2399, 'Mock not eklendi. Test amacli. (Note 0)', 10, TRUE, '2026-07-04 17:03:35');
INSERT INTO requests_Sila (request_ID, creator_ID, title, description, status, type, generated_id, final_priority_score, created_at) VALUES (2400, 29, 'Sayfa yuklenmiyor - Mock Dev 11 - 0', 'Sistemin genelini etkileyen bir yavaslik soz konusu.', 'COMPLETED', 'VERİ_KAYBI', 'M-0400', 71.2, '2026-06-24 15:03:35');
INSERT INTO priorities_Sila (priority_ID, request_ID, company_points, product_mgr_score, software_mgr_score, priority_score) VALUES (2400, 2400, 88.0, 3, 3, 71.2);
INSERT INTO workflows_Sila (task_ID, request_ID, developer_ID, workflow_status, assigned_by_ID, assigned_at, resolved_at) VALUES (2400, 2400, 11, 'RESOLVED', 1, '2026-06-24 16:03:35', '2026-06-25 16:03:35');
INSERT INTO request_notes_Sila (note_ID, request_ID, content, submitter_ID, is_internal, created_at) VALUES (2791, 2400, 'Mock not eklendi. Test amacli. (Note 0)', 11, FALSE, '2026-06-24 17:03:35');
INSERT INTO requests_Sila (request_ID, creator_ID, title, description, status, type, generated_id, final_priority_score, created_at) VALUES (2401, 34, 'Sifre sifirlama maili gelmiyor - Mock Dev 11 - 1', 'Test ortaminda calisiyor ama canlida hata veriyor.', 'ASSIGNED', 'YENİ_ÖZELLİK_EKLEME', 'M-0401', 77.3, '2026-07-05 15:03:35');
INSERT INTO priorities_Sila (priority_ID, request_ID, company_points, product_mgr_score, software_mgr_score, priority_score) VALUES (2401, 2401, 73.3, 5, 3, 77.3);
INSERT INTO workflows_Sila (task_ID, request_ID, developer_ID, workflow_status, assigned_by_ID, assigned_at) VALUES (2401, 2401, 11, 'ASSIGNED', 1, '2026-07-05 16:03:35');
INSERT INTO request_notes_Sila (note_ID, request_ID, content, submitter_ID, is_internal, created_at) VALUES (2792, 2401, 'Mock not eklendi. Test amacli. (Note 0)', 1, FALSE, '2026-07-05 17:03:35');
INSERT INTO request_notes_Sila (note_ID, request_ID, content, submitter_ID, is_internal, created_at) VALUES (2793, 2401, 'Mock not eklendi. Test amacli. (Note 1)', 11, TRUE, '2026-07-05 18:03:35');
INSERT INTO requests_Sila (request_ID, creator_ID, title, description, status, type, generated_id, final_priority_score, created_at) VALUES (2402, 35, 'Mobil uyumluluk sorunu - Mock Dev 11 - 2', 'Musteriler bu sorundan sikayetci, acil bakilmasi gerekiyor.', 'COMPLETED', 'YENİ_ÖZELLİK_EKLEME', 'M-0402', 82.2, '2026-07-14 15:03:35');
INSERT INTO priorities_Sila (priority_ID, request_ID, company_points, product_mgr_score, software_mgr_score, priority_score) VALUES (2402, 2402, 70.5, 4, 5, 82.2);
INSERT INTO workflows_Sila (task_ID, request_ID, developer_ID, workflow_status, assigned_by_ID, assigned_at, resolved_at) VALUES (2402, 2402, 11, 'RESOLVED', 1, '2026-07-14 16:03:35', '2026-07-15 16:03:35');
INSERT INTO request_notes_Sila (note_ID, request_ID, content, submitter_ID, is_internal, created_at) VALUES (2794, 2402, 'Mock not eklendi. Test amacli. (Note 0)', 11, TRUE, '2026-07-14 17:03:35');
INSERT INTO request_notes_Sila (note_ID, request_ID, content, submitter_ID, is_internal, created_at) VALUES (2795, 2402, 'Mock not eklendi. Test amacli. (Note 1)', 1, FALSE, '2026-07-14 18:03:35');
INSERT INTO requests_Sila (request_ID, creator_ID, title, description, status, type, generated_id, final_priority_score, created_at) VALUES (2403, 34, 'Mobil uyumluluk sorunu - Mock Dev 11 - 3', 'Dun yapilan guncellemeden sonra bozuldu.', 'COMPLETED', 'GELİŞTİRME', 'M-0403', 80.2, '2026-07-19 15:03:35');
INSERT INTO priorities_Sila (priority_ID, request_ID, company_points, product_mgr_score, software_mgr_score, priority_score) VALUES (2403, 2403, 80.4, 5, 3, 80.2);
INSERT INTO workflows_Sila (task_ID, request_ID, developer_ID, workflow_status, assigned_by_ID, assigned_at, resolved_at) VALUES (2403, 2403, 11, 'RESOLVED', 1, '2026-07-19 16:03:35', '2026-07-22 16:03:35');
INSERT INTO request_notes_Sila (note_ID, request_ID, content, submitter_ID, is_internal, created_at) VALUES (2796, 2403, 'Mock not eklendi. Test amacli. (Note 0)', 1, TRUE, '2026-07-19 17:03:35');
INSERT INTO request_notes_Sila (note_ID, request_ID, content, submitter_ID, is_internal, created_at) VALUES (2797, 2403, 'Mock not eklendi. Test amacli. (Note 1)', 11, FALSE, '2026-07-19 18:03:35');
INSERT INTO request_notes_Sila (note_ID, request_ID, content, submitter_ID, is_internal, created_at) VALUES (2798, 2403, 'Mock not eklendi. Test amacli. (Note 2)', 1, FALSE, '2026-07-19 19:03:35');
INSERT INTO requests_Sila (request_ID, creator_ID, title, description, status, type, generated_id, final_priority_score, created_at) VALUES (2404, 27, 'Veritabani baglanti hatasi - Mock Dev 11 - 4', 'Performans cok dusuk.', 'COMPLETED', 'GELİŞTİRME', 'M-0404', 94.6, '2026-06-22 15:03:35');
INSERT INTO priorities_Sila (priority_ID, request_ID, company_points, product_mgr_score, software_mgr_score, priority_score) VALUES (2404, 2404, 86.6, 5, 5, 94.6);
INSERT INTO workflows_Sila (task_ID, request_ID, developer_ID, workflow_status, assigned_by_ID, assigned_at, resolved_at) VALUES (2404, 2404, 11, 'RESOLVED', 1, '2026-06-22 16:03:35', '2026-06-24 16:03:35');
INSERT INTO request_notes_Sila (note_ID, request_ID, content, submitter_ID, is_internal, created_at) VALUES (2799, 2404, 'Mock not eklendi. Test amacli. (Note 0)', 1, FALSE, '2026-06-22 17:03:35');
INSERT INTO request_notes_Sila (note_ID, request_ID, content, submitter_ID, is_internal, created_at) VALUES (2800, 2404, 'Mock not eklendi. Test amacli. (Note 1)', 1, TRUE, '2026-06-22 18:03:35');
INSERT INTO requests_Sila (request_ID, creator_ID, title, description, status, type, generated_id, final_priority_score, created_at) VALUES (2405, 26, 'Veritabani baglanti hatasi - Mock Dev 11 - 5', 'Veriler eksik geliyor, veritabani sorgusu optimize edilmeli.', 'COMPLETED', 'DİĞER', 'M-0405', 95.6, '2026-07-08 15:03:35');
INSERT INTO priorities_Sila (priority_ID, request_ID, company_points, product_mgr_score, software_mgr_score, priority_score) VALUES (2405, 2405, 89.0, 5, 5, 95.6);
INSERT INTO workflows_Sila (task_ID, request_ID, developer_ID, workflow_status, assigned_by_ID, assigned_at, resolved_at) VALUES (2405, 2405, 11, 'RESOLVED', 1, '2026-07-08 16:03:35', '2026-07-09 16:03:35');
INSERT INTO request_notes_Sila (note_ID, request_ID, content, submitter_ID, is_internal, created_at) VALUES (2801, 2405, 'Mock not eklendi. Test amacli. (Note 0)', 1, FALSE, '2026-07-08 17:03:35');
INSERT INTO request_notes_Sila (note_ID, request_ID, content, submitter_ID, is_internal, created_at) VALUES (2802, 2405, 'Mock not eklendi. Test amacli. (Note 1)', 11, FALSE, '2026-07-08 18:03:35');
INSERT INTO request_notes_Sila (note_ID, request_ID, content, submitter_ID, is_internal, created_at) VALUES (2803, 2405, 'Mock not eklendi. Test amacli. (Note 2)', 11, TRUE, '2026-07-08 19:03:35');
INSERT INTO requests_Sila (request_ID, creator_ID, title, description, status, type, generated_id, final_priority_score, created_at) VALUES (2406, 34, 'Kullanici girisi yavas - Mock Dev 11 - 6', 'Test ortaminda calisiyor ama canlida hata veriyor.', 'COMPLETED', 'YENİ_ÖZELLİK_EKLEME', 'M-0406', 71.9, '2026-06-29 15:03:35');
INSERT INTO priorities_Sila (priority_ID, request_ID, company_points, product_mgr_score, software_mgr_score, priority_score) VALUES (2406, 2406, 74.9, 4, 3, 71.9);
INSERT INTO workflows_Sila (task_ID, request_ID, developer_ID, workflow_status, assigned_by_ID, assigned_at, resolved_at) VALUES (2406, 2406, 11, 'RESOLVED', 1, '2026-06-29 16:03:35', '2026-07-04 16:03:35');
INSERT INTO request_notes_Sila (note_ID, request_ID, content, submitter_ID, is_internal, created_at) VALUES (2804, 2406, 'Mock not eklendi. Test amacli. (Note 0)', 11, FALSE, '2026-06-29 17:03:35');
INSERT INTO request_notes_Sila (note_ID, request_ID, content, submitter_ID, is_internal, created_at) VALUES (2805, 2406, 'Mock not eklendi. Test amacli. (Note 1)', 11, FALSE, '2026-06-29 18:03:35');
INSERT INTO requests_Sila (request_ID, creator_ID, title, description, status, type, generated_id, final_priority_score, created_at) VALUES (2407, 26, 'Veritabani baglanti hatasi - Mock Dev 11 - 7', 'Veriler eksik geliyor, veritabani sorgusu optimize edilmeli.', 'ASSIGNED', 'BUG_DÜZELTME', 'M-0407', 81.2, '2026-07-05 15:03:35');
INSERT INTO priorities_Sila (priority_ID, request_ID, company_points, product_mgr_score, software_mgr_score, priority_score) VALUES (2407, 2407, 98.0, 4, 3, 81.2);
INSERT INTO workflows_Sila (task_ID, request_ID, developer_ID, workflow_status, assigned_by_ID, assigned_at) VALUES (2407, 2407, 11, 'ASSIGNED', 1, '2026-07-05 16:03:35');
INSERT INTO request_notes_Sila (note_ID, request_ID, content, submitter_ID, is_internal, created_at) VALUES (2806, 2407, 'Mock not eklendi. Test amacli. (Note 0)', 11, FALSE, '2026-07-05 17:03:35');
INSERT INTO request_notes_Sila (note_ID, request_ID, content, submitter_ID, is_internal, created_at) VALUES (2807, 2407, 'Mock not eklendi. Test amacli. (Note 1)', 1, TRUE, '2026-07-05 18:03:35');
INSERT INTO request_notes_Sila (note_ID, request_ID, content, submitter_ID, is_internal, created_at) VALUES (2808, 2407, 'Mock not eklendi. Test amacli. (Note 2)', 1, FALSE, '2026-07-05 19:03:35');
INSERT INTO requests_Sila (request_ID, creator_ID, title, description, status, type, generated_id, final_priority_score, created_at) VALUES (2408, 35, 'Mobil uyumluluk sorunu - Mock Dev 11 - 8', 'Test ortaminda calisiyor ama canlida hata veriyor.', 'ASSIGNED', 'DİĞER', 'M-0408', 80.4, '2026-07-09 15:03:35');
INSERT INTO priorities_Sila (priority_ID, request_ID, company_points, product_mgr_score, software_mgr_score, priority_score) VALUES (2408, 2408, 81.1, 4, 4, 80.4);
INSERT INTO workflows_Sila (task_ID, request_ID, developer_ID, workflow_status, assigned_by_ID, assigned_at) VALUES (2408, 2408, 11, 'ASSIGNED', 1, '2026-07-09 16:03:35');
INSERT INTO request_notes_Sila (note_ID, request_ID, content, submitter_ID, is_internal, created_at) VALUES (2809, 2408, 'Mock not eklendi. Test amacli. (Note 0)', 1, TRUE, '2026-07-09 17:03:35');
INSERT INTO request_notes_Sila (note_ID, request_ID, content, submitter_ID, is_internal, created_at) VALUES (2810, 2408, 'Mock not eklendi. Test amacli. (Note 1)', 11, FALSE, '2026-07-09 18:03:35');
INSERT INTO request_notes_Sila (note_ID, request_ID, content, submitter_ID, is_internal, created_at) VALUES (2811, 2408, 'Mock not eklendi. Test amacli. (Note 2)', 1, TRUE, '2026-07-09 19:03:35');
INSERT INTO requests_Sila (request_ID, creator_ID, title, description, status, type, generated_id, final_priority_score, created_at) VALUES (2409, 33, 'Mobil uyumluluk sorunu - Mock Dev 11 - 9', 'Loglarda NullPointerException gordum, ekteki dosyaya bakiniz.', 'ASSIGNED', 'ENTEGRASYON_SIKINTILARI', 'M-0409', 82.1, '2026-07-08 15:03:35');
INSERT INTO priorities_Sila (priority_ID, request_ID, company_points, product_mgr_score, software_mgr_score, priority_score) VALUES (2409, 2409, 85.3, 5, 3, 82.1);
INSERT INTO workflows_Sila (task_ID, request_ID, developer_ID, workflow_status, assigned_by_ID, assigned_at) VALUES (2409, 2409, 11, 'ASSIGNED', 1, '2026-07-08 16:03:35');
INSERT INTO request_notes_Sila (note_ID, request_ID, content, submitter_ID, is_internal, created_at) VALUES (2812, 2409, 'Mock not eklendi. Test amacli. (Note 0)', 11, FALSE, '2026-07-08 17:03:35');
INSERT INTO request_notes_Sila (note_ID, request_ID, content, submitter_ID, is_internal, created_at) VALUES (2813, 2409, 'Mock not eklendi. Test amacli. (Note 1)', 1, FALSE, '2026-07-08 18:03:35');
INSERT INTO requests_Sila (request_ID, creator_ID, title, description, status, type, generated_id, final_priority_score, created_at) VALUES (2410, 29, 'Raporlama modulu calismiyor - Mock Dev 11 - 10', 'Performans cok dusuk.', 'COMPLETED', 'VERİ_KAYBI', 'M-0410', 82.5, '2026-06-27 15:03:35');
INSERT INTO priorities_Sila (priority_ID, request_ID, company_points, product_mgr_score, software_mgr_score, priority_score) VALUES (2410, 2410, 86.2, 4, 4, 82.5);
INSERT INTO workflows_Sila (task_ID, request_ID, developer_ID, workflow_status, assigned_by_ID, assigned_at, resolved_at) VALUES (2410, 2410, 11, 'RESOLVED', 1, '2026-06-27 16:03:35', '2026-07-01 16:03:35');
INSERT INTO request_notes_Sila (note_ID, request_ID, content, submitter_ID, is_internal, created_at) VALUES (2814, 2410, 'Mock not eklendi. Test amacli. (Note 0)', 11, FALSE, '2026-06-27 17:03:35');
INSERT INTO request_notes_Sila (note_ID, request_ID, content, submitter_ID, is_internal, created_at) VALUES (2815, 2410, 'Mock not eklendi. Test amacli. (Note 1)', 1, FALSE, '2026-06-27 18:03:35');
INSERT INTO request_notes_Sila (note_ID, request_ID, content, submitter_ID, is_internal, created_at) VALUES (2816, 2410, 'Mock not eklendi. Test amacli. (Note 2)', 11, TRUE, '2026-06-27 19:03:35');
INSERT INTO requests_Sila (request_ID, creator_ID, title, description, status, type, generated_id, final_priority_score, created_at) VALUES (2411, 29, '500 Internal Server Error - Mock Dev 11 - 11', 'Dun yapilan guncellemeden sonra bozuldu.', 'ASSIGNED', 'BUG_DÜZELTME', 'M-0411', 82.0, '2026-07-17 15:03:35');
INSERT INTO priorities_Sila (priority_ID, request_ID, company_points, product_mgr_score, software_mgr_score, priority_score) VALUES (2411, 2411, 99.9, 4, 3, 82.0);
INSERT INTO workflows_Sila (task_ID, request_ID, developer_ID, workflow_status, assigned_by_ID, assigned_at) VALUES (2411, 2411, 11, 'ASSIGNED', 1, '2026-07-17 16:03:35');
INSERT INTO request_notes_Sila (note_ID, request_ID, content, submitter_ID, is_internal, created_at) VALUES (2817, 2411, 'Mock not eklendi. Test amacli. (Note 0)', 11, TRUE, '2026-07-17 17:03:35');
INSERT INTO request_notes_Sila (note_ID, request_ID, content, submitter_ID, is_internal, created_at) VALUES (2818, 2411, 'Mock not eklendi. Test amacli. (Note 1)', 1, TRUE, '2026-07-17 18:03:35');
INSERT INTO requests_Sila (request_ID, creator_ID, title, description, status, type, generated_id, final_priority_score, created_at) VALUES (2412, 30, 'Sifre sifirlama maili gelmiyor - Mock Dev 11 - 12', 'Veriler eksik geliyor, veritabani sorgusu optimize edilmeli.', 'ASSIGNED', 'GELİŞTİRME', 'M-0412', 82.3, '2026-07-19 15:03:35');
INSERT INTO priorities_Sila (priority_ID, request_ID, company_points, product_mgr_score, software_mgr_score, priority_score) VALUES (2412, 2412, 85.7, 4, 4, 82.3);
INSERT INTO workflows_Sila (task_ID, request_ID, developer_ID, workflow_status, assigned_by_ID, assigned_at) VALUES (2412, 2412, 11, 'ASSIGNED', 1, '2026-07-19 16:03:35');
INSERT INTO request_notes_Sila (note_ID, request_ID, content, submitter_ID, is_internal, created_at) VALUES (2819, 2412, 'Mock not eklendi. Test amacli. (Note 0)', 1, TRUE, '2026-07-19 17:03:35');
INSERT INTO request_notes_Sila (note_ID, request_ID, content, submitter_ID, is_internal, created_at) VALUES (2820, 2412, 'Mock not eklendi. Test amacli. (Note 1)', 1, TRUE, '2026-07-19 18:03:35');
INSERT INTO requests_Sila (request_ID, creator_ID, title, description, status, type, generated_id, final_priority_score, created_at) VALUES (2413, 31, 'Kullanici girisi yavas - Mock Dev 11 - 13', 'Test ortaminda calisiyor ama canlida hata veriyor.', 'COMPLETED', 'VERİ_KAYBI', 'M-0413', 90.1, '2026-06-26 15:03:35');
INSERT INTO priorities_Sila (priority_ID, request_ID, company_points, product_mgr_score, software_mgr_score, priority_score) VALUES (2413, 2413, 75.2, 5, 5, 90.1);
INSERT INTO workflows_Sila (task_ID, request_ID, developer_ID, workflow_status, assigned_by_ID, assigned_at, resolved_at) VALUES (2413, 2413, 11, 'RESOLVED', 1, '2026-06-26 16:03:35', '2026-07-01 16:03:35');
INSERT INTO request_notes_Sila (note_ID, request_ID, content, submitter_ID, is_internal, created_at) VALUES (2821, 2413, 'Mock not eklendi. Test amacli. (Note 0)', 11, FALSE, '2026-06-26 17:03:35');
INSERT INTO request_notes_Sila (note_ID, request_ID, content, submitter_ID, is_internal, created_at) VALUES (2822, 2413, 'Mock not eklendi. Test amacli. (Note 1)', 11, FALSE, '2026-06-26 18:03:35');
INSERT INTO requests_Sila (request_ID, creator_ID, title, description, status, type, generated_id, final_priority_score, created_at) VALUES (2414, 27, 'Sifre sifirlama maili gelmiyor - Mock Dev 11 - 14', 'Veriler eksik geliyor, veritabani sorgusu optimize edilmeli.', 'COMPLETED', 'YENİ_ÖZELLİK_EKLEME', 'M-0414', 91.6, '2026-07-09 15:03:35');
INSERT INTO priorities_Sila (priority_ID, request_ID, company_points, product_mgr_score, software_mgr_score, priority_score) VALUES (2414, 2414, 94.1, 5, 4, 91.6);
INSERT INTO workflows_Sila (task_ID, request_ID, developer_ID, workflow_status, assigned_by_ID, assigned_at, resolved_at) VALUES (2414, 2414, 11, 'RESOLVED', 1, '2026-07-09 16:03:35', '2026-07-13 16:03:35');
INSERT INTO request_notes_Sila (note_ID, request_ID, content, submitter_ID, is_internal, created_at) VALUES (2823, 2414, 'Mock not eklendi. Test amacli. (Note 0)', 1, TRUE, '2026-07-09 17:03:35');
INSERT INTO requests_Sila (request_ID, creator_ID, title, description, status, type, generated_id, final_priority_score, created_at) VALUES (2415, 29, 'Veri kaybi yasaniyor - Mock Dev 11 - 15', 'Veriler eksik geliyor, veritabani sorgusu optimize edilmeli.', 'ASSIGNED', 'SİSTEM_ÇÖKÜŞÜ', 'M-0415', 78.5, '2026-07-05 15:03:35');
INSERT INTO priorities_Sila (priority_ID, request_ID, company_points, product_mgr_score, software_mgr_score, priority_score) VALUES (2415, 2415, 91.3, 4, 3, 78.5);
INSERT INTO workflows_Sila (task_ID, request_ID, developer_ID, workflow_status, assigned_by_ID, assigned_at) VALUES (2415, 2415, 11, 'ASSIGNED', 1, '2026-07-05 16:03:35');
INSERT INTO request_notes_Sila (note_ID, request_ID, content, submitter_ID, is_internal, created_at) VALUES (2824, 2415, 'Mock not eklendi. Test amacli. (Note 0)', 11, FALSE, '2026-07-05 17:03:35');
INSERT INTO requests_Sila (request_ID, creator_ID, title, description, status, type, generated_id, final_priority_score, created_at) VALUES (2416, 33, 'Sayfa yuklenmiyor - Mock Dev 11 - 16', 'Dun yapilan guncellemeden sonra bozuldu.', 'COMPLETED', 'SİSTEM_ÇÖKÜŞÜ', 'M-0416', 93.6, '2026-07-11 15:03:35');
INSERT INTO priorities_Sila (priority_ID, request_ID, company_points, product_mgr_score, software_mgr_score, priority_score) VALUES (2416, 2416, 99.0, 5, 4, 93.6);
INSERT INTO workflows_Sila (task_ID, request_ID, developer_ID, workflow_status, assigned_by_ID, assigned_at, resolved_at) VALUES (2416, 2416, 11, 'RESOLVED', 1, '2026-07-11 16:03:35', '2026-07-15 16:03:35');
INSERT INTO request_notes_Sila (note_ID, request_ID, content, submitter_ID, is_internal, created_at) VALUES (2825, 2416, 'Mock not eklendi. Test amacli. (Note 0)', 11, TRUE, '2026-07-11 17:03:35');
INSERT INTO request_notes_Sila (note_ID, request_ID, content, submitter_ID, is_internal, created_at) VALUES (2826, 2416, 'Mock not eklendi. Test amacli. (Note 1)', 11, FALSE, '2026-07-11 18:03:35');
INSERT INTO requests_Sila (request_ID, creator_ID, title, description, status, type, generated_id, final_priority_score, created_at) VALUES (2417, 26, 'Arayuzde kayma var - Mock Dev 11 - 17', 'Tasarim ekibi guncellemeyi talep etti.', 'ASSIGNED', 'ENTEGRASYON_SIKINTILARI', 'M-0417', 93.3, '2026-07-11 15:03:35');
INSERT INTO priorities_Sila (priority_ID, request_ID, company_points, product_mgr_score, software_mgr_score, priority_score) VALUES (2417, 2417, 98.2, 4, 5, 93.3);
INSERT INTO workflows_Sila (task_ID, request_ID, developer_ID, workflow_status, assigned_by_ID, assigned_at) VALUES (2417, 2417, 11, 'ASSIGNED', 1, '2026-07-11 16:03:35');
INSERT INTO request_notes_Sila (note_ID, request_ID, content, submitter_ID, is_internal, created_at) VALUES (2827, 2417, 'Mock not eklendi. Test amacli. (Note 0)', 11, FALSE, '2026-07-11 17:03:35');
INSERT INTO requests_Sila (request_ID, creator_ID, title, description, status, type, generated_id, final_priority_score, created_at) VALUES (2418, 32, 'Veritabani baglanti hatasi - Mock Dev 11 - 18', 'Test ortaminda calisiyor ama canlida hata veriyor.', 'COMPLETED', 'SİSTEM_ÇÖKÜŞÜ', 'M-0418', 73.7, '2026-07-02 15:03:35');
INSERT INTO priorities_Sila (priority_ID, request_ID, company_points, product_mgr_score, software_mgr_score, priority_score) VALUES (2418, 2418, 94.2, 3, 3, 73.7);
INSERT INTO workflows_Sila (task_ID, request_ID, developer_ID, workflow_status, assigned_by_ID, assigned_at, resolved_at) VALUES (2418, 2418, 11, 'RESOLVED', 1, '2026-07-02 16:03:35', '2026-07-07 16:03:35');
INSERT INTO request_notes_Sila (note_ID, request_ID, content, submitter_ID, is_internal, created_at) VALUES (2828, 2418, 'Mock not eklendi. Test amacli. (Note 0)', 11, FALSE, '2026-07-02 17:03:35');
INSERT INTO requests_Sila (request_ID, creator_ID, title, description, status, type, generated_id, final_priority_score, created_at) VALUES (2419, 34, '500 Internal Server Error - Mock Dev 11 - 19', 'Veriler eksik geliyor, veritabani sorgusu optimize edilmeli.', 'ASSIGNED', 'SİSTEM_ÇÖKÜŞÜ', 'M-0419', 80.4, '2026-07-04 15:03:35');
INSERT INTO priorities_Sila (priority_ID, request_ID, company_points, product_mgr_score, software_mgr_score, priority_score) VALUES (2419, 2419, 81.0, 3, 5, 80.4);
INSERT INTO workflows_Sila (task_ID, request_ID, developer_ID, workflow_status, assigned_by_ID, assigned_at) VALUES (2419, 2419, 11, 'ASSIGNED', 1, '2026-07-04 16:03:35');
INSERT INTO request_notes_Sila (note_ID, request_ID, content, submitter_ID, is_internal, created_at) VALUES (2829, 2419, 'Mock not eklendi. Test amacli. (Note 0)', 11, TRUE, '2026-07-04 17:03:35');
INSERT INTO request_notes_Sila (note_ID, request_ID, content, submitter_ID, is_internal, created_at) VALUES (2830, 2419, 'Mock not eklendi. Test amacli. (Note 1)', 11, FALSE, '2026-07-04 18:03:35');
INSERT INTO request_notes_Sila (note_ID, request_ID, content, submitter_ID, is_internal, created_at) VALUES (2831, 2419, 'Mock not eklendi. Test amacli. (Note 2)', 11, TRUE, '2026-07-04 19:03:35');
INSERT INTO requests_Sila (request_ID, creator_ID, title, description, status, type, generated_id, final_priority_score, created_at) VALUES (2420, 33, 'Veritabani baglanti hatasi - Mock Dev 11 - 20', 'Performans cok dusuk.', 'ASSIGNED', 'DİĞER', 'M-0420', 84.9, '2026-06-22 15:03:35');
INSERT INTO priorities_Sila (priority_ID, request_ID, company_points, product_mgr_score, software_mgr_score, priority_score) VALUES (2420, 2420, 92.3, 3, 5, 84.9);
INSERT INTO workflows_Sila (task_ID, request_ID, developer_ID, workflow_status, assigned_by_ID, assigned_at) VALUES (2420, 2420, 11, 'ASSIGNED', 1, '2026-06-22 16:03:35');
INSERT INTO request_notes_Sila (note_ID, request_ID, content, submitter_ID, is_internal, created_at) VALUES (2832, 2420, 'Mock not eklendi. Test amacli. (Note 0)', 1, FALSE, '2026-06-22 17:03:35');
INSERT INTO request_notes_Sila (note_ID, request_ID, content, submitter_ID, is_internal, created_at) VALUES (2833, 2420, 'Mock not eklendi. Test amacli. (Note 1)', 11, TRUE, '2026-06-22 18:03:35');
INSERT INTO request_notes_Sila (note_ID, request_ID, content, submitter_ID, is_internal, created_at) VALUES (2834, 2420, 'Mock not eklendi. Test amacli. (Note 2)', 1, FALSE, '2026-06-22 19:03:35');
INSERT INTO requests_Sila (request_ID, creator_ID, title, description, status, type, generated_id, final_priority_score, created_at) VALUES (2421, 26, 'Veritabani baglanti hatasi - Mock Dev 11 - 21', 'Tasarim ekibi guncellemeyi talep etti.', 'COMPLETED', 'DİĞER', 'M-0421', 77.2, '2026-06-29 15:03:35');
INSERT INTO priorities_Sila (priority_ID, request_ID, company_points, product_mgr_score, software_mgr_score, priority_score) VALUES (2421, 2421, 88.1, 3, 4, 77.2);
INSERT INTO workflows_Sila (task_ID, request_ID, developer_ID, workflow_status, assigned_by_ID, assigned_at, resolved_at) VALUES (2421, 2421, 11, 'RESOLVED', 1, '2026-06-29 16:03:35', '2026-07-01 16:03:35');
INSERT INTO request_notes_Sila (note_ID, request_ID, content, submitter_ID, is_internal, created_at) VALUES (2835, 2421, 'Mock not eklendi. Test amacli. (Note 0)', 11, TRUE, '2026-06-29 17:03:35');
INSERT INTO requests_Sila (request_ID, creator_ID, title, description, status, type, generated_id, final_priority_score, created_at) VALUES (2422, 34, 'Veri kaybi yasaniyor - Mock Dev 11 - 22', 'Dun yapilan guncellemeden sonra bozuldu.', 'ASSIGNED', 'SİSTEM_ÇÖKÜŞÜ', 'M-0422', 81.0, '2026-07-09 15:03:35');
INSERT INTO priorities_Sila (priority_ID, request_ID, company_points, product_mgr_score, software_mgr_score, priority_score) VALUES (2422, 2422, 82.5, 4, 4, 81.0);
INSERT INTO workflows_Sila (task_ID, request_ID, developer_ID, workflow_status, assigned_by_ID, assigned_at) VALUES (2422, 2422, 11, 'ASSIGNED', 1, '2026-07-09 16:03:35');
INSERT INTO request_notes_Sila (note_ID, request_ID, content, submitter_ID, is_internal, created_at) VALUES (2836, 2422, 'Mock not eklendi. Test amacli. (Note 0)', 11, TRUE, '2026-07-09 17:03:35');
INSERT INTO request_notes_Sila (note_ID, request_ID, content, submitter_ID, is_internal, created_at) VALUES (2837, 2422, 'Mock not eklendi. Test amacli. (Note 1)', 1, FALSE, '2026-07-09 18:03:35');
INSERT INTO requests_Sila (request_ID, creator_ID, title, description, status, type, generated_id, final_priority_score, created_at) VALUES (2423, 34, 'Mobil uyumluluk sorunu - Mock Dev 11 - 23', 'Veriler eksik geliyor, veritabani sorgusu optimize edilmeli.', 'ASSIGNED', 'VERİ_KAYBI', 'M-0423', 76.7, '2026-07-03 15:03:35');
INSERT INTO priorities_Sila (priority_ID, request_ID, company_points, product_mgr_score, software_mgr_score, priority_score) VALUES (2423, 2423, 71.8, 5, 3, 76.7);
INSERT INTO workflows_Sila (task_ID, request_ID, developer_ID, workflow_status, assigned_by_ID, assigned_at) VALUES (2423, 2423, 11, 'ASSIGNED', 1, '2026-07-03 16:03:35');
INSERT INTO request_notes_Sila (note_ID, request_ID, content, submitter_ID, is_internal, created_at) VALUES (2838, 2423, 'Mock not eklendi. Test amacli. (Note 0)', 1, FALSE, '2026-07-03 17:03:35');
INSERT INTO requests_Sila (request_ID, creator_ID, title, description, status, type, generated_id, final_priority_score, created_at) VALUES (2424, 33, 'Arayuzde kayma var - Mock Dev 11 - 24', 'Tasarim ekibi guncellemeyi talep etti.', 'ASSIGNED', 'DİĞER', 'M-0424', 73.6, '2026-07-06 15:03:35');
INSERT INTO priorities_Sila (priority_ID, request_ID, company_points, product_mgr_score, software_mgr_score, priority_score) VALUES (2424, 2424, 79.1, 4, 3, 73.6);
INSERT INTO workflows_Sila (task_ID, request_ID, developer_ID, workflow_status, assigned_by_ID, assigned_at) VALUES (2424, 2424, 11, 'ASSIGNED', 1, '2026-07-06 16:03:35');
INSERT INTO request_notes_Sila (note_ID, request_ID, content, submitter_ID, is_internal, created_at) VALUES (2839, 2424, 'Mock not eklendi. Test amacli. (Note 0)', 1, TRUE, '2026-07-06 17:03:35');
INSERT INTO request_notes_Sila (note_ID, request_ID, content, submitter_ID, is_internal, created_at) VALUES (2840, 2424, 'Mock not eklendi. Test amacli. (Note 1)', 11, FALSE, '2026-07-06 18:03:35');
INSERT INTO request_notes_Sila (note_ID, request_ID, content, submitter_ID, is_internal, created_at) VALUES (2841, 2424, 'Mock not eklendi. Test amacli. (Note 2)', 1, FALSE, '2026-07-06 19:03:35');
INSERT INTO requests_Sila (request_ID, creator_ID, title, description, status, type, generated_id, final_priority_score, created_at) VALUES (2425, 26, 'Mobil uyumluluk sorunu - Mock Dev 11 - 25', 'Performans cok dusuk.', 'COMPLETED', 'SİSTEM_ÇÖKÜŞÜ', 'M-0425', 88.2, '2026-06-21 15:03:35');
INSERT INTO priorities_Sila (priority_ID, request_ID, company_points, product_mgr_score, software_mgr_score, priority_score) VALUES (2425, 2425, 70.5, 5, 5, 88.2);
INSERT INTO workflows_Sila (task_ID, request_ID, developer_ID, workflow_status, assigned_by_ID, assigned_at, resolved_at) VALUES (2425, 2425, 11, 'RESOLVED', 1, '2026-06-21 16:03:35', '2026-06-26 16:03:35');
INSERT INTO request_notes_Sila (note_ID, request_ID, content, submitter_ID, is_internal, created_at) VALUES (2842, 2425, 'Mock not eklendi. Test amacli. (Note 0)', 1, FALSE, '2026-06-21 17:03:35');
INSERT INTO request_notes_Sila (note_ID, request_ID, content, submitter_ID, is_internal, created_at) VALUES (2843, 2425, 'Mock not eklendi. Test amacli. (Note 1)', 1, FALSE, '2026-06-21 18:03:35');
INSERT INTO requests_Sila (request_ID, creator_ID, title, description, status, type, generated_id, final_priority_score, created_at) VALUES (2426, 31, 'Veritabani baglanti hatasi - Mock Dev 11 - 26', 'Test ortaminda calisiyor ama canlida hata veriyor.', 'ASSIGNED', 'YENİ_ÖZELLİK_EKLEME', 'M-0426', 80.7, '2026-07-01 15:03:35');
INSERT INTO priorities_Sila (priority_ID, request_ID, company_points, product_mgr_score, software_mgr_score, priority_score) VALUES (2426, 2426, 96.8, 4, 3, 80.7);
INSERT INTO workflows_Sila (task_ID, request_ID, developer_ID, workflow_status, assigned_by_ID, assigned_at) VALUES (2426, 2426, 11, 'ASSIGNED', 1, '2026-07-01 16:03:35');
INSERT INTO request_notes_Sila (note_ID, request_ID, content, submitter_ID, is_internal, created_at) VALUES (2844, 2426, 'Mock not eklendi. Test amacli. (Note 0)', 1, TRUE, '2026-07-01 17:03:35');
INSERT INTO request_notes_Sila (note_ID, request_ID, content, submitter_ID, is_internal, created_at) VALUES (2845, 2426, 'Mock not eklendi. Test amacli. (Note 1)', 1, TRUE, '2026-07-01 18:03:35');
INSERT INTO requests_Sila (request_ID, creator_ID, title, description, status, type, generated_id, final_priority_score, created_at) VALUES (2427, 28, 'Sifre sifirlama maili gelmiyor - Mock Dev 11 - 27', 'Tasarim ekibi guncellemeyi talep etti.', 'ASSIGNED', 'YENİ_ÖZELLİK_EKLEME', 'M-0427', 72.3, '2026-07-04 15:03:35');
INSERT INTO priorities_Sila (priority_ID, request_ID, company_points, product_mgr_score, software_mgr_score, priority_score) VALUES (2427, 2427, 75.8, 4, 3, 72.3);
INSERT INTO workflows_Sila (task_ID, request_ID, developer_ID, workflow_status, assigned_by_ID, assigned_at) VALUES (2427, 2427, 11, 'ASSIGNED', 1, '2026-07-04 16:03:35');
INSERT INTO request_notes_Sila (note_ID, request_ID, content, submitter_ID, is_internal, created_at) VALUES (2846, 2427, 'Mock not eklendi. Test amacli. (Note 0)', 1, TRUE, '2026-07-04 17:03:35');
INSERT INTO requests_Sila (request_ID, creator_ID, title, description, status, type, generated_id, final_priority_score, created_at) VALUES (2428, 34, 'Mobil uyumluluk sorunu - Mock Dev 11 - 28', 'Test ortaminda calisiyor ama canlida hata veriyor.', 'ASSIGNED', 'YENİ_ÖZELLİK_EKLEME', 'M-0428', 91.6, '2026-06-28 15:03:35');
INSERT INTO priorities_Sila (priority_ID, request_ID, company_points, product_mgr_score, software_mgr_score, priority_score) VALUES (2428, 2428, 94.0, 4, 5, 91.6);
INSERT INTO workflows_Sila (task_ID, request_ID, developer_ID, workflow_status, assigned_by_ID, assigned_at) VALUES (2428, 2428, 11, 'ASSIGNED', 1, '2026-06-28 16:03:35');
INSERT INTO request_notes_Sila (note_ID, request_ID, content, submitter_ID, is_internal, created_at) VALUES (2847, 2428, 'Mock not eklendi. Test amacli. (Note 0)', 11, TRUE, '2026-06-28 17:03:35');
INSERT INTO request_notes_Sila (note_ID, request_ID, content, submitter_ID, is_internal, created_at) VALUES (2848, 2428, 'Mock not eklendi. Test amacli. (Note 1)', 11, TRUE, '2026-06-28 18:03:35');
INSERT INTO requests_Sila (request_ID, creator_ID, title, description, status, type, generated_id, final_priority_score, created_at) VALUES (2429, 33, 'Raporlama modulu calismiyor - Mock Dev 11 - 29', 'Sistemin genelini etkileyen bir yavaslik soz konusu.', 'COMPLETED', 'VERİ_KAYBI', 'M-0429', 73.5, '2026-07-12 15:03:35');
INSERT INTO priorities_Sila (priority_ID, request_ID, company_points, product_mgr_score, software_mgr_score, priority_score) VALUES (2429, 2429, 78.8, 4, 3, 73.5);
INSERT INTO workflows_Sila (task_ID, request_ID, developer_ID, workflow_status, assigned_by_ID, assigned_at, resolved_at) VALUES (2429, 2429, 11, 'RESOLVED', 1, '2026-07-12 16:03:35', '2026-07-13 16:03:35');
INSERT INTO request_notes_Sila (note_ID, request_ID, content, submitter_ID, is_internal, created_at) VALUES (2849, 2429, 'Mock not eklendi. Test amacli. (Note 0)', 11, TRUE, '2026-07-12 17:03:35');
INSERT INTO request_notes_Sila (note_ID, request_ID, content, submitter_ID, is_internal, created_at) VALUES (2850, 2429, 'Mock not eklendi. Test amacli. (Note 1)', 11, FALSE, '2026-07-12 18:03:35');
INSERT INTO requests_Sila (request_ID, creator_ID, title, description, status, type, generated_id, final_priority_score, created_at) VALUES (2430, 28, 'Sayfa yuklenmiyor - Mock Dev 11 - 30', 'Test ortaminda calisiyor ama canlida hata veriyor.', 'ASSIGNED', 'DİĞER', 'M-0430', 78.3, '2026-07-10 15:03:35');
INSERT INTO priorities_Sila (priority_ID, request_ID, company_points, product_mgr_score, software_mgr_score, priority_score) VALUES (2430, 2430, 75.8, 4, 4, 78.3);
INSERT INTO workflows_Sila (task_ID, request_ID, developer_ID, workflow_status, assigned_by_ID, assigned_at) VALUES (2430, 2430, 11, 'ASSIGNED', 1, '2026-07-10 16:03:35');
INSERT INTO request_notes_Sila (note_ID, request_ID, content, submitter_ID, is_internal, created_at) VALUES (2851, 2430, 'Mock not eklendi. Test amacli. (Note 0)', 1, TRUE, '2026-07-10 17:03:35');
INSERT INTO requests_Sila (request_ID, creator_ID, title, description, status, type, generated_id, final_priority_score, created_at) VALUES (2431, 30, 'Kullanici girisi yavas - Mock Dev 11 - 31', 'Performans cok dusuk.', 'COMPLETED', 'YENİ_ÖZELLİK_EKLEME', 'M-0431', 91.4, '2026-07-18 15:03:35');
INSERT INTO priorities_Sila (priority_ID, request_ID, company_points, product_mgr_score, software_mgr_score, priority_score) VALUES (2431, 2431, 78.5, 5, 5, 91.4);
INSERT INTO workflows_Sila (task_ID, request_ID, developer_ID, workflow_status, assigned_by_ID, assigned_at, resolved_at) VALUES (2431, 2431, 11, 'RESOLVED', 1, '2026-07-18 16:03:35', '2026-07-20 16:03:35');
INSERT INTO request_notes_Sila (note_ID, request_ID, content, submitter_ID, is_internal, created_at) VALUES (2852, 2431, 'Mock not eklendi. Test amacli. (Note 0)', 1, TRUE, '2026-07-18 17:03:35');
INSERT INTO requests_Sila (request_ID, creator_ID, title, description, status, type, generated_id, final_priority_score, created_at) VALUES (2432, 31, 'Yeni buton eklenmesi - Mock Dev 11 - 32', 'Tasarim ekibi guncellemeyi talep etti.', 'ASSIGNED', 'ENTEGRASYON_SIKINTILARI', 'M-0432', 77.2, '2026-06-24 15:03:35');
INSERT INTO priorities_Sila (priority_ID, request_ID, company_points, product_mgr_score, software_mgr_score, priority_score) VALUES (2432, 2432, 88.0, 4, 3, 77.2);
INSERT INTO workflows_Sila (task_ID, request_ID, developer_ID, workflow_status, assigned_by_ID, assigned_at) VALUES (2432, 2432, 11, 'ASSIGNED', 1, '2026-06-24 16:03:35');
INSERT INTO request_notes_Sila (note_ID, request_ID, content, submitter_ID, is_internal, created_at) VALUES (2853, 2432, 'Mock not eklendi. Test amacli. (Note 0)', 1, FALSE, '2026-06-24 17:03:35');
INSERT INTO request_notes_Sila (note_ID, request_ID, content, submitter_ID, is_internal, created_at) VALUES (2854, 2432, 'Mock not eklendi. Test amacli. (Note 1)', 11, TRUE, '2026-06-24 18:03:35');
INSERT INTO request_notes_Sila (note_ID, request_ID, content, submitter_ID, is_internal, created_at) VALUES (2855, 2432, 'Mock not eklendi. Test amacli. (Note 2)', 11, FALSE, '2026-06-24 19:03:35');
INSERT INTO requests_Sila (request_ID, creator_ID, title, description, status, type, generated_id, final_priority_score, created_at) VALUES (2433, 35, 'Veritabani baglanti hatasi - Mock Dev 11 - 33', 'Performans cok dusuk.', 'COMPLETED', 'BUG_DÜZELTME', 'M-0433', 99.6, '2026-06-20 15:03:35');
INSERT INTO priorities_Sila (priority_ID, request_ID, company_points, product_mgr_score, software_mgr_score, priority_score) VALUES (2433, 2433, 99.0, 5, 5, 99.6);
INSERT INTO workflows_Sila (task_ID, request_ID, developer_ID, workflow_status, assigned_by_ID, assigned_at, resolved_at) VALUES (2433, 2433, 11, 'RESOLVED', 1, '2026-06-20 16:03:35', '2026-06-25 16:03:35');
INSERT INTO request_notes_Sila (note_ID, request_ID, content, submitter_ID, is_internal, created_at) VALUES (2856, 2433, 'Mock not eklendi. Test amacli. (Note 0)', 11, FALSE, '2026-06-20 17:03:35');
INSERT INTO request_notes_Sila (note_ID, request_ID, content, submitter_ID, is_internal, created_at) VALUES (2857, 2433, 'Mock not eklendi. Test amacli. (Note 1)', 11, TRUE, '2026-06-20 18:03:35');
INSERT INTO request_notes_Sila (note_ID, request_ID, content, submitter_ID, is_internal, created_at) VALUES (2858, 2433, 'Mock not eklendi. Test amacli. (Note 2)', 11, FALSE, '2026-06-20 19:03:35');
INSERT INTO requests_Sila (request_ID, creator_ID, title, description, status, type, generated_id, final_priority_score, created_at) VALUES (2434, 30, 'Sayfa yuklenmiyor - Mock Dev 11 - 34', 'Loglarda NullPointerException gordum, ekteki dosyaya bakiniz.', 'ASSIGNED', 'VERİ_KAYBI', 'M-0434', 80.4, '2026-06-30 15:03:35');
INSERT INTO priorities_Sila (priority_ID, request_ID, company_points, product_mgr_score, software_mgr_score, priority_score) VALUES (2434, 2434, 81.0, 5, 3, 80.4);
INSERT INTO workflows_Sila (task_ID, request_ID, developer_ID, workflow_status, assigned_by_ID, assigned_at) VALUES (2434, 2434, 11, 'ASSIGNED', 1, '2026-06-30 16:03:35');
INSERT INTO request_notes_Sila (note_ID, request_ID, content, submitter_ID, is_internal, created_at) VALUES (2859, 2434, 'Mock not eklendi. Test amacli. (Note 0)', 11, TRUE, '2026-06-30 17:03:35');
INSERT INTO requests_Sila (request_ID, creator_ID, title, description, status, type, generated_id, final_priority_score, created_at) VALUES (2435, 29, 'Sifre sifirlama maili gelmiyor - Mock Dev 11 - 35', 'Loglarda NullPointerException gordum, ekteki dosyaya bakiniz.', 'COMPLETED', 'BUG_DÜZELTME', 'M-0435', 87.8, '2026-07-19 15:03:35');
INSERT INTO priorities_Sila (priority_ID, request_ID, company_points, product_mgr_score, software_mgr_score, priority_score) VALUES (2435, 2435, 84.5, 4, 5, 87.8);
INSERT INTO workflows_Sila (task_ID, request_ID, developer_ID, workflow_status, assigned_by_ID, assigned_at, resolved_at) VALUES (2435, 2435, 11, 'RESOLVED', 1, '2026-07-19 16:03:35', '2026-07-22 16:03:35');
INSERT INTO request_notes_Sila (note_ID, request_ID, content, submitter_ID, is_internal, created_at) VALUES (2860, 2435, 'Mock not eklendi. Test amacli. (Note 0)', 1, FALSE, '2026-07-19 17:03:35');
INSERT INTO request_notes_Sila (note_ID, request_ID, content, submitter_ID, is_internal, created_at) VALUES (2861, 2435, 'Mock not eklendi. Test amacli. (Note 1)', 1, TRUE, '2026-07-19 18:03:35');
INSERT INTO request_notes_Sila (note_ID, request_ID, content, submitter_ID, is_internal, created_at) VALUES (2862, 2435, 'Mock not eklendi. Test amacli. (Note 2)', 1, TRUE, '2026-07-19 19:03:35');
INSERT INTO requests_Sila (request_ID, creator_ID, title, description, status, type, generated_id, final_priority_score, created_at) VALUES (2436, 26, 'Yeni buton eklenmesi - Mock Dev 11 - 36', 'Dun yapilan guncellemeden sonra bozuldu.', 'ASSIGNED', 'GELİŞTİRME', 'M-0436', 88.4, '2026-07-05 15:03:35');
INSERT INTO priorities_Sila (priority_ID, request_ID, company_points, product_mgr_score, software_mgr_score, priority_score) VALUES (2436, 2436, 85.9, 4, 5, 88.4);
INSERT INTO workflows_Sila (task_ID, request_ID, developer_ID, workflow_status, assigned_by_ID, assigned_at) VALUES (2436, 2436, 11, 'ASSIGNED', 1, '2026-07-05 16:03:35');
INSERT INTO request_notes_Sila (note_ID, request_ID, content, submitter_ID, is_internal, created_at) VALUES (2863, 2436, 'Mock not eklendi. Test amacli. (Note 0)', 11, FALSE, '2026-07-05 17:03:35');
INSERT INTO requests_Sila (request_ID, creator_ID, title, description, status, type, generated_id, final_priority_score, created_at) VALUES (2437, 28, 'Yeni buton eklenmesi - Mock Dev 11 - 37', 'Performans cok dusuk.', 'ASSIGNED', 'GELİŞTİRME', 'M-0437', 93.0, '2026-07-18 15:03:35');
INSERT INTO priorities_Sila (priority_ID, request_ID, company_points, product_mgr_score, software_mgr_score, priority_score) VALUES (2437, 2437, 97.5, 4, 5, 93.0);
INSERT INTO workflows_Sila (task_ID, request_ID, developer_ID, workflow_status, assigned_by_ID, assigned_at) VALUES (2437, 2437, 11, 'ASSIGNED', 1, '2026-07-18 16:03:35');
INSERT INTO request_notes_Sila (note_ID, request_ID, content, submitter_ID, is_internal, created_at) VALUES (2864, 2437, 'Mock not eklendi. Test amacli. (Note 0)', 1, TRUE, '2026-07-18 17:03:35');
INSERT INTO request_notes_Sila (note_ID, request_ID, content, submitter_ID, is_internal, created_at) VALUES (2865, 2437, 'Mock not eklendi. Test amacli. (Note 1)', 1, TRUE, '2026-07-18 18:03:35');
INSERT INTO request_notes_Sila (note_ID, request_ID, content, submitter_ID, is_internal, created_at) VALUES (2866, 2437, 'Mock not eklendi. Test amacli. (Note 2)', 1, TRUE, '2026-07-18 19:03:35');
INSERT INTO requests_Sila (request_ID, creator_ID, title, description, status, type, generated_id, final_priority_score, created_at) VALUES (2438, 31, '500 Internal Server Error - Mock Dev 11 - 38', 'Musteriler bu sorundan sikayetci, acil bakilmasi gerekiyor.', 'ASSIGNED', 'VERİ_KAYBI', 'M-0438', 90.9, '2026-06-24 15:03:35');
INSERT INTO priorities_Sila (priority_ID, request_ID, company_points, product_mgr_score, software_mgr_score, priority_score) VALUES (2438, 2438, 92.3, 5, 4, 90.9);
INSERT INTO workflows_Sila (task_ID, request_ID, developer_ID, workflow_status, assigned_by_ID, assigned_at) VALUES (2438, 2438, 11, 'ASSIGNED', 1, '2026-06-24 16:03:35');
INSERT INTO request_notes_Sila (note_ID, request_ID, content, submitter_ID, is_internal, created_at) VALUES (2867, 2438, 'Mock not eklendi. Test amacli. (Note 0)', 11, FALSE, '2026-06-24 17:03:35');
INSERT INTO request_notes_Sila (note_ID, request_ID, content, submitter_ID, is_internal, created_at) VALUES (2868, 2438, 'Mock not eklendi. Test amacli. (Note 1)', 11, FALSE, '2026-06-24 18:03:35');
INSERT INTO request_notes_Sila (note_ID, request_ID, content, submitter_ID, is_internal, created_at) VALUES (2869, 2438, 'Mock not eklendi. Test amacli. (Note 2)', 11, TRUE, '2026-06-24 19:03:35');
INSERT INTO requests_Sila (request_ID, creator_ID, title, description, status, type, generated_id, final_priority_score, created_at) VALUES (2439, 28, 'Veritabani baglanti hatasi - Mock Dev 11 - 39', 'Tasarim ekibi guncellemeyi talep etti.', 'ASSIGNED', 'VERİ_KAYBI', 'M-0439', 72.2, '2026-06-30 15:03:35');
INSERT INTO priorities_Sila (priority_ID, request_ID, company_points, product_mgr_score, software_mgr_score, priority_score) VALUES (2439, 2439, 75.5, 4, 3, 72.2);
INSERT INTO workflows_Sila (task_ID, request_ID, developer_ID, workflow_status, assigned_by_ID, assigned_at) VALUES (2439, 2439, 11, 'ASSIGNED', 1, '2026-06-30 16:03:35');
INSERT INTO request_notes_Sila (note_ID, request_ID, content, submitter_ID, is_internal, created_at) VALUES (2870, 2439, 'Mock not eklendi. Test amacli. (Note 0)', 1, FALSE, '2026-06-30 17:03:35');
INSERT INTO requests_Sila (request_ID, creator_ID, title, description, status, type, generated_id, final_priority_score, created_at) VALUES (2440, 26, '500 Internal Server Error - Mock Dev 11 - 40', 'Sistemin genelini etkileyen bir yavaslik soz konusu.', 'ASSIGNED', 'BUG_DÜZELTME', 'M-0440', 87.1, '2026-07-03 15:03:35');
INSERT INTO priorities_Sila (priority_ID, request_ID, company_points, product_mgr_score, software_mgr_score, priority_score) VALUES (2440, 2440, 97.7, 3, 5, 87.1);
INSERT INTO workflows_Sila (task_ID, request_ID, developer_ID, workflow_status, assigned_by_ID, assigned_at) VALUES (2440, 2440, 11, 'ASSIGNED', 1, '2026-07-03 16:03:35');
INSERT INTO request_notes_Sila (note_ID, request_ID, content, submitter_ID, is_internal, created_at) VALUES (2871, 2440, 'Mock not eklendi. Test amacli. (Note 0)', 1, FALSE, '2026-07-03 17:03:35');
INSERT INTO request_notes_Sila (note_ID, request_ID, content, submitter_ID, is_internal, created_at) VALUES (2872, 2440, 'Mock not eklendi. Test amacli. (Note 1)', 11, TRUE, '2026-07-03 18:03:35');
INSERT INTO request_notes_Sila (note_ID, request_ID, content, submitter_ID, is_internal, created_at) VALUES (2873, 2440, 'Mock not eklendi. Test amacli. (Note 2)', 11, FALSE, '2026-07-03 19:03:35');
INSERT INTO requests_Sila (request_ID, creator_ID, title, description, status, type, generated_id, final_priority_score, created_at) VALUES (2441, 29, '500 Internal Server Error - Mock Dev 11 - 41', 'Sistemin genelini etkileyen bir yavaslik soz konusu.', 'ASSIGNED', 'VERİ_KAYBI', 'M-0441', 94.5, '2026-06-24 15:03:35');
INSERT INTO priorities_Sila (priority_ID, request_ID, company_points, product_mgr_score, software_mgr_score, priority_score) VALUES (2441, 2441, 86.2, 5, 5, 94.5);
INSERT INTO workflows_Sila (task_ID, request_ID, developer_ID, workflow_status, assigned_by_ID, assigned_at) VALUES (2441, 2441, 11, 'ASSIGNED', 1, '2026-06-24 16:03:35');
INSERT INTO request_notes_Sila (note_ID, request_ID, content, submitter_ID, is_internal, created_at) VALUES (2874, 2441, 'Mock not eklendi. Test amacli. (Note 0)', 11, FALSE, '2026-06-24 17:03:35');
INSERT INTO request_notes_Sila (note_ID, request_ID, content, submitter_ID, is_internal, created_at) VALUES (2875, 2441, 'Mock not eklendi. Test amacli. (Note 1)', 1, TRUE, '2026-06-24 18:03:35');
INSERT INTO request_notes_Sila (note_ID, request_ID, content, submitter_ID, is_internal, created_at) VALUES (2876, 2441, 'Mock not eklendi. Test amacli. (Note 2)', 11, FALSE, '2026-06-24 19:03:35');
INSERT INTO requests_Sila (request_ID, creator_ID, title, description, status, type, generated_id, final_priority_score, created_at) VALUES (2442, 29, 'Sifre sifirlama maili gelmiyor - Mock Dev 11 - 42', 'Sistemin genelini etkileyen bir yavaslik soz konusu.', 'COMPLETED', 'DİĞER', 'M-0442', 82.0, '2026-06-25 15:03:35');
INSERT INTO priorities_Sila (priority_ID, request_ID, company_points, product_mgr_score, software_mgr_score, priority_score) VALUES (2442, 2442, 85.1, 4, 4, 82.0);
INSERT INTO workflows_Sila (task_ID, request_ID, developer_ID, workflow_status, assigned_by_ID, assigned_at, resolved_at) VALUES (2442, 2442, 11, 'RESOLVED', 1, '2026-06-25 16:03:35', '2026-06-26 16:03:35');
INSERT INTO request_notes_Sila (note_ID, request_ID, content, submitter_ID, is_internal, created_at) VALUES (2877, 2442, 'Mock not eklendi. Test amacli. (Note 0)', 11, TRUE, '2026-06-25 17:03:35');
INSERT INTO requests_Sila (request_ID, creator_ID, title, description, status, type, generated_id, final_priority_score, created_at) VALUES (2443, 29, 'Veritabani baglanti hatasi - Mock Dev 11 - 43', 'Tasarim ekibi guncellemeyi talep etti.', 'COMPLETED', 'BUG_DÜZELTME', 'M-0443', 77.4, '2026-06-30 15:03:35');
INSERT INTO priorities_Sila (priority_ID, request_ID, company_points, product_mgr_score, software_mgr_score, priority_score) VALUES (2443, 2443, 88.4, 4, 3, 77.4);
INSERT INTO workflows_Sila (task_ID, request_ID, developer_ID, workflow_status, assigned_by_ID, assigned_at, resolved_at) VALUES (2443, 2443, 11, 'RESOLVED', 1, '2026-06-30 16:03:35', '2026-07-05 16:03:35');
INSERT INTO request_notes_Sila (note_ID, request_ID, content, submitter_ID, is_internal, created_at) VALUES (2878, 2443, 'Mock not eklendi. Test amacli. (Note 0)', 11, TRUE, '2026-06-30 17:03:35');
INSERT INTO request_notes_Sila (note_ID, request_ID, content, submitter_ID, is_internal, created_at) VALUES (2879, 2443, 'Mock not eklendi. Test amacli. (Note 1)', 1, FALSE, '2026-06-30 18:03:35');
INSERT INTO requests_Sila (request_ID, creator_ID, title, description, status, type, generated_id, final_priority_score, created_at) VALUES (2444, 30, 'Veri kaybi yasaniyor - Mock Dev 11 - 44', 'Sistemin genelini etkileyen bir yavaslik soz konusu.', 'ASSIGNED', 'YENİ_ÖZELLİK_EKLEME', 'M-0444', 84.3, '2026-07-08 15:03:35');
INSERT INTO priorities_Sila (priority_ID, request_ID, company_points, product_mgr_score, software_mgr_score, priority_score) VALUES (2444, 2444, 90.7, 3, 5, 84.3);
INSERT INTO workflows_Sila (task_ID, request_ID, developer_ID, workflow_status, assigned_by_ID, assigned_at) VALUES (2444, 2444, 11, 'ASSIGNED', 1, '2026-07-08 16:03:35');
INSERT INTO request_notes_Sila (note_ID, request_ID, content, submitter_ID, is_internal, created_at) VALUES (2880, 2444, 'Mock not eklendi. Test amacli. (Note 0)', 1, TRUE, '2026-07-08 17:03:35');
INSERT INTO request_notes_Sila (note_ID, request_ID, content, submitter_ID, is_internal, created_at) VALUES (2881, 2444, 'Mock not eklendi. Test amacli. (Note 1)', 1, FALSE, '2026-07-08 18:03:35');
INSERT INTO requests_Sila (request_ID, creator_ID, title, description, status, type, generated_id, final_priority_score, created_at) VALUES (2445, 32, 'Raporlama modulu calismiyor - Mock Dev 11 - 45', 'Veriler eksik geliyor, veritabani sorgusu optimize edilmeli.', 'COMPLETED', 'ENTEGRASYON_SIKINTILARI', 'M-0445', 76.3, '2026-06-23 15:03:35');
INSERT INTO priorities_Sila (priority_ID, request_ID, company_points, product_mgr_score, software_mgr_score, priority_score) VALUES (2445, 2445, 85.7, 4, 3, 76.3);
INSERT INTO workflows_Sila (task_ID, request_ID, developer_ID, workflow_status, assigned_by_ID, assigned_at, resolved_at) VALUES (2445, 2445, 11, 'RESOLVED', 1, '2026-06-23 16:03:35', '2026-06-28 16:03:35');
INSERT INTO request_notes_Sila (note_ID, request_ID, content, submitter_ID, is_internal, created_at) VALUES (2882, 2445, 'Mock not eklendi. Test amacli. (Note 0)', 11, TRUE, '2026-06-23 17:03:35');
INSERT INTO request_notes_Sila (note_ID, request_ID, content, submitter_ID, is_internal, created_at) VALUES (2883, 2445, 'Mock not eklendi. Test amacli. (Note 1)', 11, TRUE, '2026-06-23 18:03:35');
INSERT INTO request_notes_Sila (note_ID, request_ID, content, submitter_ID, is_internal, created_at) VALUES (2884, 2445, 'Mock not eklendi. Test amacli. (Note 2)', 11, TRUE, '2026-06-23 19:03:35');
INSERT INTO requests_Sila (request_ID, creator_ID, title, description, status, type, generated_id, final_priority_score, created_at) VALUES (2446, 35, 'Mobil uyumluluk sorunu - Mock Dev 12 - 0', 'Sistemin genelini etkileyen bir yavaslik soz konusu.', 'ASSIGNED', 'VERİ_KAYBI', 'M-0446', 91.8, '2026-06-23 15:03:35');
INSERT INTO priorities_Sila (priority_ID, request_ID, company_points, product_mgr_score, software_mgr_score, priority_score) VALUES (2446, 2446, 94.5, 5, 4, 91.8);
INSERT INTO workflows_Sila (task_ID, request_ID, developer_ID, workflow_status, assigned_by_ID, assigned_at) VALUES (2446, 2446, 12, 'ASSIGNED', 1, '2026-06-23 16:03:35');
INSERT INTO request_notes_Sila (note_ID, request_ID, content, submitter_ID, is_internal, created_at) VALUES (2885, 2446, 'Mock not eklendi. Test amacli. (Note 0)', 12, FALSE, '2026-06-23 17:03:35');
INSERT INTO requests_Sila (request_ID, creator_ID, title, description, status, type, generated_id, final_priority_score, created_at) VALUES (2447, 27, 'Mobil uyumluluk sorunu - Mock Dev 12 - 1', 'Loglarda NullPointerException gordum, ekteki dosyaya bakiniz.', 'ASSIGNED', 'ENTEGRASYON_SIKINTILARI', 'M-0447', 78.5, '2026-07-07 15:03:35');
INSERT INTO priorities_Sila (priority_ID, request_ID, company_points, product_mgr_score, software_mgr_score, priority_score) VALUES (2447, 2447, 91.3, 3, 4, 78.5);
INSERT INTO workflows_Sila (task_ID, request_ID, developer_ID, workflow_status, assigned_by_ID, assigned_at) VALUES (2447, 2447, 12, 'ASSIGNED', 1, '2026-07-07 16:03:35');
INSERT INTO request_notes_Sila (note_ID, request_ID, content, submitter_ID, is_internal, created_at) VALUES (2886, 2447, 'Mock not eklendi. Test amacli. (Note 0)', 1, TRUE, '2026-07-07 17:03:35');
INSERT INTO request_notes_Sila (note_ID, request_ID, content, submitter_ID, is_internal, created_at) VALUES (2887, 2447, 'Mock not eklendi. Test amacli. (Note 1)', 1, FALSE, '2026-07-07 18:03:35');
INSERT INTO request_notes_Sila (note_ID, request_ID, content, submitter_ID, is_internal, created_at) VALUES (2888, 2447, 'Mock not eklendi. Test amacli. (Note 2)', 1, FALSE, '2026-07-07 19:03:35');
INSERT INTO requests_Sila (request_ID, creator_ID, title, description, status, type, generated_id, final_priority_score, created_at) VALUES (2448, 26, 'Yeni buton eklenmesi - Mock Dev 12 - 2', 'Musteriler bu sorundan sikayetci, acil bakilmasi gerekiyor.', 'ASSIGNED', 'GELİŞTİRME', 'M-0448', 88.8, '2026-06-30 15:03:35');
INSERT INTO priorities_Sila (priority_ID, request_ID, company_points, product_mgr_score, software_mgr_score, priority_score) VALUES (2448, 2448, 72.0, 5, 5, 88.8);
INSERT INTO workflows_Sila (task_ID, request_ID, developer_ID, workflow_status, assigned_by_ID, assigned_at) VALUES (2448, 2448, 12, 'ASSIGNED', 1, '2026-06-30 16:03:35');
INSERT INTO request_notes_Sila (note_ID, request_ID, content, submitter_ID, is_internal, created_at) VALUES (2889, 2448, 'Mock not eklendi. Test amacli. (Note 0)', 12, TRUE, '2026-06-30 17:03:35');
INSERT INTO request_notes_Sila (note_ID, request_ID, content, submitter_ID, is_internal, created_at) VALUES (2890, 2448, 'Mock not eklendi. Test amacli. (Note 1)', 1, TRUE, '2026-06-30 18:03:35');
INSERT INTO requests_Sila (request_ID, creator_ID, title, description, status, type, generated_id, final_priority_score, created_at) VALUES (2449, 33, 'Yeni buton eklenmesi - Mock Dev 12 - 3', 'Veriler eksik geliyor, veritabani sorgusu optimize edilmeli.', 'ASSIGNED', 'DİĞER', 'M-0449', 70.2, '2026-07-08 15:03:35');
INSERT INTO priorities_Sila (priority_ID, request_ID, company_points, product_mgr_score, software_mgr_score, priority_score) VALUES (2449, 2449, 85.4, 3, 3, 70.2);
INSERT INTO workflows_Sila (task_ID, request_ID, developer_ID, workflow_status, assigned_by_ID, assigned_at) VALUES (2449, 2449, 12, 'ASSIGNED', 1, '2026-07-08 16:03:35');
INSERT INTO request_notes_Sila (note_ID, request_ID, content, submitter_ID, is_internal, created_at) VALUES (2891, 2449, 'Mock not eklendi. Test amacli. (Note 0)', 12, FALSE, '2026-07-08 17:03:35');
INSERT INTO request_notes_Sila (note_ID, request_ID, content, submitter_ID, is_internal, created_at) VALUES (2892, 2449, 'Mock not eklendi. Test amacli. (Note 1)', 12, FALSE, '2026-07-08 18:03:35');
INSERT INTO requests_Sila (request_ID, creator_ID, title, description, status, type, generated_id, final_priority_score, created_at) VALUES (2450, 29, 'Sifre sifirlama maili gelmiyor - Mock Dev 12 - 4', 'Tasarim ekibi guncellemeyi talep etti.', 'ASSIGNED', 'ENTEGRASYON_SIKINTILARI', 'M-0450', 77.8, '2026-07-05 15:03:35');
INSERT INTO priorities_Sila (priority_ID, request_ID, company_points, product_mgr_score, software_mgr_score, priority_score) VALUES (2450, 2450, 74.5, 4, 4, 77.8);
INSERT INTO workflows_Sila (task_ID, request_ID, developer_ID, workflow_status, assigned_by_ID, assigned_at) VALUES (2450, 2450, 12, 'ASSIGNED', 1, '2026-07-05 16:03:35');
INSERT INTO request_notes_Sila (note_ID, request_ID, content, submitter_ID, is_internal, created_at) VALUES (2893, 2450, 'Mock not eklendi. Test amacli. (Note 0)', 12, TRUE, '2026-07-05 17:03:35');
INSERT INTO request_notes_Sila (note_ID, request_ID, content, submitter_ID, is_internal, created_at) VALUES (2894, 2450, 'Mock not eklendi. Test amacli. (Note 1)', 1, TRUE, '2026-07-05 18:03:35');
INSERT INTO request_notes_Sila (note_ID, request_ID, content, submitter_ID, is_internal, created_at) VALUES (2895, 2450, 'Mock not eklendi. Test amacli. (Note 2)', 12, TRUE, '2026-07-05 19:03:35');
INSERT INTO requests_Sila (request_ID, creator_ID, title, description, status, type, generated_id, final_priority_score, created_at) VALUES (2451, 35, 'Sayfa yuklenmiyor - Mock Dev 12 - 5', 'Loglarda NullPointerException gordum, ekteki dosyaya bakiniz.', 'ASSIGNED', 'YENİ_ÖZELLİK_EKLEME', 'M-0451', 86.3, '2026-06-28 15:03:35');
INSERT INTO priorities_Sila (priority_ID, request_ID, company_points, product_mgr_score, software_mgr_score, priority_score) VALUES (2451, 2451, 95.7, 4, 4, 86.3);
INSERT INTO workflows_Sila (task_ID, request_ID, developer_ID, workflow_status, assigned_by_ID, assigned_at) VALUES (2451, 2451, 12, 'ASSIGNED', 1, '2026-06-28 16:03:35');
INSERT INTO request_notes_Sila (note_ID, request_ID, content, submitter_ID, is_internal, created_at) VALUES (2896, 2451, 'Mock not eklendi. Test amacli. (Note 0)', 12, FALSE, '2026-06-28 17:03:35');
INSERT INTO request_notes_Sila (note_ID, request_ID, content, submitter_ID, is_internal, created_at) VALUES (2897, 2451, 'Mock not eklendi. Test amacli. (Note 1)', 12, TRUE, '2026-06-28 18:03:35');
INSERT INTO request_notes_Sila (note_ID, request_ID, content, submitter_ID, is_internal, created_at) VALUES (2898, 2451, 'Mock not eklendi. Test amacli. (Note 2)', 1, FALSE, '2026-06-28 19:03:35');
INSERT INTO requests_Sila (request_ID, creator_ID, title, description, status, type, generated_id, final_priority_score, created_at) VALUES (2452, 31, 'Yeni buton eklenmesi - Mock Dev 12 - 6', 'Test ortaminda calisiyor ama canlida hata veriyor.', 'ASSIGNED', 'VERİ_KAYBI', 'M-0452', 79.8, '2026-06-28 15:03:35');
INSERT INTO priorities_Sila (priority_ID, request_ID, company_points, product_mgr_score, software_mgr_score, priority_score) VALUES (2452, 2452, 79.4, 3, 5, 79.8);
INSERT INTO workflows_Sila (task_ID, request_ID, developer_ID, workflow_status, assigned_by_ID, assigned_at) VALUES (2452, 2452, 12, 'ASSIGNED', 1, '2026-06-28 16:03:35');
INSERT INTO request_notes_Sila (note_ID, request_ID, content, submitter_ID, is_internal, created_at) VALUES (2899, 2452, 'Mock not eklendi. Test amacli. (Note 0)', 12, FALSE, '2026-06-28 17:03:35');
INSERT INTO request_notes_Sila (note_ID, request_ID, content, submitter_ID, is_internal, created_at) VALUES (2900, 2452, 'Mock not eklendi. Test amacli. (Note 1)', 1, FALSE, '2026-06-28 18:03:35');
INSERT INTO request_notes_Sila (note_ID, request_ID, content, submitter_ID, is_internal, created_at) VALUES (2901, 2452, 'Mock not eklendi. Test amacli. (Note 2)', 1, TRUE, '2026-06-28 19:03:35');
INSERT INTO requests_Sila (request_ID, creator_ID, title, description, status, type, generated_id, final_priority_score, created_at) VALUES (2453, 35, 'Yeni buton eklenmesi - Mock Dev 12 - 7', 'Sistemin genelini etkileyen bir yavaslik soz konusu.', 'ASSIGNED', 'DİĞER', 'M-0453', 85.8, '2026-06-22 15:03:35');
INSERT INTO priorities_Sila (priority_ID, request_ID, company_points, product_mgr_score, software_mgr_score, priority_score) VALUES (2453, 2453, 94.6, 3, 5, 85.8);
INSERT INTO workflows_Sila (task_ID, request_ID, developer_ID, workflow_status, assigned_by_ID, assigned_at) VALUES (2453, 2453, 12, 'ASSIGNED', 1, '2026-06-22 16:03:35');
INSERT INTO request_notes_Sila (note_ID, request_ID, content, submitter_ID, is_internal, created_at) VALUES (2902, 2453, 'Mock not eklendi. Test amacli. (Note 0)', 1, FALSE, '2026-06-22 17:03:35');
INSERT INTO request_notes_Sila (note_ID, request_ID, content, submitter_ID, is_internal, created_at) VALUES (2903, 2453, 'Mock not eklendi. Test amacli. (Note 1)', 12, FALSE, '2026-06-22 18:03:35');
INSERT INTO requests_Sila (request_ID, creator_ID, title, description, status, type, generated_id, final_priority_score, created_at) VALUES (2454, 30, 'Kullanici girisi yavas - Mock Dev 12 - 8', 'Performans cok dusuk.', 'ASSIGNED', 'GELİŞTİRME', 'M-0454', 90.3, '2026-06-24 15:03:35');
INSERT INTO priorities_Sila (priority_ID, request_ID, company_points, product_mgr_score, software_mgr_score, priority_score) VALUES (2454, 2454, 90.6, 4, 5, 90.3);
INSERT INTO workflows_Sila (task_ID, request_ID, developer_ID, workflow_status, assigned_by_ID, assigned_at) VALUES (2454, 2454, 12, 'ASSIGNED', 1, '2026-06-24 16:03:35');
INSERT INTO request_notes_Sila (note_ID, request_ID, content, submitter_ID, is_internal, created_at) VALUES (2904, 2454, 'Mock not eklendi. Test amacli. (Note 0)', 12, TRUE, '2026-06-24 17:03:35');
INSERT INTO requests_Sila (request_ID, creator_ID, title, description, status, type, generated_id, final_priority_score, created_at) VALUES (2455, 31, 'Raporlama modulu calismiyor - Mock Dev 12 - 9', 'Sistemin genelini etkileyen bir yavaslik soz konusu.', 'COMPLETED', 'GELİŞTİRME', 'M-0455', 76.5, '2026-07-15 15:03:35');
INSERT INTO priorities_Sila (priority_ID, request_ID, company_points, product_mgr_score, software_mgr_score, priority_score) VALUES (2455, 2455, 71.1, 4, 4, 76.5);
INSERT INTO workflows_Sila (task_ID, request_ID, developer_ID, workflow_status, assigned_by_ID, assigned_at, resolved_at) VALUES (2455, 2455, 12, 'RESOLVED', 1, '2026-07-15 16:03:35', '2026-07-18 16:03:35');
INSERT INTO request_notes_Sila (note_ID, request_ID, content, submitter_ID, is_internal, created_at) VALUES (2905, 2455, 'Mock not eklendi. Test amacli. (Note 0)', 12, FALSE, '2026-07-15 17:03:35');
INSERT INTO request_notes_Sila (note_ID, request_ID, content, submitter_ID, is_internal, created_at) VALUES (2906, 2455, 'Mock not eklendi. Test amacli. (Note 1)', 1, TRUE, '2026-07-15 18:03:35');
INSERT INTO request_notes_Sila (note_ID, request_ID, content, submitter_ID, is_internal, created_at) VALUES (2907, 2455, 'Mock not eklendi. Test amacli. (Note 2)', 1, TRUE, '2026-07-15 19:03:35');
INSERT INTO requests_Sila (request_ID, creator_ID, title, description, status, type, generated_id, final_priority_score, created_at) VALUES (2456, 31, 'Arayuzde kayma var - Mock Dev 12 - 10', 'Tasarim ekibi guncellemeyi talep etti.', 'ASSIGNED', 'SİSTEM_ÇÖKÜŞÜ', 'M-0456', 90.0, '2026-07-04 15:03:35');
INSERT INTO priorities_Sila (priority_ID, request_ID, company_points, product_mgr_score, software_mgr_score, priority_score) VALUES (2456, 2456, 74.9, 5, 5, 90.0);
INSERT INTO workflows_Sila (task_ID, request_ID, developer_ID, workflow_status, assigned_by_ID, assigned_at) VALUES (2456, 2456, 12, 'ASSIGNED', 1, '2026-07-04 16:03:35');
INSERT INTO request_notes_Sila (note_ID, request_ID, content, submitter_ID, is_internal, created_at) VALUES (2908, 2456, 'Mock not eklendi. Test amacli. (Note 0)', 1, FALSE, '2026-07-04 17:03:35');
INSERT INTO request_notes_Sila (note_ID, request_ID, content, submitter_ID, is_internal, created_at) VALUES (2909, 2456, 'Mock not eklendi. Test amacli. (Note 1)', 12, FALSE, '2026-07-04 18:03:35');
INSERT INTO requests_Sila (request_ID, creator_ID, title, description, status, type, generated_id, final_priority_score, created_at) VALUES (2457, 27, 'Veri kaybi yasaniyor - Mock Dev 12 - 11', 'Dun yapilan guncellemeden sonra bozuldu.', 'ASSIGNED', 'YENİ_ÖZELLİK_EKLEME', 'M-0457', 70.5, '2026-07-10 15:03:35');
INSERT INTO priorities_Sila (priority_ID, request_ID, company_points, product_mgr_score, software_mgr_score, priority_score) VALUES (2457, 2457, 71.3, 3, 4, 70.5);
INSERT INTO workflows_Sila (task_ID, request_ID, developer_ID, workflow_status, assigned_by_ID, assigned_at) VALUES (2457, 2457, 12, 'ASSIGNED', 1, '2026-07-10 16:03:35');
INSERT INTO request_notes_Sila (note_ID, request_ID, content, submitter_ID, is_internal, created_at) VALUES (2910, 2457, 'Mock not eklendi. Test amacli. (Note 0)', 12, FALSE, '2026-07-10 17:03:35');
INSERT INTO request_notes_Sila (note_ID, request_ID, content, submitter_ID, is_internal, created_at) VALUES (2911, 2457, 'Mock not eklendi. Test amacli. (Note 1)', 1, FALSE, '2026-07-10 18:03:35');
INSERT INTO requests_Sila (request_ID, creator_ID, title, description, status, type, generated_id, final_priority_score, created_at) VALUES (2458, 26, 'Arayuzde kayma var - Mock Dev 12 - 12', 'Performans cok dusuk.', 'ASSIGNED', 'GELİŞTİRME', 'M-0458', 78.0, '2026-06-27 15:03:35');
INSERT INTO priorities_Sila (priority_ID, request_ID, company_points, product_mgr_score, software_mgr_score, priority_score) VALUES (2458, 2458, 75.1, 5, 3, 78.0);
INSERT INTO workflows_Sila (task_ID, request_ID, developer_ID, workflow_status, assigned_by_ID, assigned_at) VALUES (2458, 2458, 12, 'ASSIGNED', 1, '2026-06-27 16:03:35');
INSERT INTO request_notes_Sila (note_ID, request_ID, content, submitter_ID, is_internal, created_at) VALUES (2912, 2458, 'Mock not eklendi. Test amacli. (Note 0)', 1, TRUE, '2026-06-27 17:03:35');
INSERT INTO requests_Sila (request_ID, creator_ID, title, description, status, type, generated_id, final_priority_score, created_at) VALUES (2459, 31, '500 Internal Server Error - Mock Dev 12 - 13', 'Test ortaminda calisiyor ama canlida hata veriyor.', 'COMPLETED', 'GELİŞTİRME', 'M-0459', 87.5, '2026-06-27 15:03:35');
INSERT INTO priorities_Sila (priority_ID, request_ID, company_points, product_mgr_score, software_mgr_score, priority_score) VALUES (2459, 2459, 98.7, 4, 4, 87.5);
INSERT INTO workflows_Sila (task_ID, request_ID, developer_ID, workflow_status, assigned_by_ID, assigned_at, resolved_at) VALUES (2459, 2459, 12, 'RESOLVED', 1, '2026-06-27 16:03:35', '2026-07-01 16:03:35');
INSERT INTO request_notes_Sila (note_ID, request_ID, content, submitter_ID, is_internal, created_at) VALUES (2913, 2459, 'Mock not eklendi. Test amacli. (Note 0)', 12, TRUE, '2026-06-27 17:03:35');
INSERT INTO request_notes_Sila (note_ID, request_ID, content, submitter_ID, is_internal, created_at) VALUES (2914, 2459, 'Mock not eklendi. Test amacli. (Note 1)', 1, TRUE, '2026-06-27 18:03:35');
INSERT INTO requests_Sila (request_ID, creator_ID, title, description, status, type, generated_id, final_priority_score, created_at) VALUES (2460, 32, 'Kullanici girisi yavas - Mock Dev 12 - 14', 'Performans cok dusuk.', 'ASSIGNED', 'SİSTEM_ÇÖKÜŞÜ', 'M-0460', 91.2, '2026-06-23 15:03:35');
INSERT INTO priorities_Sila (priority_ID, request_ID, company_points, product_mgr_score, software_mgr_score, priority_score) VALUES (2460, 2460, 77.9, 5, 5, 91.2);
INSERT INTO workflows_Sila (task_ID, request_ID, developer_ID, workflow_status, assigned_by_ID, assigned_at) VALUES (2460, 2460, 12, 'ASSIGNED', 1, '2026-06-23 16:03:35');
INSERT INTO request_notes_Sila (note_ID, request_ID, content, submitter_ID, is_internal, created_at) VALUES (2915, 2460, 'Mock not eklendi. Test amacli. (Note 0)', 12, FALSE, '2026-06-23 17:03:35');
INSERT INTO requests_Sila (request_ID, creator_ID, title, description, status, type, generated_id, final_priority_score, created_at) VALUES (2461, 33, 'Raporlama modulu calismiyor - Mock Dev 12 - 15', 'Tasarim ekibi guncellemeyi talep etti.', 'ASSIGNED', 'ENTEGRASYON_SIKINTILARI', 'M-0461', 91.4, '2026-07-09 15:03:35');
INSERT INTO priorities_Sila (priority_ID, request_ID, company_points, product_mgr_score, software_mgr_score, priority_score) VALUES (2461, 2461, 78.5, 5, 5, 91.4);
INSERT INTO workflows_Sila (task_ID, request_ID, developer_ID, workflow_status, assigned_by_ID, assigned_at) VALUES (2461, 2461, 12, 'ASSIGNED', 1, '2026-07-09 16:03:35');
INSERT INTO request_notes_Sila (note_ID, request_ID, content, submitter_ID, is_internal, created_at) VALUES (2916, 2461, 'Mock not eklendi. Test amacli. (Note 0)', 1, TRUE, '2026-07-09 17:03:35');
INSERT INTO request_notes_Sila (note_ID, request_ID, content, submitter_ID, is_internal, created_at) VALUES (2917, 2461, 'Mock not eklendi. Test amacli. (Note 1)', 12, FALSE, '2026-07-09 18:03:35');
INSERT INTO requests_Sila (request_ID, creator_ID, title, description, status, type, generated_id, final_priority_score, created_at) VALUES (2462, 30, 'Veritabani baglanti hatasi - Mock Dev 12 - 16', 'Sistemin genelini etkileyen bir yavaslik soz konusu.', 'COMPLETED', 'DİĞER', 'M-0462', 70.3, '2026-06-21 15:03:35');
INSERT INTO priorities_Sila (priority_ID, request_ID, company_points, product_mgr_score, software_mgr_score, priority_score) VALUES (2462, 2462, 70.6, 4, 3, 70.3);
INSERT INTO workflows_Sila (task_ID, request_ID, developer_ID, workflow_status, assigned_by_ID, assigned_at, resolved_at) VALUES (2462, 2462, 12, 'RESOLVED', 1, '2026-06-21 16:03:35', '2026-06-23 16:03:35');
INSERT INTO request_notes_Sila (note_ID, request_ID, content, submitter_ID, is_internal, created_at) VALUES (2918, 2462, 'Mock not eklendi. Test amacli. (Note 0)', 12, FALSE, '2026-06-21 17:03:35');
INSERT INTO request_notes_Sila (note_ID, request_ID, content, submitter_ID, is_internal, created_at) VALUES (2919, 2462, 'Mock not eklendi. Test amacli. (Note 1)', 1, TRUE, '2026-06-21 18:03:35');
INSERT INTO request_notes_Sila (note_ID, request_ID, content, submitter_ID, is_internal, created_at) VALUES (2920, 2462, 'Mock not eklendi. Test amacli. (Note 2)', 12, TRUE, '2026-06-21 19:03:35');
INSERT INTO requests_Sila (request_ID, creator_ID, title, description, status, type, generated_id, final_priority_score, created_at) VALUES (2463, 30, 'Sayfa yuklenmiyor - Mock Dev 12 - 17', 'Veriler eksik geliyor, veritabani sorgusu optimize edilmeli.', 'COMPLETED', 'GELİŞTİRME', 'M-0463', 85.5, '2026-07-11 15:03:35');
INSERT INTO priorities_Sila (priority_ID, request_ID, company_points, product_mgr_score, software_mgr_score, priority_score) VALUES (2463, 2463, 78.7, 5, 4, 85.5);
INSERT INTO workflows_Sila (task_ID, request_ID, developer_ID, workflow_status, assigned_by_ID, assigned_at, resolved_at) VALUES (2463, 2463, 12, 'RESOLVED', 1, '2026-07-11 16:03:35', '2026-07-15 16:03:35');
INSERT INTO request_notes_Sila (note_ID, request_ID, content, submitter_ID, is_internal, created_at) VALUES (2921, 2463, 'Mock not eklendi. Test amacli. (Note 0)', 12, TRUE, '2026-07-11 17:03:35');
INSERT INTO requests_Sila (request_ID, creator_ID, title, description, status, type, generated_id, final_priority_score, created_at) VALUES (2464, 30, 'Kullanici girisi yavas - Mock Dev 12 - 18', 'Tasarim ekibi guncellemeyi talep etti.', 'COMPLETED', 'GELİŞTİRME', 'M-0464', 79.6, '2026-06-27 15:03:35');
INSERT INTO priorities_Sila (priority_ID, request_ID, company_points, product_mgr_score, software_mgr_score, priority_score) VALUES (2464, 2464, 79.0, 4, 4, 79.6);
INSERT INTO workflows_Sila (task_ID, request_ID, developer_ID, workflow_status, assigned_by_ID, assigned_at, resolved_at) VALUES (2464, 2464, 12, 'RESOLVED', 1, '2026-06-27 16:03:35', '2026-07-02 16:03:35');
INSERT INTO request_notes_Sila (note_ID, request_ID, content, submitter_ID, is_internal, created_at) VALUES (2922, 2464, 'Mock not eklendi. Test amacli. (Note 0)', 1, TRUE, '2026-06-27 17:03:35');
INSERT INTO request_notes_Sila (note_ID, request_ID, content, submitter_ID, is_internal, created_at) VALUES (2923, 2464, 'Mock not eklendi. Test amacli. (Note 1)', 1, FALSE, '2026-06-27 18:03:35');
INSERT INTO requests_Sila (request_ID, creator_ID, title, description, status, type, generated_id, final_priority_score, created_at) VALUES (2465, 30, 'Mobil uyumluluk sorunu - Mock Dev 12 - 19', 'Sistemin genelini etkileyen bir yavaslik soz konusu.', 'ASSIGNED', 'YENİ_ÖZELLİK_EKLEME', 'M-0465', 98.2, '2026-07-18 15:03:35');
INSERT INTO priorities_Sila (priority_ID, request_ID, company_points, product_mgr_score, software_mgr_score, priority_score) VALUES (2465, 2465, 95.5, 5, 5, 98.2);
INSERT INTO workflows_Sila (task_ID, request_ID, developer_ID, workflow_status, assigned_by_ID, assigned_at) VALUES (2465, 2465, 12, 'ASSIGNED', 1, '2026-07-18 16:03:35');
INSERT INTO request_notes_Sila (note_ID, request_ID, content, submitter_ID, is_internal, created_at) VALUES (2924, 2465, 'Mock not eklendi. Test amacli. (Note 0)', 12, TRUE, '2026-07-18 17:03:35');
INSERT INTO requests_Sila (request_ID, creator_ID, title, description, status, type, generated_id, final_priority_score, created_at) VALUES (2466, 31, 'Arayuzde kayma var - Mock Dev 12 - 20', 'Performans cok dusuk.', 'ASSIGNED', 'VERİ_KAYBI', 'M-0466', 83.2, '2026-07-10 15:03:35');
INSERT INTO priorities_Sila (priority_ID, request_ID, company_points, product_mgr_score, software_mgr_score, priority_score) VALUES (2466, 2466, 72.9, 5, 4, 83.2);
INSERT INTO workflows_Sila (task_ID, request_ID, developer_ID, workflow_status, assigned_by_ID, assigned_at) VALUES (2466, 2466, 12, 'ASSIGNED', 1, '2026-07-10 16:03:35');
INSERT INTO request_notes_Sila (note_ID, request_ID, content, submitter_ID, is_internal, created_at) VALUES (2925, 2466, 'Mock not eklendi. Test amacli. (Note 0)', 1, TRUE, '2026-07-10 17:03:35');
INSERT INTO request_notes_Sila (note_ID, request_ID, content, submitter_ID, is_internal, created_at) VALUES (2926, 2466, 'Mock not eklendi. Test amacli. (Note 1)', 12, TRUE, '2026-07-10 18:03:35');
INSERT INTO request_notes_Sila (note_ID, request_ID, content, submitter_ID, is_internal, created_at) VALUES (2927, 2466, 'Mock not eklendi. Test amacli. (Note 2)', 1, TRUE, '2026-07-10 19:03:35');
INSERT INTO requests_Sila (request_ID, creator_ID, title, description, status, type, generated_id, final_priority_score, created_at) VALUES (2467, 31, 'Raporlama modulu calismiyor - Mock Dev 12 - 21', 'Sistemin genelini etkileyen bir yavaslik soz konusu.', 'ASSIGNED', 'YENİ_ÖZELLİK_EKLEME', 'M-0467', 88.3, '2026-07-14 15:03:35');
INSERT INTO priorities_Sila (priority_ID, request_ID, company_points, product_mgr_score, software_mgr_score, priority_score) VALUES (2467, 2467, 70.7, 5, 5, 88.3);
INSERT INTO workflows_Sila (task_ID, request_ID, developer_ID, workflow_status, assigned_by_ID, assigned_at) VALUES (2467, 2467, 12, 'ASSIGNED', 1, '2026-07-14 16:03:35');
INSERT INTO request_notes_Sila (note_ID, request_ID, content, submitter_ID, is_internal, created_at) VALUES (2928, 2467, 'Mock not eklendi. Test amacli. (Note 0)', 12, TRUE, '2026-07-14 17:03:35');
INSERT INTO requests_Sila (request_ID, creator_ID, title, description, status, type, generated_id, final_priority_score, created_at) VALUES (2468, 30, 'Sifre sifirlama maili gelmiyor - Mock Dev 12 - 22', 'Test ortaminda calisiyor ama canlida hata veriyor.', 'COMPLETED', 'YENİ_ÖZELLİK_EKLEME', 'M-0468', 91.5, '2026-06-20 15:03:35');
INSERT INTO priorities_Sila (priority_ID, request_ID, company_points, product_mgr_score, software_mgr_score, priority_score) VALUES (2468, 2468, 93.7, 4, 5, 91.5);
INSERT INTO workflows_Sila (task_ID, request_ID, developer_ID, workflow_status, assigned_by_ID, assigned_at, resolved_at) VALUES (2468, 2468, 12, 'RESOLVED', 1, '2026-06-20 16:03:35', '2026-06-21 16:03:35');
INSERT INTO request_notes_Sila (note_ID, request_ID, content, submitter_ID, is_internal, created_at) VALUES (2929, 2468, 'Mock not eklendi. Test amacli. (Note 0)', 12, FALSE, '2026-06-20 17:03:35');
INSERT INTO request_notes_Sila (note_ID, request_ID, content, submitter_ID, is_internal, created_at) VALUES (2930, 2468, 'Mock not eklendi. Test amacli. (Note 1)', 1, TRUE, '2026-06-20 18:03:35');
INSERT INTO request_notes_Sila (note_ID, request_ID, content, submitter_ID, is_internal, created_at) VALUES (2931, 2468, 'Mock not eklendi. Test amacli. (Note 2)', 1, TRUE, '2026-06-20 19:03:35');
INSERT INTO requests_Sila (request_ID, creator_ID, title, description, status, type, generated_id, final_priority_score, created_at) VALUES (2469, 27, 'Arayuzde kayma var - Mock Dev 12 - 23', 'Dun yapilan guncellemeden sonra bozuldu.', 'ASSIGNED', 'ENTEGRASYON_SIKINTILARI', 'M-0469', 88.4, '2026-07-03 15:03:35');
INSERT INTO priorities_Sila (priority_ID, request_ID, company_points, product_mgr_score, software_mgr_score, priority_score) VALUES (2469, 2469, 86.1, 5, 4, 88.4);
INSERT INTO workflows_Sila (task_ID, request_ID, developer_ID, workflow_status, assigned_by_ID, assigned_at) VALUES (2469, 2469, 12, 'ASSIGNED', 1, '2026-07-03 16:03:35');
INSERT INTO request_notes_Sila (note_ID, request_ID, content, submitter_ID, is_internal, created_at) VALUES (2932, 2469, 'Mock not eklendi. Test amacli. (Note 0)', 1, FALSE, '2026-07-03 17:03:35');
INSERT INTO request_notes_Sila (note_ID, request_ID, content, submitter_ID, is_internal, created_at) VALUES (2933, 2469, 'Mock not eklendi. Test amacli. (Note 1)', 12, TRUE, '2026-07-03 18:03:35');
INSERT INTO request_notes_Sila (note_ID, request_ID, content, submitter_ID, is_internal, created_at) VALUES (2934, 2469, 'Mock not eklendi. Test amacli. (Note 2)', 12, FALSE, '2026-07-03 19:03:35');
INSERT INTO requests_Sila (request_ID, creator_ID, title, description, status, type, generated_id, final_priority_score, created_at) VALUES (2470, 32, 'Arayuzde kayma var - Mock Dev 12 - 24', 'Test ortaminda calisiyor ama canlida hata veriyor.', 'COMPLETED', 'VERİ_KAYBI', 'M-0470', 86.6, '2026-07-11 15:03:35');
INSERT INTO priorities_Sila (priority_ID, request_ID, company_points, product_mgr_score, software_mgr_score, priority_score) VALUES (2470, 2470, 81.6, 5, 4, 86.6);
INSERT INTO workflows_Sila (task_ID, request_ID, developer_ID, workflow_status, assigned_by_ID, assigned_at, resolved_at) VALUES (2470, 2470, 12, 'RESOLVED', 1, '2026-07-11 16:03:35', '2026-07-14 16:03:35');
INSERT INTO request_notes_Sila (note_ID, request_ID, content, submitter_ID, is_internal, created_at) VALUES (2935, 2470, 'Mock not eklendi. Test amacli. (Note 0)', 1, FALSE, '2026-07-11 17:03:35');
INSERT INTO request_notes_Sila (note_ID, request_ID, content, submitter_ID, is_internal, created_at) VALUES (2936, 2470, 'Mock not eklendi. Test amacli. (Note 1)', 1, FALSE, '2026-07-11 18:03:35');
INSERT INTO requests_Sila (request_ID, creator_ID, title, description, status, type, generated_id, final_priority_score, created_at) VALUES (2471, 31, 'Sifre sifirlama maili gelmiyor - Mock Dev 12 - 25', 'Dun yapilan guncellemeden sonra bozuldu.', 'ASSIGNED', 'BUG_DÜZELTME', 'M-0471', 83.7, '2026-06-29 15:03:35');
INSERT INTO priorities_Sila (priority_ID, request_ID, company_points, product_mgr_score, software_mgr_score, priority_score) VALUES (2471, 2471, 89.3, 5, 3, 83.7);
INSERT INTO workflows_Sila (task_ID, request_ID, developer_ID, workflow_status, assigned_by_ID, assigned_at) VALUES (2471, 2471, 12, 'ASSIGNED', 1, '2026-06-29 16:03:35');
INSERT INTO request_notes_Sila (note_ID, request_ID, content, submitter_ID, is_internal, created_at) VALUES (2937, 2471, 'Mock not eklendi. Test amacli. (Note 0)', 12, TRUE, '2026-06-29 17:03:35');
INSERT INTO request_notes_Sila (note_ID, request_ID, content, submitter_ID, is_internal, created_at) VALUES (2938, 2471, 'Mock not eklendi. Test amacli. (Note 1)', 1, FALSE, '2026-06-29 18:03:35');
INSERT INTO requests_Sila (request_ID, creator_ID, title, description, status, type, generated_id, final_priority_score, created_at) VALUES (2472, 34, 'Sifre sifirlama maili gelmiyor - Mock Dev 12 - 26', 'Veriler eksik geliyor, veritabani sorgusu optimize edilmeli.', 'ASSIGNED', 'GELİŞTİRME', 'M-0472', 86.1, '2026-07-11 15:03:35');
INSERT INTO priorities_Sila (priority_ID, request_ID, company_points, product_mgr_score, software_mgr_score, priority_score) VALUES (2472, 2472, 95.2, 4, 4, 86.1);
INSERT INTO workflows_Sila (task_ID, request_ID, developer_ID, workflow_status, assigned_by_ID, assigned_at) VALUES (2472, 2472, 12, 'ASSIGNED', 1, '2026-07-11 16:03:35');
INSERT INTO request_notes_Sila (note_ID, request_ID, content, submitter_ID, is_internal, created_at) VALUES (2939, 2472, 'Mock not eklendi. Test amacli. (Note 0)', 12, FALSE, '2026-07-11 17:03:35');
INSERT INTO request_notes_Sila (note_ID, request_ID, content, submitter_ID, is_internal, created_at) VALUES (2940, 2472, 'Mock not eklendi. Test amacli. (Note 1)', 12, TRUE, '2026-07-11 18:03:35');
INSERT INTO requests_Sila (request_ID, creator_ID, title, description, status, type, generated_id, final_priority_score, created_at) VALUES (2473, 35, 'Sayfa yuklenmiyor - Mock Dev 12 - 27', 'Test ortaminda calisiyor ama canlida hata veriyor.', 'ASSIGNED', 'GELİŞTİRME', 'M-0473', 93.4, '2026-07-04 15:03:35');
INSERT INTO priorities_Sila (priority_ID, request_ID, company_points, product_mgr_score, software_mgr_score, priority_score) VALUES (2473, 2473, 98.6, 4, 5, 93.4);
INSERT INTO workflows_Sila (task_ID, request_ID, developer_ID, workflow_status, assigned_by_ID, assigned_at) VALUES (2473, 2473, 12, 'ASSIGNED', 1, '2026-07-04 16:03:35');
INSERT INTO request_notes_Sila (note_ID, request_ID, content, submitter_ID, is_internal, created_at) VALUES (2941, 2473, 'Mock not eklendi. Test amacli. (Note 0)', 12, FALSE, '2026-07-04 17:03:35');
INSERT INTO requests_Sila (request_ID, creator_ID, title, description, status, type, generated_id, final_priority_score, created_at) VALUES (2474, 35, 'Raporlama modulu calismiyor - Mock Dev 12 - 28', 'Dun yapilan guncellemeden sonra bozuldu.', 'ASSIGNED', 'DİĞER', 'M-0474', 84.4, '2026-07-17 15:03:35');
INSERT INTO priorities_Sila (priority_ID, request_ID, company_points, product_mgr_score, software_mgr_score, priority_score) VALUES (2474, 2474, 75.9, 5, 4, 84.4);
INSERT INTO workflows_Sila (task_ID, request_ID, developer_ID, workflow_status, assigned_by_ID, assigned_at) VALUES (2474, 2474, 12, 'ASSIGNED', 1, '2026-07-17 16:03:35');
INSERT INTO request_notes_Sila (note_ID, request_ID, content, submitter_ID, is_internal, created_at) VALUES (2942, 2474, 'Mock not eklendi. Test amacli. (Note 0)', 1, TRUE, '2026-07-17 17:03:35');
INSERT INTO request_notes_Sila (note_ID, request_ID, content, submitter_ID, is_internal, created_at) VALUES (2943, 2474, 'Mock not eklendi. Test amacli. (Note 1)', 12, FALSE, '2026-07-17 18:03:35');
INSERT INTO request_notes_Sila (note_ID, request_ID, content, submitter_ID, is_internal, created_at) VALUES (2944, 2474, 'Mock not eklendi. Test amacli. (Note 2)', 12, FALSE, '2026-07-17 19:03:35');
INSERT INTO requests_Sila (request_ID, creator_ID, title, description, status, type, generated_id, final_priority_score, created_at) VALUES (2475, 29, 'Raporlama modulu calismiyor - Mock Dev 12 - 29', 'Musteriler bu sorundan sikayetci, acil bakilmasi gerekiyor.', 'ASSIGNED', 'DİĞER', 'M-0475', 77.6, '2026-06-26 15:03:35');
INSERT INTO priorities_Sila (priority_ID, request_ID, company_points, product_mgr_score, software_mgr_score, priority_score) VALUES (2475, 2475, 89.1, 3, 4, 77.6);
INSERT INTO workflows_Sila (task_ID, request_ID, developer_ID, workflow_status, assigned_by_ID, assigned_at) VALUES (2475, 2475, 12, 'ASSIGNED', 1, '2026-06-26 16:03:35');
INSERT INTO request_notes_Sila (note_ID, request_ID, content, submitter_ID, is_internal, created_at) VALUES (2945, 2475, 'Mock not eklendi. Test amacli. (Note 0)', 12, TRUE, '2026-06-26 17:03:35');
INSERT INTO requests_Sila (request_ID, creator_ID, title, description, status, type, generated_id, final_priority_score, created_at) VALUES (2476, 31, 'Veri kaybi yasaniyor - Mock Dev 12 - 30', 'Test ortaminda calisiyor ama canlida hata veriyor.', 'COMPLETED', 'YENİ_ÖZELLİK_EKLEME', 'M-0476', 75.0, '2026-06-25 15:03:35');
INSERT INTO priorities_Sila (priority_ID, request_ID, company_points, product_mgr_score, software_mgr_score, priority_score) VALUES (2476, 2476, 97.6, 3, 3, 75.0);
INSERT INTO workflows_Sila (task_ID, request_ID, developer_ID, workflow_status, assigned_by_ID, assigned_at, resolved_at) VALUES (2476, 2476, 12, 'RESOLVED', 1, '2026-06-25 16:03:35', '2026-06-30 16:03:35');
INSERT INTO request_notes_Sila (note_ID, request_ID, content, submitter_ID, is_internal, created_at) VALUES (2946, 2476, 'Mock not eklendi. Test amacli. (Note 0)', 1, TRUE, '2026-06-25 17:03:35');
INSERT INTO request_notes_Sila (note_ID, request_ID, content, submitter_ID, is_internal, created_at) VALUES (2947, 2476, 'Mock not eklendi. Test amacli. (Note 1)', 1, FALSE, '2026-06-25 18:03:35');
INSERT INTO request_notes_Sila (note_ID, request_ID, content, submitter_ID, is_internal, created_at) VALUES (2948, 2476, 'Mock not eklendi. Test amacli. (Note 2)', 1, TRUE, '2026-06-25 19:03:35');
INSERT INTO requests_Sila (request_ID, creator_ID, title, description, status, type, generated_id, final_priority_score, created_at) VALUES (2477, 32, 'Sayfa yuklenmiyor - Mock Dev 12 - 31', 'Loglarda NullPointerException gordum, ekteki dosyaya bakiniz.', 'ASSIGNED', 'YENİ_ÖZELLİK_EKLEME', 'M-0477', 67.8, '2026-07-12 15:03:35');
INSERT INTO priorities_Sila (priority_ID, request_ID, company_points, product_mgr_score, software_mgr_score, priority_score) VALUES (2477, 2477, 79.5, 3, 3, 67.8);
INSERT INTO workflows_Sila (task_ID, request_ID, developer_ID, workflow_status, assigned_by_ID, assigned_at) VALUES (2477, 2477, 12, 'ASSIGNED', 1, '2026-07-12 16:03:35');
INSERT INTO request_notes_Sila (note_ID, request_ID, content, submitter_ID, is_internal, created_at) VALUES (2949, 2477, 'Mock not eklendi. Test amacli. (Note 0)', 1, TRUE, '2026-07-12 17:03:35');
INSERT INTO requests_Sila (request_ID, creator_ID, title, description, status, type, generated_id, final_priority_score, created_at) VALUES (2478, 26, 'Sayfa yuklenmiyor - Mock Dev 12 - 32', 'Dun yapilan guncellemeden sonra bozuldu.', 'ASSIGNED', 'SİSTEM_ÇÖKÜŞÜ', 'M-0478', 81.6, '2026-06-30 15:03:35');
INSERT INTO priorities_Sila (priority_ID, request_ID, company_points, product_mgr_score, software_mgr_score, priority_score) VALUES (2478, 2478, 99.1, 4, 3, 81.6);
INSERT INTO workflows_Sila (task_ID, request_ID, developer_ID, workflow_status, assigned_by_ID, assigned_at) VALUES (2478, 2478, 12, 'ASSIGNED', 1, '2026-06-30 16:03:35');
INSERT INTO request_notes_Sila (note_ID, request_ID, content, submitter_ID, is_internal, created_at) VALUES (2950, 2478, 'Mock not eklendi. Test amacli. (Note 0)', 1, TRUE, '2026-06-30 17:03:35');
INSERT INTO requests_Sila (request_ID, creator_ID, title, description, status, type, generated_id, final_priority_score, created_at) VALUES (2479, 29, '500 Internal Server Error - Mock Dev 12 - 33', 'Performans cok dusuk.', 'ASSIGNED', 'DİĞER', 'M-0479', 79.0, '2026-06-30 15:03:35');
INSERT INTO priorities_Sila (priority_ID, request_ID, company_points, product_mgr_score, software_mgr_score, priority_score) VALUES (2479, 2479, 77.4, 5, 3, 79.0);
INSERT INTO workflows_Sila (task_ID, request_ID, developer_ID, workflow_status, assigned_by_ID, assigned_at) VALUES (2479, 2479, 12, 'ASSIGNED', 1, '2026-06-30 16:03:35');
INSERT INTO request_notes_Sila (note_ID, request_ID, content, submitter_ID, is_internal, created_at) VALUES (2951, 2479, 'Mock not eklendi. Test amacli. (Note 0)', 12, TRUE, '2026-06-30 17:03:35');
INSERT INTO request_notes_Sila (note_ID, request_ID, content, submitter_ID, is_internal, created_at) VALUES (2952, 2479, 'Mock not eklendi. Test amacli. (Note 1)', 12, TRUE, '2026-06-30 18:03:35');
INSERT INTO request_notes_Sila (note_ID, request_ID, content, submitter_ID, is_internal, created_at) VALUES (2953, 2479, 'Mock not eklendi. Test amacli. (Note 2)', 1, FALSE, '2026-06-30 19:03:35');
INSERT INTO requests_Sila (request_ID, creator_ID, title, description, status, type, generated_id, final_priority_score, created_at) VALUES (2480, 30, 'Kullanici girisi yavas - Mock Dev 12 - 34', 'Tasarim ekibi guncellemeyi talep etti.', 'ASSIGNED', 'BUG_DÜZELTME', 'M-0480', 81.0, '2026-07-02 15:03:35');
INSERT INTO priorities_Sila (priority_ID, request_ID, company_points, product_mgr_score, software_mgr_score, priority_score) VALUES (2480, 2480, 82.6, 3, 5, 81.0);
INSERT INTO workflows_Sila (task_ID, request_ID, developer_ID, workflow_status, assigned_by_ID, assigned_at) VALUES (2480, 2480, 12, 'ASSIGNED', 1, '2026-07-02 16:03:35');
INSERT INTO request_notes_Sila (note_ID, request_ID, content, submitter_ID, is_internal, created_at) VALUES (2954, 2480, 'Mock not eklendi. Test amacli. (Note 0)', 12, TRUE, '2026-07-02 17:03:35');
INSERT INTO requests_Sila (request_ID, creator_ID, title, description, status, type, generated_id, final_priority_score, created_at) VALUES (2481, 33, 'Yeni buton eklenmesi - Mock Dev 12 - 35', 'Test ortaminda calisiyor ama canlida hata veriyor.', 'ASSIGNED', 'DİĞER', 'M-0481', 90.8, '2026-07-18 15:03:35');
INSERT INTO priorities_Sila (priority_ID, request_ID, company_points, product_mgr_score, software_mgr_score, priority_score) VALUES (2481, 2481, 92.1, 5, 4, 90.8);
INSERT INTO workflows_Sila (task_ID, request_ID, developer_ID, workflow_status, assigned_by_ID, assigned_at) VALUES (2481, 2481, 12, 'ASSIGNED', 1, '2026-07-18 16:03:35');
INSERT INTO request_notes_Sila (note_ID, request_ID, content, submitter_ID, is_internal, created_at) VALUES (2955, 2481, 'Mock not eklendi. Test amacli. (Note 0)', 1, TRUE, '2026-07-18 17:03:35');
INSERT INTO request_notes_Sila (note_ID, request_ID, content, submitter_ID, is_internal, created_at) VALUES (2956, 2481, 'Mock not eklendi. Test amacli. (Note 1)', 1, TRUE, '2026-07-18 18:03:35');
INSERT INTO requests_Sila (request_ID, creator_ID, title, description, status, type, generated_id, final_priority_score, created_at) VALUES (2482, 34, 'Mobil uyumluluk sorunu - Mock Dev 12 - 36', 'Performans cok dusuk.', 'ASSIGNED', 'VERİ_KAYBI', 'M-0482', 82.7, '2026-06-25 15:03:35');
INSERT INTO priorities_Sila (priority_ID, request_ID, company_points, product_mgr_score, software_mgr_score, priority_score) VALUES (2482, 2482, 71.8, 5, 4, 82.7);
INSERT INTO workflows_Sila (task_ID, request_ID, developer_ID, workflow_status, assigned_by_ID, assigned_at) VALUES (2482, 2482, 12, 'ASSIGNED', 1, '2026-06-25 16:03:35');
INSERT INTO request_notes_Sila (note_ID, request_ID, content, submitter_ID, is_internal, created_at) VALUES (2957, 2482, 'Mock not eklendi. Test amacli. (Note 0)', 12, FALSE, '2026-06-25 17:03:35');
INSERT INTO request_notes_Sila (note_ID, request_ID, content, submitter_ID, is_internal, created_at) VALUES (2958, 2482, 'Mock not eklendi. Test amacli. (Note 1)', 12, TRUE, '2026-06-25 18:03:35');
INSERT INTO request_notes_Sila (note_ID, request_ID, content, submitter_ID, is_internal, created_at) VALUES (2959, 2482, 'Mock not eklendi. Test amacli. (Note 2)', 1, TRUE, '2026-06-25 19:03:35');
INSERT INTO requests_Sila (request_ID, creator_ID, title, description, status, type, generated_id, final_priority_score, created_at) VALUES (2483, 30, 'Sayfa yuklenmiyor - Mock Dev 12 - 37', 'Dun yapilan guncellemeden sonra bozuldu.', 'COMPLETED', 'YENİ_ÖZELLİK_EKLEME', 'M-0483', 69.7, '2026-07-09 15:03:35');
INSERT INTO priorities_Sila (priority_ID, request_ID, company_points, product_mgr_score, software_mgr_score, priority_score) VALUES (2483, 2483, 84.3, 3, 3, 69.7);
INSERT INTO workflows_Sila (task_ID, request_ID, developer_ID, workflow_status, assigned_by_ID, assigned_at, resolved_at) VALUES (2483, 2483, 12, 'RESOLVED', 1, '2026-07-09 16:03:35', '2026-07-11 16:03:35');
INSERT INTO request_notes_Sila (note_ID, request_ID, content, submitter_ID, is_internal, created_at) VALUES (2960, 2483, 'Mock not eklendi. Test amacli. (Note 0)', 12, FALSE, '2026-07-09 17:03:35');
INSERT INTO request_notes_Sila (note_ID, request_ID, content, submitter_ID, is_internal, created_at) VALUES (2961, 2483, 'Mock not eklendi. Test amacli. (Note 1)', 12, FALSE, '2026-07-09 18:03:35');
INSERT INTO requests_Sila (request_ID, creator_ID, title, description, status, type, generated_id, final_priority_score, created_at) VALUES (2484, 31, 'Arayuzde kayma var - Mock Dev 12 - 38', 'Tasarim ekibi guncellemeyi talep etti.', 'ASSIGNED', 'BUG_DÜZELTME', 'M-0484', 74.7, '2026-06-23 15:03:35');
INSERT INTO priorities_Sila (priority_ID, request_ID, company_points, product_mgr_score, software_mgr_score, priority_score) VALUES (2484, 2484, 81.8, 3, 4, 74.7);
INSERT INTO workflows_Sila (task_ID, request_ID, developer_ID, workflow_status, assigned_by_ID, assigned_at) VALUES (2484, 2484, 12, 'ASSIGNED', 1, '2026-06-23 16:03:35');
INSERT INTO request_notes_Sila (note_ID, request_ID, content, submitter_ID, is_internal, created_at) VALUES (2962, 2484, 'Mock not eklendi. Test amacli. (Note 0)', 1, FALSE, '2026-06-23 17:03:35');
INSERT INTO request_notes_Sila (note_ID, request_ID, content, submitter_ID, is_internal, created_at) VALUES (2963, 2484, 'Mock not eklendi. Test amacli. (Note 1)', 1, TRUE, '2026-06-23 18:03:35');
INSERT INTO request_notes_Sila (note_ID, request_ID, content, submitter_ID, is_internal, created_at) VALUES (2964, 2484, 'Mock not eklendi. Test amacli. (Note 2)', 1, FALSE, '2026-06-23 19:03:35');
INSERT INTO requests_Sila (request_ID, creator_ID, title, description, status, type, generated_id, final_priority_score, created_at) VALUES (2485, 33, 'Raporlama modulu calismiyor - Mock Dev 12 - 39', 'Veriler eksik geliyor, veritabani sorgusu optimize edilmeli.', 'ASSIGNED', 'SİSTEM_ÇÖKÜŞÜ', 'M-0485', 89.4, '2026-07-17 15:03:35');
INSERT INTO priorities_Sila (priority_ID, request_ID, company_points, product_mgr_score, software_mgr_score, priority_score) VALUES (2485, 2485, 88.6, 5, 4, 89.4);
INSERT INTO workflows_Sila (task_ID, request_ID, developer_ID, workflow_status, assigned_by_ID, assigned_at) VALUES (2485, 2485, 12, 'ASSIGNED', 1, '2026-07-17 16:03:35');
INSERT INTO request_notes_Sila (note_ID, request_ID, content, submitter_ID, is_internal, created_at) VALUES (2965, 2485, 'Mock not eklendi. Test amacli. (Note 0)', 1, TRUE, '2026-07-17 17:03:35');
INSERT INTO request_notes_Sila (note_ID, request_ID, content, submitter_ID, is_internal, created_at) VALUES (2966, 2485, 'Mock not eklendi. Test amacli. (Note 1)', 12, TRUE, '2026-07-17 18:03:35');
INSERT INTO requests_Sila (request_ID, creator_ID, title, description, status, type, generated_id, final_priority_score, created_at) VALUES (2486, 29, 'Raporlama modulu calismiyor - Mock Dev 12 - 40', 'Tasarim ekibi guncellemeyi talep etti.', 'COMPLETED', 'BUG_DÜZELTME', 'M-0486', 92.7, '2026-07-07 15:03:35');
INSERT INTO priorities_Sila (priority_ID, request_ID, company_points, product_mgr_score, software_mgr_score, priority_score) VALUES (2486, 2486, 81.8, 5, 5, 92.7);
INSERT INTO workflows_Sila (task_ID, request_ID, developer_ID, workflow_status, assigned_by_ID, assigned_at, resolved_at) VALUES (2486, 2486, 12, 'RESOLVED', 1, '2026-07-07 16:03:35', '2026-07-12 16:03:35');
INSERT INTO request_notes_Sila (note_ID, request_ID, content, submitter_ID, is_internal, created_at) VALUES (2967, 2486, 'Mock not eklendi. Test amacli. (Note 0)', 12, TRUE, '2026-07-07 17:03:35');
INSERT INTO request_notes_Sila (note_ID, request_ID, content, submitter_ID, is_internal, created_at) VALUES (2968, 2486, 'Mock not eklendi. Test amacli. (Note 1)', 12, FALSE, '2026-07-07 18:03:35');
INSERT INTO request_notes_Sila (note_ID, request_ID, content, submitter_ID, is_internal, created_at) VALUES (2969, 2486, 'Mock not eklendi. Test amacli. (Note 2)', 1, TRUE, '2026-07-07 19:03:35');
INSERT INTO requests_Sila (request_ID, creator_ID, title, description, status, type, generated_id, final_priority_score, created_at) VALUES (2487, 32, 'Raporlama modulu calismiyor - Mock Dev 12 - 41', 'Dun yapilan guncellemeden sonra bozuldu.', 'ASSIGNED', 'YENİ_ÖZELLİK_EKLEME', 'M-0487', 74.7, '2026-07-07 15:03:35');
INSERT INTO priorities_Sila (priority_ID, request_ID, company_points, product_mgr_score, software_mgr_score, priority_score) VALUES (2487, 2487, 81.9, 4, 3, 74.7);
INSERT INTO workflows_Sila (task_ID, request_ID, developer_ID, workflow_status, assigned_by_ID, assigned_at) VALUES (2487, 2487, 12, 'ASSIGNED', 1, '2026-07-07 16:03:35');
INSERT INTO request_notes_Sila (note_ID, request_ID, content, submitter_ID, is_internal, created_at) VALUES (2970, 2487, 'Mock not eklendi. Test amacli. (Note 0)', 12, FALSE, '2026-07-07 17:03:35');
INSERT INTO requests_Sila (request_ID, creator_ID, title, description, status, type, generated_id, final_priority_score, created_at) VALUES (2488, 33, 'Yeni buton eklenmesi - Mock Dev 12 - 42', 'Performans cok dusuk.', 'ASSIGNED', 'ENTEGRASYON_SIKINTILARI', 'M-0488', 80.0, '2026-07-14 15:03:35');
INSERT INTO priorities_Sila (priority_ID, request_ID, company_points, product_mgr_score, software_mgr_score, priority_score) VALUES (2488, 2488, 94.9, 4, 3, 80.0);
INSERT INTO workflows_Sila (task_ID, request_ID, developer_ID, workflow_status, assigned_by_ID, assigned_at) VALUES (2488, 2488, 12, 'ASSIGNED', 1, '2026-07-14 16:03:35');
INSERT INTO request_notes_Sila (note_ID, request_ID, content, submitter_ID, is_internal, created_at) VALUES (2971, 2488, 'Mock not eklendi. Test amacli. (Note 0)', 12, TRUE, '2026-07-14 17:03:35');
INSERT INTO request_notes_Sila (note_ID, request_ID, content, submitter_ID, is_internal, created_at) VALUES (2972, 2488, 'Mock not eklendi. Test amacli. (Note 1)', 12, FALSE, '2026-07-14 18:03:35');
INSERT INTO requests_Sila (request_ID, creator_ID, title, description, status, type, generated_id, final_priority_score, created_at) VALUES (2489, 31, 'Sifre sifirlama maili gelmiyor - Mock Dev 12 - 43', 'Dun yapilan guncellemeden sonra bozuldu.', 'ASSIGNED', 'ENTEGRASYON_SIKINTILARI', 'M-0489', 75.4, '2026-06-21 15:03:35');
INSERT INTO priorities_Sila (priority_ID, request_ID, company_points, product_mgr_score, software_mgr_score, priority_score) VALUES (2489, 2489, 83.5, 3, 4, 75.4);
INSERT INTO workflows_Sila (task_ID, request_ID, developer_ID, workflow_status, assigned_by_ID, assigned_at) VALUES (2489, 2489, 12, 'ASSIGNED', 1, '2026-06-21 16:03:35');
INSERT INTO request_notes_Sila (note_ID, request_ID, content, submitter_ID, is_internal, created_at) VALUES (2973, 2489, 'Mock not eklendi. Test amacli. (Note 0)', 12, TRUE, '2026-06-21 17:03:35');
INSERT INTO request_notes_Sila (note_ID, request_ID, content, submitter_ID, is_internal, created_at) VALUES (2974, 2489, 'Mock not eklendi. Test amacli. (Note 1)', 1, TRUE, '2026-06-21 18:03:35');
INSERT INTO requests_Sila (request_ID, creator_ID, title, description, status, type, generated_id, final_priority_score, created_at) VALUES (2490, 33, 'Veri kaybi yasaniyor - Mock Dev 12 - 44', 'Tasarim ekibi guncellemeyi talep etti.', 'COMPLETED', 'YENİ_ÖZELLİK_EKLEME', 'M-0490', 88.1, '2026-06-26 15:03:35');
INSERT INTO priorities_Sila (priority_ID, request_ID, company_points, product_mgr_score, software_mgr_score, priority_score) VALUES (2490, 2490, 85.4, 5, 4, 88.1);
INSERT INTO workflows_Sila (task_ID, request_ID, developer_ID, workflow_status, assigned_by_ID, assigned_at, resolved_at) VALUES (2490, 2490, 12, 'RESOLVED', 1, '2026-06-26 16:03:35', '2026-07-01 16:03:35');
INSERT INTO request_notes_Sila (note_ID, request_ID, content, submitter_ID, is_internal, created_at) VALUES (2975, 2490, 'Mock not eklendi. Test amacli. (Note 0)', 1, TRUE, '2026-06-26 17:03:35');
INSERT INTO request_notes_Sila (note_ID, request_ID, content, submitter_ID, is_internal, created_at) VALUES (2976, 2490, 'Mock not eklendi. Test amacli. (Note 1)', 12, TRUE, '2026-06-26 18:03:35');
INSERT INTO request_notes_Sila (note_ID, request_ID, content, submitter_ID, is_internal, created_at) VALUES (2977, 2490, 'Mock not eklendi. Test amacli. (Note 2)', 12, FALSE, '2026-06-26 19:03:35');
INSERT INTO requests_Sila (request_ID, creator_ID, title, description, status, type, generated_id, final_priority_score, created_at) VALUES (2491, 28, 'Sifre sifirlama maili gelmiyor - Mock Dev 12 - 45', 'Sistemin genelini etkileyen bir yavaslik soz konusu.', 'COMPLETED', 'DİĞER', 'M-0491', 90.2, '2026-07-16 15:03:35');
INSERT INTO priorities_Sila (priority_ID, request_ID, company_points, product_mgr_score, software_mgr_score, priority_score) VALUES (2491, 2491, 75.4, 5, 5, 90.2);
INSERT INTO workflows_Sila (task_ID, request_ID, developer_ID, workflow_status, assigned_by_ID, assigned_at, resolved_at) VALUES (2491, 2491, 12, 'RESOLVED', 1, '2026-07-16 16:03:35', '2026-07-18 16:03:35');
INSERT INTO request_notes_Sila (note_ID, request_ID, content, submitter_ID, is_internal, created_at) VALUES (2978, 2491, 'Mock not eklendi. Test amacli. (Note 0)', 1, FALSE, '2026-07-16 17:03:35');
INSERT INTO requests_Sila (request_ID, creator_ID, title, description, status, type, generated_id, final_priority_score, created_at) VALUES (2492, 26, 'Raporlama modulu calismiyor - Mock Dev 12 - 46', 'Musteriler bu sorundan sikayetci, acil bakilmasi gerekiyor.', 'ASSIGNED', 'YENİ_ÖZELLİK_EKLEME', 'M-0492', 71.4, '2026-07-18 15:03:35');
INSERT INTO priorities_Sila (priority_ID, request_ID, company_points, product_mgr_score, software_mgr_score, priority_score) VALUES (2492, 2492, 73.6, 4, 3, 71.4);
INSERT INTO workflows_Sila (task_ID, request_ID, developer_ID, workflow_status, assigned_by_ID, assigned_at) VALUES (2492, 2492, 12, 'ASSIGNED', 1, '2026-07-18 16:03:35');
INSERT INTO request_notes_Sila (note_ID, request_ID, content, submitter_ID, is_internal, created_at) VALUES (2979, 2492, 'Mock not eklendi. Test amacli. (Note 0)', 12, TRUE, '2026-07-18 17:03:35');
INSERT INTO request_notes_Sila (note_ID, request_ID, content, submitter_ID, is_internal, created_at) VALUES (2980, 2492, 'Mock not eklendi. Test amacli. (Note 1)', 12, TRUE, '2026-07-18 18:03:35');
INSERT INTO requests_Sila (request_ID, creator_ID, title, description, status, type, generated_id, final_priority_score, created_at) VALUES (2493, 27, 'Mobil uyumluluk sorunu - Mock Dev 12 - 47', 'Sistemin genelini etkileyen bir yavaslik soz konusu.', 'COMPLETED', 'GELİŞTİRME', 'M-0493', 64.5, '2026-07-02 15:03:35');
INSERT INTO priorities_Sila (priority_ID, request_ID, company_points, product_mgr_score, software_mgr_score, priority_score) VALUES (2493, 2493, 71.3, 3, 3, 64.5);
INSERT INTO workflows_Sila (task_ID, request_ID, developer_ID, workflow_status, assigned_by_ID, assigned_at, resolved_at) VALUES (2493, 2493, 12, 'RESOLVED', 1, '2026-07-02 16:03:35', '2026-07-05 16:03:35');
INSERT INTO request_notes_Sila (note_ID, request_ID, content, submitter_ID, is_internal, created_at) VALUES (2981, 2493, 'Mock not eklendi. Test amacli. (Note 0)', 1, TRUE, '2026-07-02 17:03:35');
INSERT INTO request_notes_Sila (note_ID, request_ID, content, submitter_ID, is_internal, created_at) VALUES (2982, 2493, 'Mock not eklendi. Test amacli. (Note 1)', 1, FALSE, '2026-07-02 18:03:35');
INSERT INTO request_notes_Sila (note_ID, request_ID, content, submitter_ID, is_internal, created_at) VALUES (2983, 2493, 'Mock not eklendi. Test amacli. (Note 2)', 12, TRUE, '2026-07-02 19:03:35');
INSERT INTO requests_Sila (request_ID, creator_ID, title, description, status, type, generated_id, final_priority_score, created_at) VALUES (2494, 30, 'Raporlama modulu calismiyor - Mock Dev 12 - 48', 'Loglarda NullPointerException gordum, ekteki dosyaya bakiniz.', 'ASSIGNED', 'ENTEGRASYON_SIKINTILARI', 'M-0494', 94.7, '2026-07-19 15:03:35');
INSERT INTO priorities_Sila (priority_ID, request_ID, company_points, product_mgr_score, software_mgr_score, priority_score) VALUES (2494, 2494, 86.8, 5, 5, 94.7);
INSERT INTO workflows_Sila (task_ID, request_ID, developer_ID, workflow_status, assigned_by_ID, assigned_at) VALUES (2494, 2494, 12, 'ASSIGNED', 1, '2026-07-19 16:03:35');
INSERT INTO request_notes_Sila (note_ID, request_ID, content, submitter_ID, is_internal, created_at) VALUES (2984, 2494, 'Mock not eklendi. Test amacli. (Note 0)', 12, TRUE, '2026-07-19 17:03:35');
INSERT INTO request_notes_Sila (note_ID, request_ID, content, submitter_ID, is_internal, created_at) VALUES (2985, 2494, 'Mock not eklendi. Test amacli. (Note 1)', 1, FALSE, '2026-07-19 18:03:35');
INSERT INTO requests_Sila (request_ID, creator_ID, title, description, status, type, generated_id, final_priority_score, created_at) VALUES (2495, 32, 'Veri kaybi yasaniyor - Mock Dev 12 - 49', 'Musteriler bu sorundan sikayetci, acil bakilmasi gerekiyor.', 'ASSIGNED', 'YENİ_ÖZELLİK_EKLEME', 'M-0495', 85.5, '2026-07-15 15:03:35');
INSERT INTO priorities_Sila (priority_ID, request_ID, company_points, product_mgr_score, software_mgr_score, priority_score) VALUES (2495, 2495, 93.7, 3, 5, 85.5);
INSERT INTO workflows_Sila (task_ID, request_ID, developer_ID, workflow_status, assigned_by_ID, assigned_at) VALUES (2495, 2495, 12, 'ASSIGNED', 1, '2026-07-15 16:03:35');
INSERT INTO request_notes_Sila (note_ID, request_ID, content, submitter_ID, is_internal, created_at) VALUES (2986, 2495, 'Mock not eklendi. Test amacli. (Note 0)', 12, TRUE, '2026-07-15 17:03:35');
INSERT INTO request_notes_Sila (note_ID, request_ID, content, submitter_ID, is_internal, created_at) VALUES (2987, 2495, 'Mock not eklendi. Test amacli. (Note 1)', 12, FALSE, '2026-07-15 18:03:35');
INSERT INTO request_notes_Sila (note_ID, request_ID, content, submitter_ID, is_internal, created_at) VALUES (2988, 2495, 'Mock not eklendi. Test amacli. (Note 2)', 1, FALSE, '2026-07-15 19:03:35');
INSERT INTO requests_Sila (request_ID, creator_ID, title, description, status, type, generated_id, final_priority_score, created_at) VALUES (2496, 32, '500 Internal Server Error - Mock Dev 12 - 50', 'Tasarim ekibi guncellemeyi talep etti.', 'ASSIGNED', 'SİSTEM_ÇÖKÜŞÜ', 'M-0496', 65.9, '2026-06-25 15:03:35');
INSERT INTO priorities_Sila (priority_ID, request_ID, company_points, product_mgr_score, software_mgr_score, priority_score) VALUES (2496, 2496, 74.8, 3, 3, 65.9);
INSERT INTO workflows_Sila (task_ID, request_ID, developer_ID, workflow_status, assigned_by_ID, assigned_at) VALUES (2496, 2496, 12, 'ASSIGNED', 1, '2026-06-25 16:03:35');
INSERT INTO request_notes_Sila (note_ID, request_ID, content, submitter_ID, is_internal, created_at) VALUES (2989, 2496, 'Mock not eklendi. Test amacli. (Note 0)', 12, TRUE, '2026-06-25 17:03:35');
INSERT INTO requests_Sila (request_ID, creator_ID, title, description, status, type, generated_id, final_priority_score, created_at) VALUES (2497, 31, 'Kullanici girisi yavas - Mock Dev 12 - 51', 'Sistemin genelini etkileyen bir yavaslik soz konusu.', 'ASSIGNED', 'DİĞER', 'M-0497', 85.0, '2026-06-27 15:03:35');
INSERT INTO priorities_Sila (priority_ID, request_ID, company_points, product_mgr_score, software_mgr_score, priority_score) VALUES (2497, 2497, 92.5, 4, 4, 85.0);
INSERT INTO workflows_Sila (task_ID, request_ID, developer_ID, workflow_status, assigned_by_ID, assigned_at) VALUES (2497, 2497, 12, 'ASSIGNED', 1, '2026-06-27 16:03:35');
INSERT INTO request_notes_Sila (note_ID, request_ID, content, submitter_ID, is_internal, created_at) VALUES (2990, 2497, 'Mock not eklendi. Test amacli. (Note 0)', 12, TRUE, '2026-06-27 17:03:35');
INSERT INTO request_notes_Sila (note_ID, request_ID, content, submitter_ID, is_internal, created_at) VALUES (2991, 2497, 'Mock not eklendi. Test amacli. (Note 1)', 1, TRUE, '2026-06-27 18:03:35');
INSERT INTO request_notes_Sila (note_ID, request_ID, content, submitter_ID, is_internal, created_at) VALUES (2992, 2497, 'Mock not eklendi. Test amacli. (Note 2)', 1, TRUE, '2026-06-27 19:03:35');
INSERT INTO requests_Sila (request_ID, creator_ID, title, description, status, type, generated_id, final_priority_score, created_at) VALUES (2498, 31, 'Arayuzde kayma var - Mock Dev 12 - 52', 'Tasarim ekibi guncellemeyi talep etti.', 'COMPLETED', 'ENTEGRASYON_SIKINTILARI', 'M-0498', 81.2, '2026-07-07 15:03:35');
INSERT INTO priorities_Sila (priority_ID, request_ID, company_points, product_mgr_score, software_mgr_score, priority_score) VALUES (2498, 2498, 97.9, 3, 4, 81.2);
INSERT INTO workflows_Sila (task_ID, request_ID, developer_ID, workflow_status, assigned_by_ID, assigned_at, resolved_at) VALUES (2498, 2498, 12, 'RESOLVED', 1, '2026-07-07 16:03:35', '2026-07-09 16:03:35');
INSERT INTO request_notes_Sila (note_ID, request_ID, content, submitter_ID, is_internal, created_at) VALUES (2993, 2498, 'Mock not eklendi. Test amacli. (Note 0)', 12, TRUE, '2026-07-07 17:03:35');
INSERT INTO requests_Sila (request_ID, creator_ID, title, description, status, type, generated_id, final_priority_score, created_at) VALUES (2499, 26, 'Raporlama modulu calismiyor - Mock Dev 12 - 53', 'Loglarda NullPointerException gordum, ekteki dosyaya bakiniz.', 'ASSIGNED', 'VERİ_KAYBI', 'M-0499', 84.9, '2026-07-12 15:03:35');
INSERT INTO priorities_Sila (priority_ID, request_ID, company_points, product_mgr_score, software_mgr_score, priority_score) VALUES (2499, 2499, 92.4, 3, 5, 84.9);
INSERT INTO workflows_Sila (task_ID, request_ID, developer_ID, workflow_status, assigned_by_ID, assigned_at) VALUES (2499, 2499, 12, 'ASSIGNED', 1, '2026-07-12 16:03:35');
INSERT INTO request_notes_Sila (note_ID, request_ID, content, submitter_ID, is_internal, created_at) VALUES (2994, 2499, 'Mock not eklendi. Test amacli. (Note 0)', 12, TRUE, '2026-07-12 17:03:35');
INSERT INTO request_notes_Sila (note_ID, request_ID, content, submitter_ID, is_internal, created_at) VALUES (2995, 2499, 'Mock not eklendi. Test amacli. (Note 1)', 12, FALSE, '2026-07-12 18:03:35');
INSERT INTO request_notes_Sila (note_ID, request_ID, content, submitter_ID, is_internal, created_at) VALUES (2996, 2499, 'Mock not eklendi. Test amacli. (Note 2)', 1, TRUE, '2026-07-12 19:03:35');
INSERT INTO requests_Sila (request_ID, creator_ID, title, description, status, type, generated_id, final_priority_score, created_at) VALUES (2500, 31, 'Veri kaybi yasaniyor - Mock Dev 12 - 54', 'Tasarim ekibi guncellemeyi talep etti.', 'COMPLETED', 'DİĞER', 'M-0500', 68.2, '2026-07-08 15:03:35');
INSERT INTO priorities_Sila (priority_ID, request_ID, company_points, product_mgr_score, software_mgr_score, priority_score) VALUES (2500, 2500, 80.6, 3, 3, 68.2);
INSERT INTO workflows_Sila (task_ID, request_ID, developer_ID, workflow_status, assigned_by_ID, assigned_at, resolved_at) VALUES (2500, 2500, 12, 'RESOLVED', 1, '2026-07-08 16:03:35', '2026-07-09 16:03:35');
INSERT INTO request_notes_Sila (note_ID, request_ID, content, submitter_ID, is_internal, created_at) VALUES (2997, 2500, 'Mock not eklendi. Test amacli. (Note 0)', 1, FALSE, '2026-07-08 17:03:35');
INSERT INTO request_notes_Sila (note_ID, request_ID, content, submitter_ID, is_internal, created_at) VALUES (2998, 2500, 'Mock not eklendi. Test amacli. (Note 1)', 12, TRUE, '2026-07-08 18:03:35');
INSERT INTO requests_Sila (request_ID, creator_ID, title, description, status, type, generated_id, final_priority_score, created_at) VALUES (2501, 35, 'Sayfa yuklenmiyor - Mock Dev 12 - 55', 'Loglarda NullPointerException gordum, ekteki dosyaya bakiniz.', 'COMPLETED', 'GELİŞTİRME', 'M-0501', 66.2, '2026-06-22 15:03:35');
INSERT INTO priorities_Sila (priority_ID, request_ID, company_points, product_mgr_score, software_mgr_score, priority_score) VALUES (2501, 2501, 75.5, 3, 3, 66.2);
INSERT INTO workflows_Sila (task_ID, request_ID, developer_ID, workflow_status, assigned_by_ID, assigned_at, resolved_at) VALUES (2501, 2501, 12, 'RESOLVED', 1, '2026-06-22 16:03:35', '2026-06-23 16:03:35');
INSERT INTO request_notes_Sila (note_ID, request_ID, content, submitter_ID, is_internal, created_at) VALUES (2999, 2501, 'Mock not eklendi. Test amacli. (Note 0)', 12, FALSE, '2026-06-22 17:03:35');
INSERT INTO requests_Sila (request_ID, creator_ID, title, description, status, type, generated_id, final_priority_score, created_at) VALUES (2502, 32, 'Veritabani baglanti hatasi - Mock Dev 12 - 56', 'Sistemin genelini etkileyen bir yavaslik soz konusu.', 'ASSIGNED', 'DİĞER', 'M-0502', 68.6, '2026-06-27 15:03:35');
INSERT INTO priorities_Sila (priority_ID, request_ID, company_points, product_mgr_score, software_mgr_score, priority_score) VALUES (2502, 2502, 81.4, 3, 3, 68.6);
INSERT INTO workflows_Sila (task_ID, request_ID, developer_ID, workflow_status, assigned_by_ID, assigned_at) VALUES (2502, 2502, 12, 'ASSIGNED', 1, '2026-06-27 16:03:35');
INSERT INTO request_notes_Sila (note_ID, request_ID, content, submitter_ID, is_internal, created_at) VALUES (3000, 2502, 'Mock not eklendi. Test amacli. (Note 0)', 1, TRUE, '2026-06-27 17:03:35');
INSERT INTO requests_Sila (request_ID, creator_ID, title, description, status, type, generated_id, final_priority_score, created_at) VALUES (2503, 31, 'Veri kaybi yasaniyor - Mock Dev 13 - 0', 'Loglarda NullPointerException gordum, ekteki dosyaya bakiniz.', 'COMPLETED', 'BUG_DÜZELTME', 'M-0503', 64.1, '2026-06-28 15:03:35');
INSERT INTO priorities_Sila (priority_ID, request_ID, company_points, product_mgr_score, software_mgr_score, priority_score) VALUES (2503, 2503, 70.3, 3, 3, 64.1);
INSERT INTO workflows_Sila (task_ID, request_ID, developer_ID, workflow_status, assigned_by_ID, assigned_at, resolved_at) VALUES (2503, 2503, 13, 'RESOLVED', 1, '2026-06-28 16:03:35', '2026-06-30 16:03:35');
INSERT INTO request_notes_Sila (note_ID, request_ID, content, submitter_ID, is_internal, created_at) VALUES (3001, 2503, 'Mock not eklendi. Test amacli. (Note 0)', 1, TRUE, '2026-06-28 17:03:35');
INSERT INTO requests_Sila (request_ID, creator_ID, title, description, status, type, generated_id, final_priority_score, created_at) VALUES (2504, 31, 'Kullanici girisi yavas - Mock Dev 13 - 1', 'Sistemin genelini etkileyen bir yavaslik soz konusu.', 'ASSIGNED', 'YENİ_ÖZELLİK_EKLEME', 'M-0504', 86.1, '2026-06-29 15:03:35');
INSERT INTO priorities_Sila (priority_ID, request_ID, company_points, product_mgr_score, software_mgr_score, priority_score) VALUES (2504, 2504, 80.2, 5, 4, 86.1);
INSERT INTO workflows_Sila (task_ID, request_ID, developer_ID, workflow_status, assigned_by_ID, assigned_at) VALUES (2504, 2504, 13, 'ASSIGNED', 1, '2026-06-29 16:03:35');
INSERT INTO request_notes_Sila (note_ID, request_ID, content, submitter_ID, is_internal, created_at) VALUES (3002, 2504, 'Mock not eklendi. Test amacli. (Note 0)', 13, TRUE, '2026-06-29 17:03:35');
INSERT INTO request_notes_Sila (note_ID, request_ID, content, submitter_ID, is_internal, created_at) VALUES (3003, 2504, 'Mock not eklendi. Test amacli. (Note 1)', 13, FALSE, '2026-06-29 18:03:35');
INSERT INTO request_notes_Sila (note_ID, request_ID, content, submitter_ID, is_internal, created_at) VALUES (3004, 2504, 'Mock not eklendi. Test amacli. (Note 2)', 1, FALSE, '2026-06-29 19:03:35');
INSERT INTO requests_Sila (request_ID, creator_ID, title, description, status, type, generated_id, final_priority_score, created_at) VALUES (2505, 28, 'Raporlama modulu calismiyor - Mock Dev 13 - 2', 'Loglarda NullPointerException gordum, ekteki dosyaya bakiniz.', 'ASSIGNED', 'VERİ_KAYBI', 'M-0505', 81.7, '2026-06-27 15:03:35');
INSERT INTO priorities_Sila (priority_ID, request_ID, company_points, product_mgr_score, software_mgr_score, priority_score) VALUES (2505, 2505, 99.2, 4, 3, 81.7);
INSERT INTO workflows_Sila (task_ID, request_ID, developer_ID, workflow_status, assigned_by_ID, assigned_at) VALUES (2505, 2505, 13, 'ASSIGNED', 1, '2026-06-27 16:03:35');
INSERT INTO request_notes_Sila (note_ID, request_ID, content, submitter_ID, is_internal, created_at) VALUES (3005, 2505, 'Mock not eklendi. Test amacli. (Note 0)', 13, FALSE, '2026-06-27 17:03:35');
INSERT INTO requests_Sila (request_ID, creator_ID, title, description, status, type, generated_id, final_priority_score, created_at) VALUES (2506, 33, 'Kullanici girisi yavas - Mock Dev 13 - 3', 'Tasarim ekibi guncellemeyi talep etti.', 'ASSIGNED', 'VERİ_KAYBI', 'M-0506', 64.6, '2026-06-24 15:03:35');
INSERT INTO priorities_Sila (priority_ID, request_ID, company_points, product_mgr_score, software_mgr_score, priority_score) VALUES (2506, 2506, 71.6, 3, 3, 64.6);
INSERT INTO workflows_Sila (task_ID, request_ID, developer_ID, workflow_status, assigned_by_ID, assigned_at) VALUES (2506, 2506, 13, 'ASSIGNED', 1, '2026-06-24 16:03:35');
INSERT INTO request_notes_Sila (note_ID, request_ID, content, submitter_ID, is_internal, created_at) VALUES (3006, 2506, 'Mock not eklendi. Test amacli. (Note 0)', 13, FALSE, '2026-06-24 17:03:35');
INSERT INTO request_notes_Sila (note_ID, request_ID, content, submitter_ID, is_internal, created_at) VALUES (3007, 2506, 'Mock not eklendi. Test amacli. (Note 1)', 1, TRUE, '2026-06-24 18:03:35');
INSERT INTO request_notes_Sila (note_ID, request_ID, content, submitter_ID, is_internal, created_at) VALUES (3008, 2506, 'Mock not eklendi. Test amacli. (Note 2)', 13, TRUE, '2026-06-24 19:03:35');
INSERT INTO requests_Sila (request_ID, creator_ID, title, description, status, type, generated_id, final_priority_score, created_at) VALUES (2507, 33, '500 Internal Server Error - Mock Dev 13 - 4', 'Sistemin genelini etkileyen bir yavaslik soz konusu.', 'ASSIGNED', 'DİĞER', 'M-0507', 74.6, '2026-06-21 15:03:35');
INSERT INTO priorities_Sila (priority_ID, request_ID, company_points, product_mgr_score, software_mgr_score, priority_score) VALUES (2507, 2507, 81.5, 3, 4, 74.6);
INSERT INTO workflows_Sila (task_ID, request_ID, developer_ID, workflow_status, assigned_by_ID, assigned_at) VALUES (2507, 2507, 13, 'ASSIGNED', 1, '2026-06-21 16:03:35');
INSERT INTO request_notes_Sila (note_ID, request_ID, content, submitter_ID, is_internal, created_at) VALUES (3009, 2507, 'Mock not eklendi. Test amacli. (Note 0)', 13, TRUE, '2026-06-21 17:03:35');
INSERT INTO request_notes_Sila (note_ID, request_ID, content, submitter_ID, is_internal, created_at) VALUES (3010, 2507, 'Mock not eklendi. Test amacli. (Note 1)', 13, TRUE, '2026-06-21 18:03:35');
INSERT INTO request_notes_Sila (note_ID, request_ID, content, submitter_ID, is_internal, created_at) VALUES (3011, 2507, 'Mock not eklendi. Test amacli. (Note 2)', 1, FALSE, '2026-06-21 19:03:35');
INSERT INTO requests_Sila (request_ID, creator_ID, title, description, status, type, generated_id, final_priority_score, created_at) VALUES (2508, 27, 'Veri kaybi yasaniyor - Mock Dev 13 - 5', 'Veriler eksik geliyor, veritabani sorgusu optimize edilmeli.', 'COMPLETED', 'DİĞER', 'M-0508', 78.5, '2026-06-22 15:03:35');
INSERT INTO priorities_Sila (priority_ID, request_ID, company_points, product_mgr_score, software_mgr_score, priority_score) VALUES (2508, 2508, 91.1, 3, 4, 78.5);
INSERT INTO workflows_Sila (task_ID, request_ID, developer_ID, workflow_status, assigned_by_ID, assigned_at, resolved_at) VALUES (2508, 2508, 13, 'RESOLVED', 1, '2026-06-22 16:03:35', '2026-06-27 16:03:35');
INSERT INTO request_notes_Sila (note_ID, request_ID, content, submitter_ID, is_internal, created_at) VALUES (3012, 2508, 'Mock not eklendi. Test amacli. (Note 0)', 13, TRUE, '2026-06-22 17:03:35');
INSERT INTO requests_Sila (request_ID, creator_ID, title, description, status, type, generated_id, final_priority_score, created_at) VALUES (2509, 34, 'Veritabani baglanti hatasi - Mock Dev 13 - 6', 'Musteriler bu sorundan sikayetci, acil bakilmasi gerekiyor.', 'COMPLETED', 'VERİ_KAYBI', 'M-0509', 90.2, '2026-07-12 15:03:35');
INSERT INTO priorities_Sila (priority_ID, request_ID, company_points, product_mgr_score, software_mgr_score, priority_score) VALUES (2509, 2509, 75.4, 5, 5, 90.2);
INSERT INTO workflows_Sila (task_ID, request_ID, developer_ID, workflow_status, assigned_by_ID, assigned_at, resolved_at) VALUES (2509, 2509, 13, 'RESOLVED', 1, '2026-07-12 16:03:35', '2026-07-15 16:03:35');
INSERT INTO request_notes_Sila (note_ID, request_ID, content, submitter_ID, is_internal, created_at) VALUES (3013, 2509, 'Mock not eklendi. Test amacli. (Note 0)', 13, FALSE, '2026-07-12 17:03:35');
INSERT INTO request_notes_Sila (note_ID, request_ID, content, submitter_ID, is_internal, created_at) VALUES (3014, 2509, 'Mock not eklendi. Test amacli. (Note 1)', 1, TRUE, '2026-07-12 18:03:35');
INSERT INTO requests_Sila (request_ID, creator_ID, title, description, status, type, generated_id, final_priority_score, created_at) VALUES (2510, 28, 'Mobil uyumluluk sorunu - Mock Dev 13 - 7', 'Sistemin genelini etkileyen bir yavaslik soz konusu.', 'COMPLETED', 'GELİŞTİRME', 'M-0510', 82.7, '2026-07-09 15:03:35');
INSERT INTO priorities_Sila (priority_ID, request_ID, company_points, product_mgr_score, software_mgr_score, priority_score) VALUES (2510, 2510, 71.8, 5, 4, 82.7);
INSERT INTO workflows_Sila (task_ID, request_ID, developer_ID, workflow_status, assigned_by_ID, assigned_at, resolved_at) VALUES (2510, 2510, 13, 'RESOLVED', 1, '2026-07-09 16:03:35', '2026-07-13 16:03:35');
INSERT INTO request_notes_Sila (note_ID, request_ID, content, submitter_ID, is_internal, created_at) VALUES (3015, 2510, 'Mock not eklendi. Test amacli. (Note 0)', 13, FALSE, '2026-07-09 17:03:35');
INSERT INTO request_notes_Sila (note_ID, request_ID, content, submitter_ID, is_internal, created_at) VALUES (3016, 2510, 'Mock not eklendi. Test amacli. (Note 1)', 13, FALSE, '2026-07-09 18:03:35');
INSERT INTO requests_Sila (request_ID, creator_ID, title, description, status, type, generated_id, final_priority_score, created_at) VALUES (2511, 32, 'Veri kaybi yasaniyor - Mock Dev 13 - 8', 'Dun yapilan guncellemeden sonra bozuldu.', 'ASSIGNED', 'VERİ_KAYBI', 'M-0511', 84.6, '2026-07-13 15:03:35');
INSERT INTO priorities_Sila (priority_ID, request_ID, company_points, product_mgr_score, software_mgr_score, priority_score) VALUES (2511, 2511, 91.5, 3, 5, 84.6);
INSERT INTO workflows_Sila (task_ID, request_ID, developer_ID, workflow_status, assigned_by_ID, assigned_at) VALUES (2511, 2511, 13, 'ASSIGNED', 1, '2026-07-13 16:03:35');
INSERT INTO request_notes_Sila (note_ID, request_ID, content, submitter_ID, is_internal, created_at) VALUES (3017, 2511, 'Mock not eklendi. Test amacli. (Note 0)', 1, FALSE, '2026-07-13 17:03:35');
INSERT INTO request_notes_Sila (note_ID, request_ID, content, submitter_ID, is_internal, created_at) VALUES (3018, 2511, 'Mock not eklendi. Test amacli. (Note 1)', 1, TRUE, '2026-07-13 18:03:35');
INSERT INTO requests_Sila (request_ID, creator_ID, title, description, status, type, generated_id, final_priority_score, created_at) VALUES (2512, 35, 'Arayuzde kayma var - Mock Dev 13 - 9', 'Dun yapilan guncellemeden sonra bozuldu.', 'COMPLETED', 'SİSTEM_ÇÖKÜŞÜ', 'M-0512', 75.5, '2026-07-12 15:03:35');
INSERT INTO priorities_Sila (priority_ID, request_ID, company_points, product_mgr_score, software_mgr_score, priority_score) VALUES (2512, 2512, 83.7, 3, 4, 75.5);
INSERT INTO workflows_Sila (task_ID, request_ID, developer_ID, workflow_status, assigned_by_ID, assigned_at, resolved_at) VALUES (2512, 2512, 13, 'RESOLVED', 1, '2026-07-12 16:03:35', '2026-07-15 16:03:35');
INSERT INTO request_notes_Sila (note_ID, request_ID, content, submitter_ID, is_internal, created_at) VALUES (3019, 2512, 'Mock not eklendi. Test amacli. (Note 0)', 1, TRUE, '2026-07-12 17:03:35');
INSERT INTO request_notes_Sila (note_ID, request_ID, content, submitter_ID, is_internal, created_at) VALUES (3020, 2512, 'Mock not eklendi. Test amacli. (Note 1)', 13, TRUE, '2026-07-12 18:03:35');
INSERT INTO requests_Sila (request_ID, creator_ID, title, description, status, type, generated_id, final_priority_score, created_at) VALUES (2513, 33, 'Sayfa yuklenmiyor - Mock Dev 13 - 10', 'Test ortaminda calisiyor ama canlida hata veriyor.', 'ASSIGNED', 'VERİ_KAYBI', 'M-0513', 83.4, '2026-06-23 15:03:35');
INSERT INTO priorities_Sila (priority_ID, request_ID, company_points, product_mgr_score, software_mgr_score, priority_score) VALUES (2513, 2513, 88.4, 4, 4, 83.4);
INSERT INTO workflows_Sila (task_ID, request_ID, developer_ID, workflow_status, assigned_by_ID, assigned_at) VALUES (2513, 2513, 13, 'ASSIGNED', 1, '2026-06-23 16:03:35');
INSERT INTO request_notes_Sila (note_ID, request_ID, content, submitter_ID, is_internal, created_at) VALUES (3021, 2513, 'Mock not eklendi. Test amacli. (Note 0)', 13, TRUE, '2026-06-23 17:03:35');
INSERT INTO requests_Sila (request_ID, creator_ID, title, description, status, type, generated_id, final_priority_score, created_at) VALUES (2514, 27, 'Sayfa yuklenmiyor - Mock Dev 13 - 11', 'Performans cok dusuk.', 'COMPLETED', 'ENTEGRASYON_SIKINTILARI', 'M-0514', 92.5, '2026-07-09 15:03:35');
INSERT INTO priorities_Sila (priority_ID, request_ID, company_points, product_mgr_score, software_mgr_score, priority_score) VALUES (2514, 2514, 96.2, 5, 4, 92.5);
INSERT INTO workflows_Sila (task_ID, request_ID, developer_ID, workflow_status, assigned_by_ID, assigned_at, resolved_at) VALUES (2514, 2514, 13, 'RESOLVED', 1, '2026-07-09 16:03:35', '2026-07-13 16:03:35');
INSERT INTO request_notes_Sila (note_ID, request_ID, content, submitter_ID, is_internal, created_at) VALUES (3022, 2514, 'Mock not eklendi. Test amacli. (Note 0)', 1, FALSE, '2026-07-09 17:03:35');
INSERT INTO request_notes_Sila (note_ID, request_ID, content, submitter_ID, is_internal, created_at) VALUES (3023, 2514, 'Mock not eklendi. Test amacli. (Note 1)', 1, FALSE, '2026-07-09 18:03:35');
INSERT INTO requests_Sila (request_ID, creator_ID, title, description, status, type, generated_id, final_priority_score, created_at) VALUES (2515, 32, 'Kullanici girisi yavas - Mock Dev 13 - 12', 'Musteriler bu sorundan sikayetci, acil bakilmasi gerekiyor.', 'ASSIGNED', 'GELİŞTİRME', 'M-0515', 85.1, '2026-07-04 15:03:35');
INSERT INTO priorities_Sila (priority_ID, request_ID, company_points, product_mgr_score, software_mgr_score, priority_score) VALUES (2515, 2515, 92.8, 3, 5, 85.1);
INSERT INTO workflows_Sila (task_ID, request_ID, developer_ID, workflow_status, assigned_by_ID, assigned_at) VALUES (2515, 2515, 13, 'ASSIGNED', 1, '2026-07-04 16:03:35');
INSERT INTO request_notes_Sila (note_ID, request_ID, content, submitter_ID, is_internal, created_at) VALUES (3024, 2515, 'Mock not eklendi. Test amacli. (Note 0)', 1, TRUE, '2026-07-04 17:03:35');
INSERT INTO requests_Sila (request_ID, creator_ID, title, description, status, type, generated_id, final_priority_score, created_at) VALUES (2516, 31, 'Sifre sifirlama maili gelmiyor - Mock Dev 13 - 13', 'Musteriler bu sorundan sikayetci, acil bakilmasi gerekiyor.', 'COMPLETED', 'DİĞER', 'M-0516', 91.8, '2026-07-16 15:03:35');
INSERT INTO priorities_Sila (priority_ID, request_ID, company_points, product_mgr_score, software_mgr_score, priority_score) VALUES (2516, 2516, 79.5, 5, 5, 91.8);
INSERT INTO workflows_Sila (task_ID, request_ID, developer_ID, workflow_status, assigned_by_ID, assigned_at, resolved_at) VALUES (2516, 2516, 13, 'RESOLVED', 1, '2026-07-16 16:03:35', '2026-07-21 16:03:35');
INSERT INTO request_notes_Sila (note_ID, request_ID, content, submitter_ID, is_internal, created_at) VALUES (3025, 2516, 'Mock not eklendi. Test amacli. (Note 0)', 13, TRUE, '2026-07-16 17:03:35');
INSERT INTO request_notes_Sila (note_ID, request_ID, content, submitter_ID, is_internal, created_at) VALUES (3026, 2516, 'Mock not eklendi. Test amacli. (Note 1)', 13, TRUE, '2026-07-16 18:03:35');
INSERT INTO requests_Sila (request_ID, creator_ID, title, description, status, type, generated_id, final_priority_score, created_at) VALUES (2517, 30, 'Sifre sifirlama maili gelmiyor - Mock Dev 13 - 14', 'Dun yapilan guncellemeden sonra bozuldu.', 'ASSIGNED', 'SİSTEM_ÇÖKÜŞÜ', 'M-0517', 87.9, '2026-06-30 15:03:35');
INSERT INTO priorities_Sila (priority_ID, request_ID, company_points, product_mgr_score, software_mgr_score, priority_score) VALUES (2517, 2517, 99.7, 5, 3, 87.9);
INSERT INTO workflows_Sila (task_ID, request_ID, developer_ID, workflow_status, assigned_by_ID, assigned_at) VALUES (2517, 2517, 13, 'ASSIGNED', 1, '2026-06-30 16:03:35');
INSERT INTO request_notes_Sila (note_ID, request_ID, content, submitter_ID, is_internal, created_at) VALUES (3027, 2517, 'Mock not eklendi. Test amacli. (Note 0)', 13, FALSE, '2026-06-30 17:03:35');
INSERT INTO request_notes_Sila (note_ID, request_ID, content, submitter_ID, is_internal, created_at) VALUES (3028, 2517, 'Mock not eklendi. Test amacli. (Note 1)', 1, FALSE, '2026-06-30 18:03:35');
INSERT INTO request_notes_Sila (note_ID, request_ID, content, submitter_ID, is_internal, created_at) VALUES (3029, 2517, 'Mock not eklendi. Test amacli. (Note 2)', 13, TRUE, '2026-06-30 19:03:35');
INSERT INTO requests_Sila (request_ID, creator_ID, title, description, status, type, generated_id, final_priority_score, created_at) VALUES (2518, 28, 'Raporlama modulu calismiyor - Mock Dev 13 - 15', 'Loglarda NullPointerException gordum, ekteki dosyaya bakiniz.', 'ASSIGNED', 'SİSTEM_ÇÖKÜŞÜ', 'M-0518', 99.5, '2026-07-08 15:03:35');
INSERT INTO priorities_Sila (priority_ID, request_ID, company_points, product_mgr_score, software_mgr_score, priority_score) VALUES (2518, 2518, 98.7, 5, 5, 99.5);
INSERT INTO workflows_Sila (task_ID, request_ID, developer_ID, workflow_status, assigned_by_ID, assigned_at) VALUES (2518, 2518, 13, 'ASSIGNED', 1, '2026-07-08 16:03:35');
INSERT INTO request_notes_Sila (note_ID, request_ID, content, submitter_ID, is_internal, created_at) VALUES (3030, 2518, 'Mock not eklendi. Test amacli. (Note 0)', 13, FALSE, '2026-07-08 17:03:35');
INSERT INTO requests_Sila (request_ID, creator_ID, title, description, status, type, generated_id, final_priority_score, created_at) VALUES (2519, 30, 'Mobil uyumluluk sorunu - Mock Dev 13 - 16', 'Dun yapilan guncellemeden sonra bozuldu.', 'COMPLETED', 'DİĞER', 'M-0519', 81.5, '2026-06-26 15:03:35');
INSERT INTO priorities_Sila (priority_ID, request_ID, company_points, product_mgr_score, software_mgr_score, priority_score) VALUES (2519, 2519, 83.8, 3, 5, 81.5);
INSERT INTO workflows_Sila (task_ID, request_ID, developer_ID, workflow_status, assigned_by_ID, assigned_at, resolved_at) VALUES (2519, 2519, 13, 'RESOLVED', 1, '2026-06-26 16:03:35', '2026-06-29 16:03:35');
INSERT INTO request_notes_Sila (note_ID, request_ID, content, submitter_ID, is_internal, created_at) VALUES (3031, 2519, 'Mock not eklendi. Test amacli. (Note 0)', 13, FALSE, '2026-06-26 17:03:35');
INSERT INTO request_notes_Sila (note_ID, request_ID, content, submitter_ID, is_internal, created_at) VALUES (3032, 2519, 'Mock not eklendi. Test amacli. (Note 1)', 13, FALSE, '2026-06-26 18:03:35');
INSERT INTO requests_Sila (request_ID, creator_ID, title, description, status, type, generated_id, final_priority_score, created_at) VALUES (2520, 32, 'Veri kaybi yasaniyor - Mock Dev 13 - 17', 'Musteriler bu sorundan sikayetci, acil bakilmasi gerekiyor.', 'ASSIGNED', 'DİĞER', 'M-0520', 85.3, '2026-07-09 15:03:35');
INSERT INTO priorities_Sila (priority_ID, request_ID, company_points, product_mgr_score, software_mgr_score, priority_score) VALUES (2520, 2520, 93.4, 5, 3, 85.3);
INSERT INTO workflows_Sila (task_ID, request_ID, developer_ID, workflow_status, assigned_by_ID, assigned_at) VALUES (2520, 2520, 13, 'ASSIGNED', 1, '2026-07-09 16:03:35');
INSERT INTO request_notes_Sila (note_ID, request_ID, content, submitter_ID, is_internal, created_at) VALUES (3033, 2520, 'Mock not eklendi. Test amacli. (Note 0)', 13, TRUE, '2026-07-09 17:03:35');
INSERT INTO request_notes_Sila (note_ID, request_ID, content, submitter_ID, is_internal, created_at) VALUES (3034, 2520, 'Mock not eklendi. Test amacli. (Note 1)', 1, TRUE, '2026-07-09 18:03:35');
INSERT INTO request_notes_Sila (note_ID, request_ID, content, submitter_ID, is_internal, created_at) VALUES (3035, 2520, 'Mock not eklendi. Test amacli. (Note 2)', 1, TRUE, '2026-07-09 19:03:35');
INSERT INTO requests_Sila (request_ID, creator_ID, title, description, status, type, generated_id, final_priority_score, created_at) VALUES (2521, 32, 'Kullanici girisi yavas - Mock Dev 13 - 18', 'Musteriler bu sorundan sikayetci, acil bakilmasi gerekiyor.', 'COMPLETED', 'ENTEGRASYON_SIKINTILARI', 'M-0521', 68.9, '2026-06-28 15:03:35');
INSERT INTO priorities_Sila (priority_ID, request_ID, company_points, product_mgr_score, software_mgr_score, priority_score) VALUES (2521, 2521, 82.4, 3, 3, 68.9);
INSERT INTO workflows_Sila (task_ID, request_ID, developer_ID, workflow_status, assigned_by_ID, assigned_at, resolved_at) VALUES (2521, 2521, 13, 'RESOLVED', 1, '2026-06-28 16:03:35', '2026-07-01 16:03:35');
INSERT INTO request_notes_Sila (note_ID, request_ID, content, submitter_ID, is_internal, created_at) VALUES (3036, 2521, 'Mock not eklendi. Test amacli. (Note 0)', 1, FALSE, '2026-06-28 17:03:35');
INSERT INTO requests_Sila (request_ID, creator_ID, title, description, status, type, generated_id, final_priority_score, created_at) VALUES (2522, 26, 'Arayuzde kayma var - Mock Dev 13 - 19', 'Veriler eksik geliyor, veritabani sorgusu optimize edilmeli.', 'ASSIGNED', 'BUG_DÜZELTME', 'M-0522', 91.1, '2026-07-17 15:03:35');
INSERT INTO priorities_Sila (priority_ID, request_ID, company_points, product_mgr_score, software_mgr_score, priority_score) VALUES (2522, 2522, 92.7, 5, 4, 91.1);
INSERT INTO workflows_Sila (task_ID, request_ID, developer_ID, workflow_status, assigned_by_ID, assigned_at) VALUES (2522, 2522, 13, 'ASSIGNED', 1, '2026-07-17 16:03:35');
INSERT INTO request_notes_Sila (note_ID, request_ID, content, submitter_ID, is_internal, created_at) VALUES (3037, 2522, 'Mock not eklendi. Test amacli. (Note 0)', 13, TRUE, '2026-07-17 17:03:35');
INSERT INTO requests_Sila (request_ID, creator_ID, title, description, status, type, generated_id, final_priority_score, created_at) VALUES (2523, 32, 'Sayfa yuklenmiyor - Mock Dev 13 - 20', 'Test ortaminda calisiyor ama canlida hata veriyor.', 'ASSIGNED', 'BUG_DÜZELTME', 'M-0523', 73.7, '2026-06-30 15:03:35');
INSERT INTO priorities_Sila (priority_ID, request_ID, company_points, product_mgr_score, software_mgr_score, priority_score) VALUES (2523, 2523, 94.2, 3, 3, 73.7);
INSERT INTO workflows_Sila (task_ID, request_ID, developer_ID, workflow_status, assigned_by_ID, assigned_at) VALUES (2523, 2523, 13, 'ASSIGNED', 1, '2026-06-30 16:03:35');
INSERT INTO request_notes_Sila (note_ID, request_ID, content, submitter_ID, is_internal, created_at) VALUES (3038, 2523, 'Mock not eklendi. Test amacli. (Note 0)', 13, FALSE, '2026-06-30 17:03:35');
INSERT INTO request_notes_Sila (note_ID, request_ID, content, submitter_ID, is_internal, created_at) VALUES (3039, 2523, 'Mock not eklendi. Test amacli. (Note 1)', 13, FALSE, '2026-06-30 18:03:35');
INSERT INTO request_notes_Sila (note_ID, request_ID, content, submitter_ID, is_internal, created_at) VALUES (3040, 2523, 'Mock not eklendi. Test amacli. (Note 2)', 13, TRUE, '2026-06-30 19:03:35');
INSERT INTO requests_Sila (request_ID, creator_ID, title, description, status, type, generated_id, final_priority_score, created_at) VALUES (2524, 29, '500 Internal Server Error - Mock Dev 13 - 21', 'Veriler eksik geliyor, veritabani sorgusu optimize edilmeli.', 'ASSIGNED', 'GELİŞTİRME', 'M-0524', 80.4, '2026-07-06 15:03:35');
INSERT INTO priorities_Sila (priority_ID, request_ID, company_points, product_mgr_score, software_mgr_score, priority_score) VALUES (2524, 2524, 80.9, 4, 4, 80.4);
INSERT INTO workflows_Sila (task_ID, request_ID, developer_ID, workflow_status, assigned_by_ID, assigned_at) VALUES (2524, 2524, 13, 'ASSIGNED', 1, '2026-07-06 16:03:35');
INSERT INTO request_notes_Sila (note_ID, request_ID, content, submitter_ID, is_internal, created_at) VALUES (3041, 2524, 'Mock not eklendi. Test amacli. (Note 0)', 13, FALSE, '2026-07-06 17:03:35');
INSERT INTO requests_Sila (request_ID, creator_ID, title, description, status, type, generated_id, final_priority_score, created_at) VALUES (2525, 30, '500 Internal Server Error - Mock Dev 13 - 22', 'Sistemin genelini etkileyen bir yavaslik soz konusu.', 'ASSIGNED', 'VERİ_KAYBI', 'M-0525', 91.4, '2026-07-03 15:03:35');
INSERT INTO priorities_Sila (priority_ID, request_ID, company_points, product_mgr_score, software_mgr_score, priority_score) VALUES (2525, 2525, 93.6, 5, 4, 91.4);
INSERT INTO workflows_Sila (task_ID, request_ID, developer_ID, workflow_status, assigned_by_ID, assigned_at) VALUES (2525, 2525, 13, 'ASSIGNED', 1, '2026-07-03 16:03:35');
INSERT INTO request_notes_Sila (note_ID, request_ID, content, submitter_ID, is_internal, created_at) VALUES (3042, 2525, 'Mock not eklendi. Test amacli. (Note 0)', 1, FALSE, '2026-07-03 17:03:35');
INSERT INTO request_notes_Sila (note_ID, request_ID, content, submitter_ID, is_internal, created_at) VALUES (3043, 2525, 'Mock not eklendi. Test amacli. (Note 1)', 13, TRUE, '2026-07-03 18:03:35');
INSERT INTO request_notes_Sila (note_ID, request_ID, content, submitter_ID, is_internal, created_at) VALUES (3044, 2525, 'Mock not eklendi. Test amacli. (Note 2)', 1, TRUE, '2026-07-03 19:03:35');
INSERT INTO requests_Sila (request_ID, creator_ID, title, description, status, type, generated_id, final_priority_score, created_at) VALUES (2526, 33, 'Sifre sifirlama maili gelmiyor - Mock Dev 13 - 23', 'Veriler eksik geliyor, veritabani sorgusu optimize edilmeli.', 'ASSIGNED', 'DİĞER', 'M-0526', 95.1, '2026-07-15 15:03:35');
INSERT INTO priorities_Sila (priority_ID, request_ID, company_points, product_mgr_score, software_mgr_score, priority_score) VALUES (2526, 2526, 87.9, 5, 5, 95.1);
INSERT INTO workflows_Sila (task_ID, request_ID, developer_ID, workflow_status, assigned_by_ID, assigned_at) VALUES (2526, 2526, 13, 'ASSIGNED', 1, '2026-07-15 16:03:35');
INSERT INTO request_notes_Sila (note_ID, request_ID, content, submitter_ID, is_internal, created_at) VALUES (3045, 2526, 'Mock not eklendi. Test amacli. (Note 0)', 1, TRUE, '2026-07-15 17:03:35');
INSERT INTO request_notes_Sila (note_ID, request_ID, content, submitter_ID, is_internal, created_at) VALUES (3046, 2526, 'Mock not eklendi. Test amacli. (Note 1)', 13, TRUE, '2026-07-15 18:03:35');
INSERT INTO request_notes_Sila (note_ID, request_ID, content, submitter_ID, is_internal, created_at) VALUES (3047, 2526, 'Mock not eklendi. Test amacli. (Note 2)', 1, FALSE, '2026-07-15 19:03:35');
INSERT INTO requests_Sila (request_ID, creator_ID, title, description, status, type, generated_id, final_priority_score, created_at) VALUES (2527, 32, 'Raporlama modulu calismiyor - Mock Dev 13 - 24', 'Musteriler bu sorundan sikayetci, acil bakilmasi gerekiyor.', 'COMPLETED', 'SİSTEM_ÇÖKÜŞÜ', 'M-0527', 76.5, '2026-07-15 15:03:35');
INSERT INTO priorities_Sila (priority_ID, request_ID, company_points, product_mgr_score, software_mgr_score, priority_score) VALUES (2527, 2527, 71.1, 5, 3, 76.5);
INSERT INTO workflows_Sila (task_ID, request_ID, developer_ID, workflow_status, assigned_by_ID, assigned_at, resolved_at) VALUES (2527, 2527, 13, 'RESOLVED', 1, '2026-07-15 16:03:35', '2026-07-16 16:03:35');
INSERT INTO request_notes_Sila (note_ID, request_ID, content, submitter_ID, is_internal, created_at) VALUES (3048, 2527, 'Mock not eklendi. Test amacli. (Note 0)', 1, FALSE, '2026-07-15 17:03:35');
INSERT INTO request_notes_Sila (note_ID, request_ID, content, submitter_ID, is_internal, created_at) VALUES (3049, 2527, 'Mock not eklendi. Test amacli. (Note 1)', 13, FALSE, '2026-07-15 18:03:35');
INSERT INTO requests_Sila (request_ID, creator_ID, title, description, status, type, generated_id, final_priority_score, created_at) VALUES (2528, 34, 'Yeni buton eklenmesi - Mock Dev 13 - 25', 'Sistemin genelini etkileyen bir yavaslik soz konusu.', 'COMPLETED', 'DİĞER', 'M-0528', 71.5, '2026-07-13 15:03:35');
INSERT INTO priorities_Sila (priority_ID, request_ID, company_points, product_mgr_score, software_mgr_score, priority_score) VALUES (2528, 2528, 88.7, 3, 3, 71.5);
INSERT INTO workflows_Sila (task_ID, request_ID, developer_ID, workflow_status, assigned_by_ID, assigned_at, resolved_at) VALUES (2528, 2528, 13, 'RESOLVED', 1, '2026-07-13 16:03:35', '2026-07-16 16:03:35');
INSERT INTO request_notes_Sila (note_ID, request_ID, content, submitter_ID, is_internal, created_at) VALUES (3050, 2528, 'Mock not eklendi. Test amacli. (Note 0)', 13, FALSE, '2026-07-13 17:03:35');
INSERT INTO request_notes_Sila (note_ID, request_ID, content, submitter_ID, is_internal, created_at) VALUES (3051, 2528, 'Mock not eklendi. Test amacli. (Note 1)', 1, TRUE, '2026-07-13 18:03:35');
INSERT INTO request_notes_Sila (note_ID, request_ID, content, submitter_ID, is_internal, created_at) VALUES (3052, 2528, 'Mock not eklendi. Test amacli. (Note 2)', 13, FALSE, '2026-07-13 19:03:35');
INSERT INTO requests_Sila (request_ID, creator_ID, title, description, status, type, generated_id, final_priority_score, created_at) VALUES (2529, 31, 'Yeni buton eklenmesi - Mock Dev 13 - 26', 'Sistemin genelini etkileyen bir yavaslik soz konusu.', 'ASSIGNED', 'DİĞER', 'M-0529', 72.8, '2026-06-23 15:03:35');
INSERT INTO priorities_Sila (priority_ID, request_ID, company_points, product_mgr_score, software_mgr_score, priority_score) VALUES (2529, 2529, 77.1, 3, 4, 72.8);
INSERT INTO workflows_Sila (task_ID, request_ID, developer_ID, workflow_status, assigned_by_ID, assigned_at) VALUES (2529, 2529, 13, 'ASSIGNED', 1, '2026-06-23 16:03:35');
INSERT INTO request_notes_Sila (note_ID, request_ID, content, submitter_ID, is_internal, created_at) VALUES (3053, 2529, 'Mock not eklendi. Test amacli. (Note 0)', 13, TRUE, '2026-06-23 17:03:35');
INSERT INTO request_notes_Sila (note_ID, request_ID, content, submitter_ID, is_internal, created_at) VALUES (3054, 2529, 'Mock not eklendi. Test amacli. (Note 1)', 13, FALSE, '2026-06-23 18:03:35');
INSERT INTO requests_Sila (request_ID, creator_ID, title, description, status, type, generated_id, final_priority_score, created_at) VALUES (2530, 32, 'Yeni buton eklenmesi - Mock Dev 13 - 27', 'Performans cok dusuk.', 'ASSIGNED', 'VERİ_KAYBI', 'M-0530', 81.0, '2026-06-20 15:03:35');
INSERT INTO priorities_Sila (priority_ID, request_ID, company_points, product_mgr_score, software_mgr_score, priority_score) VALUES (2530, 2530, 82.5, 3, 5, 81.0);
INSERT INTO workflows_Sila (task_ID, request_ID, developer_ID, workflow_status, assigned_by_ID, assigned_at) VALUES (2530, 2530, 13, 'ASSIGNED', 1, '2026-06-20 16:03:35');
INSERT INTO request_notes_Sila (note_ID, request_ID, content, submitter_ID, is_internal, created_at) VALUES (3055, 2530, 'Mock not eklendi. Test amacli. (Note 0)', 1, FALSE, '2026-06-20 17:03:35');
INSERT INTO requests_Sila (request_ID, creator_ID, title, description, status, type, generated_id, final_priority_score, created_at) VALUES (2531, 26, 'Raporlama modulu calismiyor - Mock Dev 13 - 28', 'Tasarim ekibi guncellemeyi talep etti.', 'COMPLETED', 'SİSTEM_ÇÖKÜŞÜ', 'M-0531', 66.6, '2026-06-23 15:03:35');
INSERT INTO priorities_Sila (priority_ID, request_ID, company_points, product_mgr_score, software_mgr_score, priority_score) VALUES (2531, 2531, 76.6, 3, 3, 66.6);
INSERT INTO workflows_Sila (task_ID, request_ID, developer_ID, workflow_status, assigned_by_ID, assigned_at, resolved_at) VALUES (2531, 2531, 13, 'RESOLVED', 1, '2026-06-23 16:03:35', '2026-06-27 16:03:35');
INSERT INTO request_notes_Sila (note_ID, request_ID, content, submitter_ID, is_internal, created_at) VALUES (3056, 2531, 'Mock not eklendi. Test amacli. (Note 0)', 1, TRUE, '2026-06-23 17:03:35');
INSERT INTO request_notes_Sila (note_ID, request_ID, content, submitter_ID, is_internal, created_at) VALUES (3057, 2531, 'Mock not eklendi. Test amacli. (Note 1)', 1, TRUE, '2026-06-23 18:03:35');
INSERT INTO requests_Sila (request_ID, creator_ID, title, description, status, type, generated_id, final_priority_score, created_at) VALUES (2532, 30, 'Yeni buton eklenmesi - Mock Dev 13 - 29', 'Veriler eksik geliyor, veritabani sorgusu optimize edilmeli.', 'ASSIGNED', 'YENİ_ÖZELLİK_EKLEME', 'M-0532', 71.2, '2026-06-26 15:03:35');
INSERT INTO priorities_Sila (priority_ID, request_ID, company_points, product_mgr_score, software_mgr_score, priority_score) VALUES (2532, 2532, 88.0, 3, 3, 71.2);
INSERT INTO workflows_Sila (task_ID, request_ID, developer_ID, workflow_status, assigned_by_ID, assigned_at) VALUES (2532, 2532, 13, 'ASSIGNED', 1, '2026-06-26 16:03:35');
INSERT INTO request_notes_Sila (note_ID, request_ID, content, submitter_ID, is_internal, created_at) VALUES (3058, 2532, 'Mock not eklendi. Test amacli. (Note 0)', 13, FALSE, '2026-06-26 17:03:35');
INSERT INTO requests_Sila (request_ID, creator_ID, title, description, status, type, generated_id, final_priority_score, created_at) VALUES (2533, 32, 'Kullanici girisi yavas - Mock Dev 13 - 30', 'Musteriler bu sorundan sikayetci, acil bakilmasi gerekiyor.', 'COMPLETED', 'BUG_DÜZELTME', 'M-0533', 86.4, '2026-06-20 15:03:35');
INSERT INTO priorities_Sila (priority_ID, request_ID, company_points, product_mgr_score, software_mgr_score, priority_score) VALUES (2533, 2533, 80.9, 4, 5, 86.4);
INSERT INTO workflows_Sila (task_ID, request_ID, developer_ID, workflow_status, assigned_by_ID, assigned_at, resolved_at) VALUES (2533, 2533, 13, 'RESOLVED', 1, '2026-06-20 16:03:35', '2026-06-22 16:03:35');
INSERT INTO request_notes_Sila (note_ID, request_ID, content, submitter_ID, is_internal, created_at) VALUES (3059, 2533, 'Mock not eklendi. Test amacli. (Note 0)', 1, TRUE, '2026-06-20 17:03:35');
INSERT INTO requests_Sila (request_ID, creator_ID, title, description, status, type, generated_id, final_priority_score, created_at) VALUES (2534, 27, '500 Internal Server Error - Mock Dev 13 - 31', 'Tasarim ekibi guncellemeyi talep etti.', 'ASSIGNED', 'DİĞER', 'M-0534', 88.8, '2026-07-14 15:03:35');
INSERT INTO priorities_Sila (priority_ID, request_ID, company_points, product_mgr_score, software_mgr_score, priority_score) VALUES (2534, 2534, 87.0, 4, 5, 88.8);
INSERT INTO workflows_Sila (task_ID, request_ID, developer_ID, workflow_status, assigned_by_ID, assigned_at) VALUES (2534, 2534, 13, 'ASSIGNED', 1, '2026-07-14 16:03:35');
INSERT INTO request_notes_Sila (note_ID, request_ID, content, submitter_ID, is_internal, created_at) VALUES (3060, 2534, 'Mock not eklendi. Test amacli. (Note 0)', 1, TRUE, '2026-07-14 17:03:35');
INSERT INTO requests_Sila (request_ID, creator_ID, title, description, status, type, generated_id, final_priority_score, created_at) VALUES (2535, 29, 'Sifre sifirlama maili gelmiyor - Mock Dev 13 - 32', 'Dun yapilan guncellemeden sonra bozuldu.', 'COMPLETED', 'DİĞER', 'M-0535', 70.5, '2026-06-24 15:03:35');
INSERT INTO priorities_Sila (priority_ID, request_ID, company_points, product_mgr_score, software_mgr_score, priority_score) VALUES (2535, 2535, 86.2, 3, 3, 70.5);
INSERT INTO workflows_Sila (task_ID, request_ID, developer_ID, workflow_status, assigned_by_ID, assigned_at, resolved_at) VALUES (2535, 2535, 13, 'RESOLVED', 1, '2026-06-24 16:03:35', '2026-06-28 16:03:35');
INSERT INTO request_notes_Sila (note_ID, request_ID, content, submitter_ID, is_internal, created_at) VALUES (3061, 2535, 'Mock not eklendi. Test amacli. (Note 0)', 13, FALSE, '2026-06-24 17:03:35');
INSERT INTO request_notes_Sila (note_ID, request_ID, content, submitter_ID, is_internal, created_at) VALUES (3062, 2535, 'Mock not eklendi. Test amacli. (Note 1)', 1, TRUE, '2026-06-24 18:03:35');
INSERT INTO request_notes_Sila (note_ID, request_ID, content, submitter_ID, is_internal, created_at) VALUES (3063, 2535, 'Mock not eklendi. Test amacli. (Note 2)', 13, FALSE, '2026-06-24 19:03:35');
INSERT INTO requests_Sila (request_ID, creator_ID, title, description, status, type, generated_id, final_priority_score, created_at) VALUES (2536, 27, 'Arayuzde kayma var - Mock Dev 13 - 33', 'Veriler eksik geliyor, veritabani sorgusu optimize edilmeli.', 'ASSIGNED', 'GELİŞTİRME', 'M-0536', 93.8, '2026-07-06 15:03:35');
INSERT INTO priorities_Sila (priority_ID, request_ID, company_points, product_mgr_score, software_mgr_score, priority_score) VALUES (2536, 2536, 84.4, 5, 5, 93.8);
INSERT INTO workflows_Sila (task_ID, request_ID, developer_ID, workflow_status, assigned_by_ID, assigned_at) VALUES (2536, 2536, 13, 'ASSIGNED', 1, '2026-07-06 16:03:35');
INSERT INTO request_notes_Sila (note_ID, request_ID, content, submitter_ID, is_internal, created_at) VALUES (3064, 2536, 'Mock not eklendi. Test amacli. (Note 0)', 13, FALSE, '2026-07-06 17:03:35');
INSERT INTO requests_Sila (request_ID, creator_ID, title, description, status, type, generated_id, final_priority_score, created_at) VALUES (2537, 33, 'Sayfa yuklenmiyor - Mock Dev 13 - 34', 'Performans cok dusuk.', 'ASSIGNED', 'BUG_DÜZELTME', 'M-0537', 87.9, '2026-07-07 15:03:35');
INSERT INTO priorities_Sila (priority_ID, request_ID, company_points, product_mgr_score, software_mgr_score, priority_score) VALUES (2537, 2537, 99.7, 4, 4, 87.9);
INSERT INTO workflows_Sila (task_ID, request_ID, developer_ID, workflow_status, assigned_by_ID, assigned_at) VALUES (2537, 2537, 13, 'ASSIGNED', 1, '2026-07-07 16:03:35');
INSERT INTO request_notes_Sila (note_ID, request_ID, content, submitter_ID, is_internal, created_at) VALUES (3065, 2537, 'Mock not eklendi. Test amacli. (Note 0)', 13, TRUE, '2026-07-07 17:03:35');
INSERT INTO request_notes_Sila (note_ID, request_ID, content, submitter_ID, is_internal, created_at) VALUES (3066, 2537, 'Mock not eklendi. Test amacli. (Note 1)', 1, TRUE, '2026-07-07 18:03:35');
INSERT INTO requests_Sila (request_ID, creator_ID, title, description, status, type, generated_id, final_priority_score, created_at) VALUES (2538, 27, 'Veri kaybi yasaniyor - Mock Dev 13 - 35', 'Performans cok dusuk.', 'ASSIGNED', 'YENİ_ÖZELLİK_EKLEME', 'M-0538', 68.6, '2026-07-06 15:03:35');
INSERT INTO priorities_Sila (priority_ID, request_ID, company_points, product_mgr_score, software_mgr_score, priority_score) VALUES (2538, 2538, 81.5, 3, 3, 68.6);
INSERT INTO workflows_Sila (task_ID, request_ID, developer_ID, workflow_status, assigned_by_ID, assigned_at) VALUES (2538, 2538, 13, 'ASSIGNED', 1, '2026-07-06 16:03:35');
INSERT INTO request_notes_Sila (note_ID, request_ID, content, submitter_ID, is_internal, created_at) VALUES (3067, 2538, 'Mock not eklendi. Test amacli. (Note 0)', 13, FALSE, '2026-07-06 17:03:35');
INSERT INTO requests_Sila (request_ID, creator_ID, title, description, status, type, generated_id, final_priority_score, created_at) VALUES (2539, 35, 'Yeni buton eklenmesi - Mock Dev 13 - 36', 'Performans cok dusuk.', 'COMPLETED', 'BUG_DÜZELTME', 'M-0539', 81.8, '2026-07-14 15:03:35');
INSERT INTO priorities_Sila (priority_ID, request_ID, company_points, product_mgr_score, software_mgr_score, priority_score) VALUES (2539, 2539, 84.5, 5, 3, 81.8);
INSERT INTO workflows_Sila (task_ID, request_ID, developer_ID, workflow_status, assigned_by_ID, assigned_at, resolved_at) VALUES (2539, 2539, 13, 'RESOLVED', 1, '2026-07-14 16:03:35', '2026-07-18 16:03:35');
INSERT INTO request_notes_Sila (note_ID, request_ID, content, submitter_ID, is_internal, created_at) VALUES (3068, 2539, 'Mock not eklendi. Test amacli. (Note 0)', 13, TRUE, '2026-07-14 17:03:35');
INSERT INTO requests_Sila (request_ID, creator_ID, title, description, status, type, generated_id, final_priority_score, created_at) VALUES (2540, 26, 'Sifre sifirlama maili gelmiyor - Mock Dev 13 - 37', 'Veriler eksik geliyor, veritabani sorgusu optimize edilmeli.', 'COMPLETED', 'BUG_DÜZELTME', 'M-0540', 78.5, '2026-06-24 15:03:35');
INSERT INTO priorities_Sila (priority_ID, request_ID, company_points, product_mgr_score, software_mgr_score, priority_score) VALUES (2540, 2540, 91.3, 4, 3, 78.5);
INSERT INTO workflows_Sila (task_ID, request_ID, developer_ID, workflow_status, assigned_by_ID, assigned_at, resolved_at) VALUES (2540, 2540, 13, 'RESOLVED', 1, '2026-06-24 16:03:35', '2026-06-27 16:03:35');
INSERT INTO request_notes_Sila (note_ID, request_ID, content, submitter_ID, is_internal, created_at) VALUES (3069, 2540, 'Mock not eklendi. Test amacli. (Note 0)', 13, FALSE, '2026-06-24 17:03:35');
INSERT INTO request_notes_Sila (note_ID, request_ID, content, submitter_ID, is_internal, created_at) VALUES (3070, 2540, 'Mock not eklendi. Test amacli. (Note 1)', 13, TRUE, '2026-06-24 18:03:35');
INSERT INTO request_notes_Sila (note_ID, request_ID, content, submitter_ID, is_internal, created_at) VALUES (3071, 2540, 'Mock not eklendi. Test amacli. (Note 2)', 1, TRUE, '2026-06-24 19:03:35');
INSERT INTO requests_Sila (request_ID, creator_ID, title, description, status, type, generated_id, final_priority_score, created_at) VALUES (2541, 33, 'Veri kaybi yasaniyor - Mock Dev 13 - 38', 'Musteriler bu sorundan sikayetci, acil bakilmasi gerekiyor.', 'COMPLETED', 'SİSTEM_ÇÖKÜŞÜ', 'M-0541', 80.8, '2026-07-01 15:03:35');
INSERT INTO priorities_Sila (priority_ID, request_ID, company_points, product_mgr_score, software_mgr_score, priority_score) VALUES (2541, 2541, 82.0, 5, 3, 80.8);
INSERT INTO workflows_Sila (task_ID, request_ID, developer_ID, workflow_status, assigned_by_ID, assigned_at, resolved_at) VALUES (2541, 2541, 13, 'RESOLVED', 1, '2026-07-01 16:03:35', '2026-07-04 16:03:35');
INSERT INTO request_notes_Sila (note_ID, request_ID, content, submitter_ID, is_internal, created_at) VALUES (3072, 2541, 'Mock not eklendi. Test amacli. (Note 0)', 13, TRUE, '2026-07-01 17:03:35');
INSERT INTO request_notes_Sila (note_ID, request_ID, content, submitter_ID, is_internal, created_at) VALUES (3073, 2541, 'Mock not eklendi. Test amacli. (Note 1)', 1, FALSE, '2026-07-01 18:03:35');
INSERT INTO request_notes_Sila (note_ID, request_ID, content, submitter_ID, is_internal, created_at) VALUES (3074, 2541, 'Mock not eklendi. Test amacli. (Note 2)', 13, FALSE, '2026-07-01 19:03:35');
INSERT INTO requests_Sila (request_ID, creator_ID, title, description, status, type, generated_id, final_priority_score, created_at) VALUES (2542, 28, 'Sayfa yuklenmiyor - Mock Dev 13 - 39', 'Dun yapilan guncellemeden sonra bozuldu.', 'COMPLETED', 'SİSTEM_ÇÖKÜŞÜ', 'M-0542', 93.7, '2026-07-11 15:03:35');
INSERT INTO priorities_Sila (priority_ID, request_ID, company_points, product_mgr_score, software_mgr_score, priority_score) VALUES (2542, 2542, 84.3, 5, 5, 93.7);
INSERT INTO workflows_Sila (task_ID, request_ID, developer_ID, workflow_status, assigned_by_ID, assigned_at, resolved_at) VALUES (2542, 2542, 13, 'RESOLVED', 1, '2026-07-11 16:03:35', '2026-07-16 16:03:35');
INSERT INTO request_notes_Sila (note_ID, request_ID, content, submitter_ID, is_internal, created_at) VALUES (3075, 2542, 'Mock not eklendi. Test amacli. (Note 0)', 1, TRUE, '2026-07-11 17:03:35');
INSERT INTO request_notes_Sila (note_ID, request_ID, content, submitter_ID, is_internal, created_at) VALUES (3076, 2542, 'Mock not eklendi. Test amacli. (Note 1)', 1, FALSE, '2026-07-11 18:03:35');
INSERT INTO request_notes_Sila (note_ID, request_ID, content, submitter_ID, is_internal, created_at) VALUES (3077, 2542, 'Mock not eklendi. Test amacli. (Note 2)', 13, FALSE, '2026-07-11 19:03:35');
INSERT INTO requests_Sila (request_ID, creator_ID, title, description, status, type, generated_id, final_priority_score, created_at) VALUES (2543, 33, 'Veri kaybi yasaniyor - Mock Dev 13 - 40', 'Musteriler bu sorundan sikayetci, acil bakilmasi gerekiyor.', 'ASSIGNED', 'SİSTEM_ÇÖKÜŞÜ', 'M-0543', 83.7, '2026-07-10 15:03:35');
INSERT INTO priorities_Sila (priority_ID, request_ID, company_points, product_mgr_score, software_mgr_score, priority_score) VALUES (2543, 2543, 89.3, 5, 3, 83.7);
INSERT INTO workflows_Sila (task_ID, request_ID, developer_ID, workflow_status, assigned_by_ID, assigned_at) VALUES (2543, 2543, 13, 'ASSIGNED', 1, '2026-07-10 16:03:35');
INSERT INTO request_notes_Sila (note_ID, request_ID, content, submitter_ID, is_internal, created_at) VALUES (3078, 2543, 'Mock not eklendi. Test amacli. (Note 0)', 1, TRUE, '2026-07-10 17:03:35');
INSERT INTO requests_Sila (request_ID, creator_ID, title, description, status, type, generated_id, final_priority_score, created_at) VALUES (2544, 27, 'Arayuzde kayma var - Mock Dev 14 - 0', 'Performans cok dusuk.', 'COMPLETED', 'DİĞER', 'M-0544', 91.8, '2026-06-29 15:03:35');
INSERT INTO priorities_Sila (priority_ID, request_ID, company_points, product_mgr_score, software_mgr_score, priority_score) VALUES (2544, 2544, 94.5, 4, 5, 91.8);
INSERT INTO workflows_Sila (task_ID, request_ID, developer_ID, workflow_status, assigned_by_ID, assigned_at, resolved_at) VALUES (2544, 2544, 14, 'RESOLVED', 1, '2026-06-29 16:03:35', '2026-07-02 16:03:35');
INSERT INTO request_notes_Sila (note_ID, request_ID, content, submitter_ID, is_internal, created_at) VALUES (3079, 2544, 'Mock not eklendi. Test amacli. (Note 0)', 1, TRUE, '2026-06-29 17:03:35');
INSERT INTO requests_Sila (request_ID, creator_ID, title, description, status, type, generated_id, final_priority_score, created_at) VALUES (2545, 29, 'Kullanici girisi yavas - Mock Dev 14 - 1', 'Dun yapilan guncellemeden sonra bozuldu.', 'ASSIGNED', 'SİSTEM_ÇÖKÜŞÜ', 'M-0545', 95.9, '2026-06-27 15:03:35');
INSERT INTO priorities_Sila (priority_ID, request_ID, company_points, product_mgr_score, software_mgr_score, priority_score) VALUES (2545, 2545, 89.6, 5, 5, 95.9);
INSERT INTO workflows_Sila (task_ID, request_ID, developer_ID, workflow_status, assigned_by_ID, assigned_at) VALUES (2545, 2545, 14, 'ASSIGNED', 1, '2026-06-27 16:03:35');
INSERT INTO request_notes_Sila (note_ID, request_ID, content, submitter_ID, is_internal, created_at) VALUES (3080, 2545, 'Mock not eklendi. Test amacli. (Note 0)', 1, TRUE, '2026-06-27 17:03:35');
INSERT INTO requests_Sila (request_ID, creator_ID, title, description, status, type, generated_id, final_priority_score, created_at) VALUES (2546, 29, 'Kullanici girisi yavas - Mock Dev 14 - 2', 'Performans cok dusuk.', 'ASSIGNED', 'GELİŞTİRME', 'M-0546', 78.4, '2026-07-03 15:03:35');
INSERT INTO priorities_Sila (priority_ID, request_ID, company_points, product_mgr_score, software_mgr_score, priority_score) VALUES (2546, 2546, 76.0, 3, 5, 78.4);
INSERT INTO workflows_Sila (task_ID, request_ID, developer_ID, workflow_status, assigned_by_ID, assigned_at) VALUES (2546, 2546, 14, 'ASSIGNED', 1, '2026-07-03 16:03:35');
INSERT INTO request_notes_Sila (note_ID, request_ID, content, submitter_ID, is_internal, created_at) VALUES (3081, 2546, 'Mock not eklendi. Test amacli. (Note 0)', 1, FALSE, '2026-07-03 17:03:35');
INSERT INTO request_notes_Sila (note_ID, request_ID, content, submitter_ID, is_internal, created_at) VALUES (3082, 2546, 'Mock not eklendi. Test amacli. (Note 1)', 1, TRUE, '2026-07-03 18:03:35');
INSERT INTO requests_Sila (request_ID, creator_ID, title, description, status, type, generated_id, final_priority_score, created_at) VALUES (2547, 34, 'Mobil uyumluluk sorunu - Mock Dev 14 - 3', 'Sistemin genelini etkileyen bir yavaslik soz konusu.', 'COMPLETED', 'SİSTEM_ÇÖKÜŞÜ', 'M-0547', 77.1, '2026-07-04 15:03:35');
INSERT INTO priorities_Sila (priority_ID, request_ID, company_points, product_mgr_score, software_mgr_score, priority_score) VALUES (2547, 2547, 72.8, 3, 5, 77.1);
INSERT INTO workflows_Sila (task_ID, request_ID, developer_ID, workflow_status, assigned_by_ID, assigned_at, resolved_at) VALUES (2547, 2547, 14, 'RESOLVED', 1, '2026-07-04 16:03:35', '2026-07-09 16:03:35');
INSERT INTO request_notes_Sila (note_ID, request_ID, content, submitter_ID, is_internal, created_at) VALUES (3083, 2547, 'Mock not eklendi. Test amacli. (Note 0)', 1, TRUE, '2026-07-04 17:03:35');
INSERT INTO request_notes_Sila (note_ID, request_ID, content, submitter_ID, is_internal, created_at) VALUES (3084, 2547, 'Mock not eklendi. Test amacli. (Note 1)', 14, FALSE, '2026-07-04 18:03:35');
INSERT INTO requests_Sila (request_ID, creator_ID, title, description, status, type, generated_id, final_priority_score, created_at) VALUES (2548, 35, 'Mobil uyumluluk sorunu - Mock Dev 14 - 4', 'Tasarim ekibi guncellemeyi talep etti.', 'COMPLETED', 'DİĞER', 'M-0548', 93.0, '2026-07-18 15:03:35');
INSERT INTO priorities_Sila (priority_ID, request_ID, company_points, product_mgr_score, software_mgr_score, priority_score) VALUES (2548, 2548, 82.4, 5, 5, 93.0);
INSERT INTO workflows_Sila (task_ID, request_ID, developer_ID, workflow_status, assigned_by_ID, assigned_at, resolved_at) VALUES (2548, 2548, 14, 'RESOLVED', 1, '2026-07-18 16:03:35', '2026-07-20 16:03:35');
INSERT INTO request_notes_Sila (note_ID, request_ID, content, submitter_ID, is_internal, created_at) VALUES (3085, 2548, 'Mock not eklendi. Test amacli. (Note 0)', 14, TRUE, '2026-07-18 17:03:35');
INSERT INTO request_notes_Sila (note_ID, request_ID, content, submitter_ID, is_internal, created_at) VALUES (3086, 2548, 'Mock not eklendi. Test amacli. (Note 1)', 1, FALSE, '2026-07-18 18:03:35');
INSERT INTO request_notes_Sila (note_ID, request_ID, content, submitter_ID, is_internal, created_at) VALUES (3087, 2548, 'Mock not eklendi. Test amacli. (Note 2)', 1, TRUE, '2026-07-18 19:03:35');
INSERT INTO requests_Sila (request_ID, creator_ID, title, description, status, type, generated_id, final_priority_score, created_at) VALUES (2549, 27, 'Veritabani baglanti hatasi - Mock Dev 14 - 5', 'Veriler eksik geliyor, veritabani sorgusu optimize edilmeli.', 'ASSIGNED', 'DİĞER', 'M-0549', 78.1, '2026-06-26 15:03:35');
INSERT INTO priorities_Sila (priority_ID, request_ID, company_points, product_mgr_score, software_mgr_score, priority_score) VALUES (2549, 2549, 75.3, 3, 5, 78.1);
INSERT INTO workflows_Sila (task_ID, request_ID, developer_ID, workflow_status, assigned_by_ID, assigned_at) VALUES (2549, 2549, 14, 'ASSIGNED', 1, '2026-06-26 16:03:35');
INSERT INTO request_notes_Sila (note_ID, request_ID, content, submitter_ID, is_internal, created_at) VALUES (3088, 2549, 'Mock not eklendi. Test amacli. (Note 0)', 14, TRUE, '2026-06-26 17:03:35');
INSERT INTO request_notes_Sila (note_ID, request_ID, content, submitter_ID, is_internal, created_at) VALUES (3089, 2549, 'Mock not eklendi. Test amacli. (Note 1)', 14, TRUE, '2026-06-26 18:03:35');
INSERT INTO request_notes_Sila (note_ID, request_ID, content, submitter_ID, is_internal, created_at) VALUES (3090, 2549, 'Mock not eklendi. Test amacli. (Note 2)', 1, TRUE, '2026-06-26 19:03:35');
INSERT INTO requests_Sila (request_ID, creator_ID, title, description, status, type, generated_id, final_priority_score, created_at) VALUES (2550, 28, 'Sifre sifirlama maili gelmiyor - Mock Dev 14 - 6', 'Veriler eksik geliyor, veritabani sorgusu optimize edilmeli.', 'COMPLETED', 'DİĞER', 'M-0550', 86.9, '2026-07-15 15:03:35');
INSERT INTO priorities_Sila (priority_ID, request_ID, company_points, product_mgr_score, software_mgr_score, priority_score) VALUES (2550, 2550, 82.3, 4, 5, 86.9);
INSERT INTO workflows_Sila (task_ID, request_ID, developer_ID, workflow_status, assigned_by_ID, assigned_at, resolved_at) VALUES (2550, 2550, 14, 'RESOLVED', 1, '2026-07-15 16:03:35', '2026-07-19 16:03:35');
INSERT INTO request_notes_Sila (note_ID, request_ID, content, submitter_ID, is_internal, created_at) VALUES (3091, 2550, 'Mock not eklendi. Test amacli. (Note 0)', 1, FALSE, '2026-07-15 17:03:35');
INSERT INTO request_notes_Sila (note_ID, request_ID, content, submitter_ID, is_internal, created_at) VALUES (3092, 2550, 'Mock not eklendi. Test amacli. (Note 1)', 1, TRUE, '2026-07-15 18:03:35');
INSERT INTO request_notes_Sila (note_ID, request_ID, content, submitter_ID, is_internal, created_at) VALUES (3093, 2550, 'Mock not eklendi. Test amacli. (Note 2)', 14, TRUE, '2026-07-15 19:03:35');
INSERT INTO requests_Sila (request_ID, creator_ID, title, description, status, type, generated_id, final_priority_score, created_at) VALUES (2551, 31, 'Sayfa yuklenmiyor - Mock Dev 14 - 7', 'Loglarda NullPointerException gordum, ekteki dosyaya bakiniz.', 'ASSIGNED', 'DİĞER', 'M-0551', 84.9, '2026-07-10 15:03:35');
INSERT INTO priorities_Sila (priority_ID, request_ID, company_points, product_mgr_score, software_mgr_score, priority_score) VALUES (2551, 2551, 92.3, 4, 4, 84.9);
INSERT INTO workflows_Sila (task_ID, request_ID, developer_ID, workflow_status, assigned_by_ID, assigned_at) VALUES (2551, 2551, 14, 'ASSIGNED', 1, '2026-07-10 16:03:35');
INSERT INTO request_notes_Sila (note_ID, request_ID, content, submitter_ID, is_internal, created_at) VALUES (3094, 2551, 'Mock not eklendi. Test amacli. (Note 0)', 1, TRUE, '2026-07-10 17:03:35');
INSERT INTO requests_Sila (request_ID, creator_ID, title, description, status, type, generated_id, final_priority_score, created_at) VALUES (2552, 28, 'Kullanici girisi yavas - Mock Dev 14 - 8', 'Loglarda NullPointerException gordum, ekteki dosyaya bakiniz.', 'ASSIGNED', 'YENİ_ÖZELLİK_EKLEME', 'M-0552', 77.7, '2026-07-14 15:03:35');
INSERT INTO priorities_Sila (priority_ID, request_ID, company_points, product_mgr_score, software_mgr_score, priority_score) VALUES (2552, 2552, 74.3, 4, 4, 77.7);
INSERT INTO workflows_Sila (task_ID, request_ID, developer_ID, workflow_status, assigned_by_ID, assigned_at) VALUES (2552, 2552, 14, 'ASSIGNED', 1, '2026-07-14 16:03:35');
INSERT INTO request_notes_Sila (note_ID, request_ID, content, submitter_ID, is_internal, created_at) VALUES (3095, 2552, 'Mock not eklendi. Test amacli. (Note 0)', 1, TRUE, '2026-07-14 17:03:35');
INSERT INTO requests_Sila (request_ID, creator_ID, title, description, status, type, generated_id, final_priority_score, created_at) VALUES (2553, 30, '500 Internal Server Error - Mock Dev 14 - 9', 'Dun yapilan guncellemeden sonra bozuldu.', 'COMPLETED', 'BUG_DÜZELTME', 'M-0553', 83.2, '2026-07-02 15:03:35');
INSERT INTO priorities_Sila (priority_ID, request_ID, company_points, product_mgr_score, software_mgr_score, priority_score) VALUES (2553, 2553, 88.1, 4, 4, 83.2);
INSERT INTO workflows_Sila (task_ID, request_ID, developer_ID, workflow_status, assigned_by_ID, assigned_at, resolved_at) VALUES (2553, 2553, 14, 'RESOLVED', 1, '2026-07-02 16:03:35', '2026-07-06 16:03:35');
INSERT INTO request_notes_Sila (note_ID, request_ID, content, submitter_ID, is_internal, created_at) VALUES (3096, 2553, 'Mock not eklendi. Test amacli. (Note 0)', 1, FALSE, '2026-07-02 17:03:35');
INSERT INTO request_notes_Sila (note_ID, request_ID, content, submitter_ID, is_internal, created_at) VALUES (3097, 2553, 'Mock not eklendi. Test amacli. (Note 1)', 14, TRUE, '2026-07-02 18:03:35');
INSERT INTO request_notes_Sila (note_ID, request_ID, content, submitter_ID, is_internal, created_at) VALUES (3098, 2553, 'Mock not eklendi. Test amacli. (Note 2)', 1, TRUE, '2026-07-02 19:03:35');
INSERT INTO requests_Sila (request_ID, creator_ID, title, description, status, type, generated_id, final_priority_score, created_at) VALUES (2554, 28, 'Veritabani baglanti hatasi - Mock Dev 14 - 10', 'Dun yapilan guncellemeden sonra bozuldu.', 'COMPLETED', 'DİĞER', 'M-0554', 89.2, '2026-06-30 15:03:35');
INSERT INTO priorities_Sila (priority_ID, request_ID, company_points, product_mgr_score, software_mgr_score, priority_score) VALUES (2554, 2554, 88.1, 4, 5, 89.2);
INSERT INTO workflows_Sila (task_ID, request_ID, developer_ID, workflow_status, assigned_by_ID, assigned_at, resolved_at) VALUES (2554, 2554, 14, 'RESOLVED', 1, '2026-06-30 16:03:35', '2026-07-04 16:03:35');
INSERT INTO request_notes_Sila (note_ID, request_ID, content, submitter_ID, is_internal, created_at) VALUES (3099, 2554, 'Mock not eklendi. Test amacli. (Note 0)', 1, FALSE, '2026-06-30 17:03:35');
INSERT INTO request_notes_Sila (note_ID, request_ID, content, submitter_ID, is_internal, created_at) VALUES (3100, 2554, 'Mock not eklendi. Test amacli. (Note 1)', 14, TRUE, '2026-06-30 18:03:35');
INSERT INTO request_notes_Sila (note_ID, request_ID, content, submitter_ID, is_internal, created_at) VALUES (3101, 2554, 'Mock not eklendi. Test amacli. (Note 2)', 1, TRUE, '2026-06-30 19:03:35');
INSERT INTO requests_Sila (request_ID, creator_ID, title, description, status, type, generated_id, final_priority_score, created_at) VALUES (2555, 28, 'Mobil uyumluluk sorunu - Mock Dev 14 - 11', 'Dun yapilan guncellemeden sonra bozuldu.', 'ASSIGNED', 'SİSTEM_ÇÖKÜŞÜ', 'M-0555', 87.8, '2026-07-18 15:03:35');
INSERT INTO priorities_Sila (priority_ID, request_ID, company_points, product_mgr_score, software_mgr_score, priority_score) VALUES (2555, 2555, 99.5, 4, 4, 87.8);
INSERT INTO workflows_Sila (task_ID, request_ID, developer_ID, workflow_status, assigned_by_ID, assigned_at) VALUES (2555, 2555, 14, 'ASSIGNED', 1, '2026-07-18 16:03:35');
INSERT INTO request_notes_Sila (note_ID, request_ID, content, submitter_ID, is_internal, created_at) VALUES (3102, 2555, 'Mock not eklendi. Test amacli. (Note 0)', 1, TRUE, '2026-07-18 17:03:35');
INSERT INTO requests_Sila (request_ID, creator_ID, title, description, status, type, generated_id, final_priority_score, created_at) VALUES (2556, 31, 'Kullanici girisi yavas - Mock Dev 14 - 12', 'Musteriler bu sorundan sikayetci, acil bakilmasi gerekiyor.', 'ASSIGNED', 'VERİ_KAYBI', 'M-0556', 82.3, '2026-07-03 15:03:35');
INSERT INTO priorities_Sila (priority_ID, request_ID, company_points, product_mgr_score, software_mgr_score, priority_score) VALUES (2556, 2556, 85.7, 3, 5, 82.3);
INSERT INTO workflows_Sila (task_ID, request_ID, developer_ID, workflow_status, assigned_by_ID, assigned_at) VALUES (2556, 2556, 14, 'ASSIGNED', 1, '2026-07-03 16:03:35');
INSERT INTO request_notes_Sila (note_ID, request_ID, content, submitter_ID, is_internal, created_at) VALUES (3103, 2556, 'Mock not eklendi. Test amacli. (Note 0)', 1, TRUE, '2026-07-03 17:03:35');
INSERT INTO requests_Sila (request_ID, creator_ID, title, description, status, type, generated_id, final_priority_score, created_at) VALUES (2557, 35, 'Arayuzde kayma var - Mock Dev 14 - 13', 'Sistemin genelini etkileyen bir yavaslik soz konusu.', 'COMPLETED', 'DİĞER', 'M-0557', 84.3, '2026-07-14 15:03:35');
INSERT INTO priorities_Sila (priority_ID, request_ID, company_points, product_mgr_score, software_mgr_score, priority_score) VALUES (2557, 2557, 75.6, 5, 4, 84.3);
INSERT INTO workflows_Sila (task_ID, request_ID, developer_ID, workflow_status, assigned_by_ID, assigned_at, resolved_at) VALUES (2557, 2557, 14, 'RESOLVED', 1, '2026-07-14 16:03:35', '2026-07-18 16:03:35');
INSERT INTO request_notes_Sila (note_ID, request_ID, content, submitter_ID, is_internal, created_at) VALUES (3104, 2557, 'Mock not eklendi. Test amacli. (Note 0)', 14, TRUE, '2026-07-14 17:03:35');
INSERT INTO request_notes_Sila (note_ID, request_ID, content, submitter_ID, is_internal, created_at) VALUES (3105, 2557, 'Mock not eklendi. Test amacli. (Note 1)', 1, TRUE, '2026-07-14 18:03:35');
INSERT INTO request_notes_Sila (note_ID, request_ID, content, submitter_ID, is_internal, created_at) VALUES (3106, 2557, 'Mock not eklendi. Test amacli. (Note 2)', 14, FALSE, '2026-07-14 19:03:35');
INSERT INTO requests_Sila (request_ID, creator_ID, title, description, status, type, generated_id, final_priority_score, created_at) VALUES (2558, 28, 'Veritabani baglanti hatasi - Mock Dev 14 - 14', 'Loglarda NullPointerException gordum, ekteki dosyaya bakiniz.', 'COMPLETED', 'VERİ_KAYBI', 'M-0558', 77.1, '2026-06-24 15:03:35');
INSERT INTO priorities_Sila (priority_ID, request_ID, company_points, product_mgr_score, software_mgr_score, priority_score) VALUES (2558, 2558, 72.7, 5, 3, 77.1);
INSERT INTO workflows_Sila (task_ID, request_ID, developer_ID, workflow_status, assigned_by_ID, assigned_at, resolved_at) VALUES (2558, 2558, 14, 'RESOLVED', 1, '2026-06-24 16:03:35', '2026-06-28 16:03:35');
INSERT INTO request_notes_Sila (note_ID, request_ID, content, submitter_ID, is_internal, created_at) VALUES (3107, 2558, 'Mock not eklendi. Test amacli. (Note 0)', 14, FALSE, '2026-06-24 17:03:35');
INSERT INTO requests_Sila (request_ID, creator_ID, title, description, status, type, generated_id, final_priority_score, created_at) VALUES (2559, 31, 'Yeni buton eklenmesi - Mock Dev 14 - 15', 'Sistemin genelini etkileyen bir yavaslik soz konusu.', 'ASSIGNED', 'BUG_DÜZELTME', 'M-0559', 92.5, '2026-07-18 15:03:35');
INSERT INTO priorities_Sila (priority_ID, request_ID, company_points, product_mgr_score, software_mgr_score, priority_score) VALUES (2559, 2559, 96.2, 4, 5, 92.5);
INSERT INTO workflows_Sila (task_ID, request_ID, developer_ID, workflow_status, assigned_by_ID, assigned_at) VALUES (2559, 2559, 14, 'ASSIGNED', 1, '2026-07-18 16:03:35');
INSERT INTO request_notes_Sila (note_ID, request_ID, content, submitter_ID, is_internal, created_at) VALUES (3108, 2559, 'Mock not eklendi. Test amacli. (Note 0)', 1, TRUE, '2026-07-18 17:03:35');
INSERT INTO request_notes_Sila (note_ID, request_ID, content, submitter_ID, is_internal, created_at) VALUES (3109, 2559, 'Mock not eklendi. Test amacli. (Note 1)', 1, TRUE, '2026-07-18 18:03:35');
INSERT INTO request_notes_Sila (note_ID, request_ID, content, submitter_ID, is_internal, created_at) VALUES (3110, 2559, 'Mock not eklendi. Test amacli. (Note 2)', 14, FALSE, '2026-07-18 19:03:35');
INSERT INTO requests_Sila (request_ID, creator_ID, title, description, status, type, generated_id, final_priority_score, created_at) VALUES (2560, 26, 'Raporlama modulu calismiyor - Mock Dev 14 - 16', 'Loglarda NullPointerException gordum, ekteki dosyaya bakiniz.', 'COMPLETED', 'YENİ_ÖZELLİK_EKLEME', 'M-0560', 87.1, '2026-07-02 15:03:35');
INSERT INTO priorities_Sila (priority_ID, request_ID, company_points, product_mgr_score, software_mgr_score, priority_score) VALUES (2560, 2560, 82.8, 5, 4, 87.1);
INSERT INTO workflows_Sila (task_ID, request_ID, developer_ID, workflow_status, assigned_by_ID, assigned_at, resolved_at) VALUES (2560, 2560, 14, 'RESOLVED', 1, '2026-07-02 16:03:35', '2026-07-05 16:03:35');
INSERT INTO request_notes_Sila (note_ID, request_ID, content, submitter_ID, is_internal, created_at) VALUES (3111, 2560, 'Mock not eklendi. Test amacli. (Note 0)', 1, TRUE, '2026-07-02 17:03:35');
INSERT INTO request_notes_Sila (note_ID, request_ID, content, submitter_ID, is_internal, created_at) VALUES (3112, 2560, 'Mock not eklendi. Test amacli. (Note 1)', 14, TRUE, '2026-07-02 18:03:35');
INSERT INTO request_notes_Sila (note_ID, request_ID, content, submitter_ID, is_internal, created_at) VALUES (3113, 2560, 'Mock not eklendi. Test amacli. (Note 2)', 14, TRUE, '2026-07-02 19:03:35');
INSERT INTO requests_Sila (request_ID, creator_ID, title, description, status, type, generated_id, final_priority_score, created_at) VALUES (2561, 31, 'Raporlama modulu calismiyor - Mock Dev 14 - 17', 'Test ortaminda calisiyor ama canlida hata veriyor.', 'ASSIGNED', 'SİSTEM_ÇÖKÜŞÜ', 'M-0561', 80.3, '2026-07-04 15:03:35');
INSERT INTO priorities_Sila (priority_ID, request_ID, company_points, product_mgr_score, software_mgr_score, priority_score) VALUES (2561, 2561, 80.7, 5, 3, 80.3);
INSERT INTO workflows_Sila (task_ID, request_ID, developer_ID, workflow_status, assigned_by_ID, assigned_at) VALUES (2561, 2561, 14, 'ASSIGNED', 1, '2026-07-04 16:03:35');
INSERT INTO request_notes_Sila (note_ID, request_ID, content, submitter_ID, is_internal, created_at) VALUES (3114, 2561, 'Mock not eklendi. Test amacli. (Note 0)', 1, FALSE, '2026-07-04 17:03:35');
INSERT INTO requests_Sila (request_ID, creator_ID, title, description, status, type, generated_id, final_priority_score, created_at) VALUES (2562, 28, 'Veri kaybi yasaniyor - Mock Dev 14 - 18', 'Loglarda NullPointerException gordum, ekteki dosyaya bakiniz.', 'COMPLETED', 'YENİ_ÖZELLİK_EKLEME', 'M-0562', 76.3, '2026-06-28 15:03:35');
INSERT INTO priorities_Sila (priority_ID, request_ID, company_points, product_mgr_score, software_mgr_score, priority_score) VALUES (2562, 2562, 70.7, 5, 3, 76.3);
INSERT INTO workflows_Sila (task_ID, request_ID, developer_ID, workflow_status, assigned_by_ID, assigned_at, resolved_at) VALUES (2562, 2562, 14, 'RESOLVED', 1, '2026-06-28 16:03:35', '2026-07-02 16:03:35');
INSERT INTO request_notes_Sila (note_ID, request_ID, content, submitter_ID, is_internal, created_at) VALUES (3115, 2562, 'Mock not eklendi. Test amacli. (Note 0)', 1, TRUE, '2026-06-28 17:03:35');
INSERT INTO request_notes_Sila (note_ID, request_ID, content, submitter_ID, is_internal, created_at) VALUES (3116, 2562, 'Mock not eklendi. Test amacli. (Note 1)', 14, FALSE, '2026-06-28 18:03:35');
INSERT INTO requests_Sila (request_ID, creator_ID, title, description, status, type, generated_id, final_priority_score, created_at) VALUES (2563, 28, 'Kullanici girisi yavas - Mock Dev 14 - 19', 'Performans cok dusuk.', 'COMPLETED', 'YENİ_ÖZELLİK_EKLEME', 'M-0563', 82.0, '2026-06-30 15:03:35');
INSERT INTO priorities_Sila (priority_ID, request_ID, company_points, product_mgr_score, software_mgr_score, priority_score) VALUES (2563, 2563, 85.0, 5, 3, 82.0);
INSERT INTO workflows_Sila (task_ID, request_ID, developer_ID, workflow_status, assigned_by_ID, assigned_at, resolved_at) VALUES (2563, 2563, 14, 'RESOLVED', 1, '2026-06-30 16:03:35', '2026-07-01 16:03:35');
INSERT INTO request_notes_Sila (note_ID, request_ID, content, submitter_ID, is_internal, created_at) VALUES (3117, 2563, 'Mock not eklendi. Test amacli. (Note 0)', 1, FALSE, '2026-06-30 17:03:35');
INSERT INTO request_notes_Sila (note_ID, request_ID, content, submitter_ID, is_internal, created_at) VALUES (3118, 2563, 'Mock not eklendi. Test amacli. (Note 1)', 14, TRUE, '2026-06-30 18:03:35');
INSERT INTO requests_Sila (request_ID, creator_ID, title, description, status, type, generated_id, final_priority_score, created_at) VALUES (2564, 26, 'Veri kaybi yasaniyor - Mock Dev 14 - 20', 'Performans cok dusuk.', 'COMPLETED', 'GELİŞTİRME', 'M-0564', 92.1, '2026-06-27 15:03:35');
INSERT INTO priorities_Sila (priority_ID, request_ID, company_points, product_mgr_score, software_mgr_score, priority_score) VALUES (2564, 2564, 95.3, 5, 4, 92.1);
INSERT INTO workflows_Sila (task_ID, request_ID, developer_ID, workflow_status, assigned_by_ID, assigned_at, resolved_at) VALUES (2564, 2564, 14, 'RESOLVED', 1, '2026-06-27 16:03:35', '2026-07-01 16:03:35');
INSERT INTO request_notes_Sila (note_ID, request_ID, content, submitter_ID, is_internal, created_at) VALUES (3119, 2564, 'Mock not eklendi. Test amacli. (Note 0)', 1, FALSE, '2026-06-27 17:03:35');
INSERT INTO requests_Sila (request_ID, creator_ID, title, description, status, type, generated_id, final_priority_score, created_at) VALUES (2565, 35, 'Mobil uyumluluk sorunu - Mock Dev 14 - 21', 'Test ortaminda calisiyor ama canlida hata veriyor.', 'COMPLETED', 'DİĞER', 'M-0565', 85.6, '2026-06-26 15:03:35');
INSERT INTO priorities_Sila (priority_ID, request_ID, company_points, product_mgr_score, software_mgr_score, priority_score) VALUES (2565, 2565, 94.0, 5, 3, 85.6);
INSERT INTO workflows_Sila (task_ID, request_ID, developer_ID, workflow_status, assigned_by_ID, assigned_at, resolved_at) VALUES (2565, 2565, 14, 'RESOLVED', 1, '2026-06-26 16:03:35', '2026-06-29 16:03:35');
INSERT INTO request_notes_Sila (note_ID, request_ID, content, submitter_ID, is_internal, created_at) VALUES (3120, 2565, 'Mock not eklendi. Test amacli. (Note 0)', 1, TRUE, '2026-06-26 17:03:35');
INSERT INTO requests_Sila (request_ID, creator_ID, title, description, status, type, generated_id, final_priority_score, created_at) VALUES (2566, 31, 'Sifre sifirlama maili gelmiyor - Mock Dev 14 - 22', 'Musteriler bu sorundan sikayetci, acil bakilmasi gerekiyor.', 'COMPLETED', 'DİĞER', 'M-0566', 82.4, '2026-07-03 15:03:35');
INSERT INTO priorities_Sila (priority_ID, request_ID, company_points, product_mgr_score, software_mgr_score, priority_score) VALUES (2566, 2566, 70.9, 4, 5, 82.4);
INSERT INTO workflows_Sila (task_ID, request_ID, developer_ID, workflow_status, assigned_by_ID, assigned_at, resolved_at) VALUES (2566, 2566, 14, 'RESOLVED', 1, '2026-07-03 16:03:35', '2026-07-08 16:03:35');
INSERT INTO request_notes_Sila (note_ID, request_ID, content, submitter_ID, is_internal, created_at) VALUES (3121, 2566, 'Mock not eklendi. Test amacli. (Note 0)', 1, TRUE, '2026-07-03 17:03:35');
INSERT INTO requests_Sila (request_ID, creator_ID, title, description, status, type, generated_id, final_priority_score, created_at) VALUES (2567, 35, 'Sayfa yuklenmiyor - Mock Dev 14 - 23', 'Musteriler bu sorundan sikayetci, acil bakilmasi gerekiyor.', 'COMPLETED', 'YENİ_ÖZELLİK_EKLEME', 'M-0567', 80.8, '2026-06-29 15:03:35');
INSERT INTO priorities_Sila (priority_ID, request_ID, company_points, product_mgr_score, software_mgr_score, priority_score) VALUES (2567, 2567, 97.1, 4, 3, 80.8);
INSERT INTO workflows_Sila (task_ID, request_ID, developer_ID, workflow_status, assigned_by_ID, assigned_at, resolved_at) VALUES (2567, 2567, 14, 'RESOLVED', 1, '2026-06-29 16:03:35', '2026-07-03 16:03:35');
INSERT INTO request_notes_Sila (note_ID, request_ID, content, submitter_ID, is_internal, created_at) VALUES (3122, 2567, 'Mock not eklendi. Test amacli. (Note 0)', 14, TRUE, '2026-06-29 17:03:35');
INSERT INTO request_notes_Sila (note_ID, request_ID, content, submitter_ID, is_internal, created_at) VALUES (3123, 2567, 'Mock not eklendi. Test amacli. (Note 1)', 14, TRUE, '2026-06-29 18:03:35');
INSERT INTO requests_Sila (request_ID, creator_ID, title, description, status, type, generated_id, final_priority_score, created_at) VALUES (2568, 27, 'Sifre sifirlama maili gelmiyor - Mock Dev 14 - 24', 'Sistemin genelini etkileyen bir yavaslik soz konusu.', 'COMPLETED', 'ENTEGRASYON_SIKINTILARI', 'M-0568', 85.8, '2026-06-26 15:03:35');
INSERT INTO priorities_Sila (priority_ID, request_ID, company_points, product_mgr_score, software_mgr_score, priority_score) VALUES (2568, 2568, 94.4, 4, 4, 85.8);
INSERT INTO workflows_Sila (task_ID, request_ID, developer_ID, workflow_status, assigned_by_ID, assigned_at, resolved_at) VALUES (2568, 2568, 14, 'RESOLVED', 1, '2026-06-26 16:03:35', '2026-06-30 16:03:35');
INSERT INTO request_notes_Sila (note_ID, request_ID, content, submitter_ID, is_internal, created_at) VALUES (3124, 2568, 'Mock not eklendi. Test amacli. (Note 0)', 14, FALSE, '2026-06-26 17:03:35');
INSERT INTO request_notes_Sila (note_ID, request_ID, content, submitter_ID, is_internal, created_at) VALUES (3125, 2568, 'Mock not eklendi. Test amacli. (Note 1)', 1, TRUE, '2026-06-26 18:03:35');
INSERT INTO request_notes_Sila (note_ID, request_ID, content, submitter_ID, is_internal, created_at) VALUES (3126, 2568, 'Mock not eklendi. Test amacli. (Note 2)', 1, FALSE, '2026-06-26 19:03:35');
INSERT INTO requests_Sila (request_ID, creator_ID, title, description, status, type, generated_id, final_priority_score, created_at) VALUES (2569, 30, 'Sayfa yuklenmiyor - Mock Dev 14 - 25', 'Performans cok dusuk.', 'COMPLETED', 'YENİ_ÖZELLİK_EKLEME', 'M-0569', 82.9, '2026-07-15 15:03:35');
INSERT INTO priorities_Sila (priority_ID, request_ID, company_points, product_mgr_score, software_mgr_score, priority_score) VALUES (2569, 2569, 87.2, 3, 5, 82.9);
INSERT INTO workflows_Sila (task_ID, request_ID, developer_ID, workflow_status, assigned_by_ID, assigned_at, resolved_at) VALUES (2569, 2569, 14, 'RESOLVED', 1, '2026-07-15 16:03:35', '2026-07-16 16:03:35');
INSERT INTO request_notes_Sila (note_ID, request_ID, content, submitter_ID, is_internal, created_at) VALUES (3127, 2569, 'Mock not eklendi. Test amacli. (Note 0)', 1, FALSE, '2026-07-15 17:03:35');
INSERT INTO request_notes_Sila (note_ID, request_ID, content, submitter_ID, is_internal, created_at) VALUES (3128, 2569, 'Mock not eklendi. Test amacli. (Note 1)', 1, FALSE, '2026-07-15 18:03:35');
INSERT INTO request_notes_Sila (note_ID, request_ID, content, submitter_ID, is_internal, created_at) VALUES (3129, 2569, 'Mock not eklendi. Test amacli. (Note 2)', 14, TRUE, '2026-07-15 19:03:35');
INSERT INTO requests_Sila (request_ID, creator_ID, title, description, status, type, generated_id, final_priority_score, created_at) VALUES (2570, 29, 'Sifre sifirlama maili gelmiyor - Mock Dev 14 - 26', 'Veriler eksik geliyor, veritabani sorgusu optimize edilmeli.', 'ASSIGNED', 'GELİŞTİRME', 'M-0570', 72.0, '2026-07-15 15:03:35');
INSERT INTO priorities_Sila (priority_ID, request_ID, company_points, product_mgr_score, software_mgr_score, priority_score) VALUES (2570, 2570, 75.0, 4, 3, 72.0);
INSERT INTO workflows_Sila (task_ID, request_ID, developer_ID, workflow_status, assigned_by_ID, assigned_at) VALUES (2570, 2570, 14, 'ASSIGNED', 1, '2026-07-15 16:03:35');
INSERT INTO request_notes_Sila (note_ID, request_ID, content, submitter_ID, is_internal, created_at) VALUES (3130, 2570, 'Mock not eklendi. Test amacli. (Note 0)', 14, TRUE, '2026-07-15 17:03:35');
INSERT INTO request_notes_Sila (note_ID, request_ID, content, submitter_ID, is_internal, created_at) VALUES (3131, 2570, 'Mock not eklendi. Test amacli. (Note 1)', 1, TRUE, '2026-07-15 18:03:35');
INSERT INTO request_notes_Sila (note_ID, request_ID, content, submitter_ID, is_internal, created_at) VALUES (3132, 2570, 'Mock not eklendi. Test amacli. (Note 2)', 14, TRUE, '2026-07-15 19:03:35');
INSERT INTO requests_Sila (request_ID, creator_ID, title, description, status, type, generated_id, final_priority_score, created_at) VALUES (2571, 31, 'Sayfa yuklenmiyor - Mock Dev 14 - 27', 'Performans cok dusuk.', 'COMPLETED', 'BUG_DÜZELTME', 'M-0571', 87.7, '2026-06-24 15:03:35');
INSERT INTO priorities_Sila (priority_ID, request_ID, company_points, product_mgr_score, software_mgr_score, priority_score) VALUES (2571, 2571, 84.3, 5, 4, 87.7);
INSERT INTO workflows_Sila (task_ID, request_ID, developer_ID, workflow_status, assigned_by_ID, assigned_at, resolved_at) VALUES (2571, 2571, 14, 'RESOLVED', 1, '2026-06-24 16:03:35', '2026-06-29 16:03:35');
INSERT INTO request_notes_Sila (note_ID, request_ID, content, submitter_ID, is_internal, created_at) VALUES (3133, 2571, 'Mock not eklendi. Test amacli. (Note 0)', 14, FALSE, '2026-06-24 17:03:35');
INSERT INTO request_notes_Sila (note_ID, request_ID, content, submitter_ID, is_internal, created_at) VALUES (3134, 2571, 'Mock not eklendi. Test amacli. (Note 1)', 14, FALSE, '2026-06-24 18:03:35');
INSERT INTO request_notes_Sila (note_ID, request_ID, content, submitter_ID, is_internal, created_at) VALUES (3135, 2571, 'Mock not eklendi. Test amacli. (Note 2)', 14, TRUE, '2026-06-24 19:03:35');
INSERT INTO requests_Sila (request_ID, creator_ID, title, description, status, type, generated_id, final_priority_score, created_at) VALUES (2572, 35, 'Kullanici girisi yavas - Mock Dev 14 - 28', 'Dun yapilan guncellemeden sonra bozuldu.', 'ASSIGNED', 'SİSTEM_ÇÖKÜŞÜ', 'M-0572', 90.0, '2026-07-01 15:03:35');
INSERT INTO priorities_Sila (priority_ID, request_ID, company_points, product_mgr_score, software_mgr_score, priority_score) VALUES (2572, 2572, 75.0, 5, 5, 90.0);
INSERT INTO workflows_Sila (task_ID, request_ID, developer_ID, workflow_status, assigned_by_ID, assigned_at) VALUES (2572, 2572, 14, 'ASSIGNED', 1, '2026-07-01 16:03:35');
INSERT INTO request_notes_Sila (note_ID, request_ID, content, submitter_ID, is_internal, created_at) VALUES (3136, 2572, 'Mock not eklendi. Test amacli. (Note 0)', 14, FALSE, '2026-07-01 17:03:35');
INSERT INTO request_notes_Sila (note_ID, request_ID, content, submitter_ID, is_internal, created_at) VALUES (3137, 2572, 'Mock not eklendi. Test amacli. (Note 1)', 1, FALSE, '2026-07-01 18:03:35');
INSERT INTO requests_Sila (request_ID, creator_ID, title, description, status, type, generated_id, final_priority_score, created_at) VALUES (2573, 30, 'Raporlama modulu calismiyor - Mock Dev 14 - 29', 'Veriler eksik geliyor, veritabani sorgusu optimize edilmeli.', 'ASSIGNED', 'DİĞER', 'M-0573', 85.4, '2026-06-30 15:03:35');
INSERT INTO priorities_Sila (priority_ID, request_ID, company_points, product_mgr_score, software_mgr_score, priority_score) VALUES (2573, 2573, 93.5, 4, 4, 85.4);
INSERT INTO workflows_Sila (task_ID, request_ID, developer_ID, workflow_status, assigned_by_ID, assigned_at) VALUES (2573, 2573, 14, 'ASSIGNED', 1, '2026-06-30 16:03:35');
INSERT INTO request_notes_Sila (note_ID, request_ID, content, submitter_ID, is_internal, created_at) VALUES (3138, 2573, 'Mock not eklendi. Test amacli. (Note 0)', 1, FALSE, '2026-06-30 17:03:35');
INSERT INTO requests_Sila (request_ID, creator_ID, title, description, status, type, generated_id, final_priority_score, created_at) VALUES (2574, 29, 'Yeni buton eklenmesi - Mock Dev 14 - 30', 'Loglarda NullPointerException gordum, ekteki dosyaya bakiniz.', 'ASSIGNED', 'BUG_DÜZELTME', 'M-0574', 91.8, '2026-07-16 15:03:35');
INSERT INTO priorities_Sila (priority_ID, request_ID, company_points, product_mgr_score, software_mgr_score, priority_score) VALUES (2574, 2574, 94.4, 4, 5, 91.8);
INSERT INTO workflows_Sila (task_ID, request_ID, developer_ID, workflow_status, assigned_by_ID, assigned_at) VALUES (2574, 2574, 14, 'ASSIGNED', 1, '2026-07-16 16:03:35');
INSERT INTO request_notes_Sila (note_ID, request_ID, content, submitter_ID, is_internal, created_at) VALUES (3139, 2574, 'Mock not eklendi. Test amacli. (Note 0)', 1, TRUE, '2026-07-16 17:03:35');
INSERT INTO request_notes_Sila (note_ID, request_ID, content, submitter_ID, is_internal, created_at) VALUES (3140, 2574, 'Mock not eklendi. Test amacli. (Note 1)', 1, FALSE, '2026-07-16 18:03:35');
INSERT INTO request_notes_Sila (note_ID, request_ID, content, submitter_ID, is_internal, created_at) VALUES (3141, 2574, 'Mock not eklendi. Test amacli. (Note 2)', 14, TRUE, '2026-07-16 19:03:35');
INSERT INTO requests_Sila (request_ID, creator_ID, title, description, status, type, generated_id, final_priority_score, created_at) VALUES (2575, 26, 'Mobil uyumluluk sorunu - Mock Dev 14 - 31', 'Sistemin genelini etkileyen bir yavaslik soz konusu.', 'ASSIGNED', 'ENTEGRASYON_SIKINTILARI', 'M-0575', 79.8, '2026-06-26 15:03:35');
INSERT INTO priorities_Sila (priority_ID, request_ID, company_points, product_mgr_score, software_mgr_score, priority_score) VALUES (2575, 2575, 94.5, 3, 4, 79.8);
INSERT INTO workflows_Sila (task_ID, request_ID, developer_ID, workflow_status, assigned_by_ID, assigned_at) VALUES (2575, 2575, 14, 'ASSIGNED', 1, '2026-06-26 16:03:35');
INSERT INTO request_notes_Sila (note_ID, request_ID, content, submitter_ID, is_internal, created_at) VALUES (3142, 2575, 'Mock not eklendi. Test amacli. (Note 0)', 1, TRUE, '2026-06-26 17:03:35');
INSERT INTO requests_Sila (request_ID, creator_ID, title, description, status, type, generated_id, final_priority_score, created_at) VALUES (2576, 34, 'Yeni buton eklenmesi - Mock Dev 14 - 32', 'Test ortaminda calisiyor ama canlida hata veriyor.', 'COMPLETED', 'BUG_DÜZELTME', 'M-0576', 77.3, '2026-06-24 15:03:35');
INSERT INTO priorities_Sila (priority_ID, request_ID, company_points, product_mgr_score, software_mgr_score, priority_score) VALUES (2576, 2576, 73.3, 3, 5, 77.3);
INSERT INTO workflows_Sila (task_ID, request_ID, developer_ID, workflow_status, assigned_by_ID, assigned_at, resolved_at) VALUES (2576, 2576, 14, 'RESOLVED', 1, '2026-06-24 16:03:35', '2026-06-25 16:03:35');
INSERT INTO request_notes_Sila (note_ID, request_ID, content, submitter_ID, is_internal, created_at) VALUES (3143, 2576, 'Mock not eklendi. Test amacli. (Note 0)', 1, FALSE, '2026-06-24 17:03:35');
INSERT INTO request_notes_Sila (note_ID, request_ID, content, submitter_ID, is_internal, created_at) VALUES (3144, 2576, 'Mock not eklendi. Test amacli. (Note 1)', 1, TRUE, '2026-06-24 18:03:35');
INSERT INTO requests_Sila (request_ID, creator_ID, title, description, status, type, generated_id, final_priority_score, created_at) VALUES (2577, 34, 'Arayuzde kayma var - Mock Dev 14 - 33', 'Performans cok dusuk.', 'COMPLETED', 'SİSTEM_ÇÖKÜŞÜ', 'M-0577', 78.9, '2026-06-29 15:03:35');
INSERT INTO priorities_Sila (priority_ID, request_ID, company_points, product_mgr_score, software_mgr_score, priority_score) VALUES (2577, 2577, 77.4, 5, 3, 78.9);
INSERT INTO workflows_Sila (task_ID, request_ID, developer_ID, workflow_status, assigned_by_ID, assigned_at, resolved_at) VALUES (2577, 2577, 14, 'RESOLVED', 1, '2026-06-29 16:03:35', '2026-07-01 16:03:35');
INSERT INTO request_notes_Sila (note_ID, request_ID, content, submitter_ID, is_internal, created_at) VALUES (3145, 2577, 'Mock not eklendi. Test amacli. (Note 0)', 1, FALSE, '2026-06-29 17:03:35');
INSERT INTO requests_Sila (request_ID, creator_ID, title, description, status, type, generated_id, final_priority_score, created_at) VALUES (2578, 29, 'Mobil uyumluluk sorunu - Mock Dev 14 - 34', 'Test ortaminda calisiyor ama canlida hata veriyor.', 'COMPLETED', 'GELİŞTİRME', 'M-0578', 73.7, '2026-07-13 15:03:35');
INSERT INTO priorities_Sila (priority_ID, request_ID, company_points, product_mgr_score, software_mgr_score, priority_score) VALUES (2578, 2578, 79.4, 3, 4, 73.7);
INSERT INTO workflows_Sila (task_ID, request_ID, developer_ID, workflow_status, assigned_by_ID, assigned_at, resolved_at) VALUES (2578, 2578, 14, 'RESOLVED', 1, '2026-07-13 16:03:35', '2026-07-18 16:03:35');
INSERT INTO request_notes_Sila (note_ID, request_ID, content, submitter_ID, is_internal, created_at) VALUES (3146, 2578, 'Mock not eklendi. Test amacli. (Note 0)', 14, TRUE, '2026-07-13 17:03:35');
INSERT INTO request_notes_Sila (note_ID, request_ID, content, submitter_ID, is_internal, created_at) VALUES (3147, 2578, 'Mock not eklendi. Test amacli. (Note 1)', 1, TRUE, '2026-07-13 18:03:35');
INSERT INTO request_notes_Sila (note_ID, request_ID, content, submitter_ID, is_internal, created_at) VALUES (3148, 2578, 'Mock not eklendi. Test amacli. (Note 2)', 1, FALSE, '2026-07-13 19:03:35');
INSERT INTO requests_Sila (request_ID, creator_ID, title, description, status, type, generated_id, final_priority_score, created_at) VALUES (2579, 32, 'Yeni buton eklenmesi - Mock Dev 14 - 35', 'Veriler eksik geliyor, veritabani sorgusu optimize edilmeli.', 'ASSIGNED', 'DİĞER', 'M-0579', 79.5, '2026-06-22 15:03:35');
INSERT INTO priorities_Sila (priority_ID, request_ID, company_points, product_mgr_score, software_mgr_score, priority_score) VALUES (2579, 2579, 93.8, 3, 4, 79.5);
INSERT INTO workflows_Sila (task_ID, request_ID, developer_ID, workflow_status, assigned_by_ID, assigned_at) VALUES (2579, 2579, 14, 'ASSIGNED', 1, '2026-06-22 16:03:35');
INSERT INTO request_notes_Sila (note_ID, request_ID, content, submitter_ID, is_internal, created_at) VALUES (3149, 2579, 'Mock not eklendi. Test amacli. (Note 0)', 1, FALSE, '2026-06-22 17:03:35');
INSERT INTO request_notes_Sila (note_ID, request_ID, content, submitter_ID, is_internal, created_at) VALUES (3150, 2579, 'Mock not eklendi. Test amacli. (Note 1)', 1, FALSE, '2026-06-22 18:03:35');
INSERT INTO requests_Sila (request_ID, creator_ID, title, description, status, type, generated_id, final_priority_score, created_at) VALUES (2580, 29, 'Mobil uyumluluk sorunu - Mock Dev 14 - 36', 'Dun yapilan guncellemeden sonra bozuldu.', 'ASSIGNED', 'GELİŞTİRME', 'M-0580', 80.9, '2026-07-05 15:03:35');
INSERT INTO priorities_Sila (priority_ID, request_ID, company_points, product_mgr_score, software_mgr_score, priority_score) VALUES (2580, 2580, 82.2, 5, 3, 80.9);
INSERT INTO workflows_Sila (task_ID, request_ID, developer_ID, workflow_status, assigned_by_ID, assigned_at) VALUES (2580, 2580, 14, 'ASSIGNED', 1, '2026-07-05 16:03:35');
INSERT INTO request_notes_Sila (note_ID, request_ID, content, submitter_ID, is_internal, created_at) VALUES (3151, 2580, 'Mock not eklendi. Test amacli. (Note 0)', 14, TRUE, '2026-07-05 17:03:35');
INSERT INTO requests_Sila (request_ID, creator_ID, title, description, status, type, generated_id, final_priority_score, created_at) VALUES (2581, 32, 'Kullanici girisi yavas - Mock Dev 14 - 37', 'Performans cok dusuk.', 'ASSIGNED', 'YENİ_ÖZELLİK_EKLEME', 'M-0581', 76.0, '2026-07-17 15:03:35');
INSERT INTO priorities_Sila (priority_ID, request_ID, company_points, product_mgr_score, software_mgr_score, priority_score) VALUES (2581, 2581, 70.1, 3, 5, 76.0);
INSERT INTO workflows_Sila (task_ID, request_ID, developer_ID, workflow_status, assigned_by_ID, assigned_at) VALUES (2581, 2581, 14, 'ASSIGNED', 1, '2026-07-17 16:03:35');
INSERT INTO request_notes_Sila (note_ID, request_ID, content, submitter_ID, is_internal, created_at) VALUES (3152, 2581, 'Mock not eklendi. Test amacli. (Note 0)', 1, TRUE, '2026-07-17 17:03:35');
INSERT INTO requests_Sila (request_ID, creator_ID, title, description, status, type, generated_id, final_priority_score, created_at) VALUES (2582, 28, 'Veritabani baglanti hatasi - Mock Dev 14 - 38', 'Loglarda NullPointerException gordum, ekteki dosyaya bakiniz.', 'ASSIGNED', 'DİĞER', 'M-0582', 70.0, '2026-07-02 15:03:35');
INSERT INTO priorities_Sila (priority_ID, request_ID, company_points, product_mgr_score, software_mgr_score, priority_score) VALUES (2582, 2582, 84.9, 3, 3, 70.0);
INSERT INTO workflows_Sila (task_ID, request_ID, developer_ID, workflow_status, assigned_by_ID, assigned_at) VALUES (2582, 2582, 14, 'ASSIGNED', 1, '2026-07-02 16:03:35');
INSERT INTO request_notes_Sila (note_ID, request_ID, content, submitter_ID, is_internal, created_at) VALUES (3153, 2582, 'Mock not eklendi. Test amacli. (Note 0)', 14, TRUE, '2026-07-02 17:03:35');
INSERT INTO requests_Sila (request_ID, creator_ID, title, description, status, type, generated_id, final_priority_score, created_at) VALUES (2583, 34, '500 Internal Server Error - Mock Dev 14 - 39', 'Sistemin genelini etkileyen bir yavaslik soz konusu.', 'COMPLETED', 'YENİ_ÖZELLİK_EKLEME', 'M-0583', 81.7, '2026-07-08 15:03:35');
INSERT INTO priorities_Sila (priority_ID, request_ID, company_points, product_mgr_score, software_mgr_score, priority_score) VALUES (2583, 2583, 84.2, 3, 5, 81.7);
INSERT INTO workflows_Sila (task_ID, request_ID, developer_ID, workflow_status, assigned_by_ID, assigned_at, resolved_at) VALUES (2583, 2583, 14, 'RESOLVED', 1, '2026-07-08 16:03:35', '2026-07-13 16:03:35');
INSERT INTO request_notes_Sila (note_ID, request_ID, content, submitter_ID, is_internal, created_at) VALUES (3154, 2583, 'Mock not eklendi. Test amacli. (Note 0)', 1, FALSE, '2026-07-08 17:03:35');
INSERT INTO requests_Sila (request_ID, creator_ID, title, description, status, type, generated_id, final_priority_score, created_at) VALUES (2584, 33, 'Sifre sifirlama maili gelmiyor - Mock Dev 14 - 40', 'Sistemin genelini etkileyen bir yavaslik soz konusu.', 'COMPLETED', 'ENTEGRASYON_SIKINTILARI', 'M-0584', 83.2, '2026-06-22 15:03:35');
INSERT INTO priorities_Sila (priority_ID, request_ID, company_points, product_mgr_score, software_mgr_score, priority_score) VALUES (2584, 2584, 73.0, 5, 4, 83.2);
INSERT INTO workflows_Sila (task_ID, request_ID, developer_ID, workflow_status, assigned_by_ID, assigned_at, resolved_at) VALUES (2584, 2584, 14, 'RESOLVED', 1, '2026-06-22 16:03:35', '2026-06-25 16:03:35');
INSERT INTO request_notes_Sila (note_ID, request_ID, content, submitter_ID, is_internal, created_at) VALUES (3155, 2584, 'Mock not eklendi. Test amacli. (Note 0)', 14, TRUE, '2026-06-22 17:03:35');
INSERT INTO request_notes_Sila (note_ID, request_ID, content, submitter_ID, is_internal, created_at) VALUES (3156, 2584, 'Mock not eklendi. Test amacli. (Note 1)', 1, FALSE, '2026-06-22 18:03:35');
INSERT INTO requests_Sila (request_ID, creator_ID, title, description, status, type, generated_id, final_priority_score, created_at) VALUES (2585, 30, 'Raporlama modulu calismiyor - Mock Dev 14 - 41', 'Musteriler bu sorundan sikayetci, acil bakilmasi gerekiyor.', 'COMPLETED', 'GELİŞTİRME', 'M-0585', 99.2, '2026-06-25 15:03:35');
INSERT INTO priorities_Sila (priority_ID, request_ID, company_points, product_mgr_score, software_mgr_score, priority_score) VALUES (2585, 2585, 97.9, 5, 5, 99.2);
INSERT INTO workflows_Sila (task_ID, request_ID, developer_ID, workflow_status, assigned_by_ID, assigned_at, resolved_at) VALUES (2585, 2585, 14, 'RESOLVED', 1, '2026-06-25 16:03:35', '2026-06-26 16:03:35');
INSERT INTO request_notes_Sila (note_ID, request_ID, content, submitter_ID, is_internal, created_at) VALUES (3157, 2585, 'Mock not eklendi. Test amacli. (Note 0)', 1, FALSE, '2026-06-25 17:03:35');
INSERT INTO request_notes_Sila (note_ID, request_ID, content, submitter_ID, is_internal, created_at) VALUES (3158, 2585, 'Mock not eklendi. Test amacli. (Note 1)', 1, FALSE, '2026-06-25 18:03:35');
INSERT INTO requests_Sila (request_ID, creator_ID, title, description, status, type, generated_id, final_priority_score, created_at) VALUES (2586, 33, 'Veri kaybi yasaniyor - Mock Dev 14 - 42', 'Test ortaminda calisiyor ama canlida hata veriyor.', 'ASSIGNED', 'GELİŞTİRME', 'M-0586', 84.3, '2026-07-04 15:03:35');
INSERT INTO priorities_Sila (priority_ID, request_ID, company_points, product_mgr_score, software_mgr_score, priority_score) VALUES (2586, 2586, 90.7, 4, 4, 84.3);
INSERT INTO workflows_Sila (task_ID, request_ID, developer_ID, workflow_status, assigned_by_ID, assigned_at) VALUES (2586, 2586, 14, 'ASSIGNED', 1, '2026-07-04 16:03:35');
INSERT INTO request_notes_Sila (note_ID, request_ID, content, submitter_ID, is_internal, created_at) VALUES (3159, 2586, 'Mock not eklendi. Test amacli. (Note 0)', 1, TRUE, '2026-07-04 17:03:35');
INSERT INTO requests_Sila (request_ID, creator_ID, title, description, status, type, generated_id, final_priority_score, created_at) VALUES (2587, 31, 'Sifre sifirlama maili gelmiyor - Mock Dev 14 - 43', 'Test ortaminda calisiyor ama canlida hata veriyor.', 'COMPLETED', 'SİSTEM_ÇÖKÜŞÜ', 'M-0587', 77.4, '2026-07-09 15:03:35');
INSERT INTO priorities_Sila (priority_ID, request_ID, company_points, product_mgr_score, software_mgr_score, priority_score) VALUES (2587, 2587, 73.5, 3, 5, 77.4);
INSERT INTO workflows_Sila (task_ID, request_ID, developer_ID, workflow_status, assigned_by_ID, assigned_at, resolved_at) VALUES (2587, 2587, 14, 'RESOLVED', 1, '2026-07-09 16:03:35', '2026-07-14 16:03:35');
INSERT INTO request_notes_Sila (note_ID, request_ID, content, submitter_ID, is_internal, created_at) VALUES (3160, 2587, 'Mock not eklendi. Test amacli. (Note 0)', 14, FALSE, '2026-07-09 17:03:35');
INSERT INTO request_notes_Sila (note_ID, request_ID, content, submitter_ID, is_internal, created_at) VALUES (3161, 2587, 'Mock not eklendi. Test amacli. (Note 1)', 14, FALSE, '2026-07-09 18:03:35');
INSERT INTO requests_Sila (request_ID, creator_ID, title, description, status, type, generated_id, final_priority_score, created_at) VALUES (2588, 26, '500 Internal Server Error - Mock Dev 14 - 44', 'Performans cok dusuk.', 'COMPLETED', 'ENTEGRASYON_SIKINTILARI', 'M-0588', 73.3, '2026-07-04 15:03:35');
INSERT INTO priorities_Sila (priority_ID, request_ID, company_points, product_mgr_score, software_mgr_score, priority_score) VALUES (2588, 2588, 93.2, 3, 3, 73.3);
INSERT INTO workflows_Sila (task_ID, request_ID, developer_ID, workflow_status, assigned_by_ID, assigned_at, resolved_at) VALUES (2588, 2588, 14, 'RESOLVED', 1, '2026-07-04 16:03:35', '2026-07-07 16:03:35');
INSERT INTO request_notes_Sila (note_ID, request_ID, content, submitter_ID, is_internal, created_at) VALUES (3162, 2588, 'Mock not eklendi. Test amacli. (Note 0)', 14, FALSE, '2026-07-04 17:03:35');
INSERT INTO requests_Sila (request_ID, creator_ID, title, description, status, type, generated_id, final_priority_score, created_at) VALUES (2589, 33, 'Yeni buton eklenmesi - Mock Dev 14 - 45', 'Tasarim ekibi guncellemeyi talep etti.', 'ASSIGNED', 'YENİ_ÖZELLİK_EKLEME', 'M-0589', 81.1, '2026-07-05 15:03:35');
INSERT INTO priorities_Sila (priority_ID, request_ID, company_points, product_mgr_score, software_mgr_score, priority_score) VALUES (2589, 2589, 82.7, 5, 3, 81.1);
INSERT INTO workflows_Sila (task_ID, request_ID, developer_ID, workflow_status, assigned_by_ID, assigned_at) VALUES (2589, 2589, 14, 'ASSIGNED', 1, '2026-07-05 16:03:35');
INSERT INTO request_notes_Sila (note_ID, request_ID, content, submitter_ID, is_internal, created_at) VALUES (3163, 2589, 'Mock not eklendi. Test amacli. (Note 0)', 14, TRUE, '2026-07-05 17:03:35');
INSERT INTO request_notes_Sila (note_ID, request_ID, content, submitter_ID, is_internal, created_at) VALUES (3164, 2589, 'Mock not eklendi. Test amacli. (Note 1)', 14, FALSE, '2026-07-05 18:03:35');
INSERT INTO request_notes_Sila (note_ID, request_ID, content, submitter_ID, is_internal, created_at) VALUES (3165, 2589, 'Mock not eklendi. Test amacli. (Note 2)', 14, TRUE, '2026-07-05 19:03:35');
INSERT INTO requests_Sila (request_ID, creator_ID, title, description, status, type, generated_id, final_priority_score, created_at) VALUES (2590, 32, 'Sifre sifirlama maili gelmiyor - Mock Dev 14 - 46', 'Test ortaminda calisiyor ama canlida hata veriyor.', 'COMPLETED', 'GELİŞTİRME', 'M-0590', 80.2, '2026-06-23 15:03:35');
INSERT INTO priorities_Sila (priority_ID, request_ID, company_points, product_mgr_score, software_mgr_score, priority_score) VALUES (2590, 2590, 95.5, 4, 3, 80.2);
INSERT INTO workflows_Sila (task_ID, request_ID, developer_ID, workflow_status, assigned_by_ID, assigned_at, resolved_at) VALUES (2590, 2590, 14, 'RESOLVED', 1, '2026-06-23 16:03:35', '2026-06-26 16:03:35');
INSERT INTO request_notes_Sila (note_ID, request_ID, content, submitter_ID, is_internal, created_at) VALUES (3166, 2590, 'Mock not eklendi. Test amacli. (Note 0)', 14, TRUE, '2026-06-23 17:03:35');
INSERT INTO request_notes_Sila (note_ID, request_ID, content, submitter_ID, is_internal, created_at) VALUES (3167, 2590, 'Mock not eklendi. Test amacli. (Note 1)', 1, TRUE, '2026-06-23 18:03:35');
INSERT INTO request_notes_Sila (note_ID, request_ID, content, submitter_ID, is_internal, created_at) VALUES (3168, 2590, 'Mock not eklendi. Test amacli. (Note 2)', 14, FALSE, '2026-06-23 19:03:35');
INSERT INTO requests_Sila (request_ID, creator_ID, title, description, status, type, generated_id, final_priority_score, created_at) VALUES (2591, 26, 'Arayuzde kayma var - Mock Dev 14 - 47', 'Dun yapilan guncellemeden sonra bozuldu.', 'COMPLETED', 'SİSTEM_ÇÖKÜŞÜ', 'M-0591', 91.3, '2026-07-09 15:03:35');
INSERT INTO priorities_Sila (priority_ID, request_ID, company_points, product_mgr_score, software_mgr_score, priority_score) VALUES (2591, 2591, 93.3, 5, 4, 91.3);
INSERT INTO workflows_Sila (task_ID, request_ID, developer_ID, workflow_status, assigned_by_ID, assigned_at, resolved_at) VALUES (2591, 2591, 14, 'RESOLVED', 1, '2026-07-09 16:03:35', '2026-07-14 16:03:35');
INSERT INTO request_notes_Sila (note_ID, request_ID, content, submitter_ID, is_internal, created_at) VALUES (3169, 2591, 'Mock not eklendi. Test amacli. (Note 0)', 1, FALSE, '2026-07-09 17:03:35');
INSERT INTO requests_Sila (request_ID, creator_ID, title, description, status, type, generated_id, final_priority_score, created_at) VALUES (2592, 29, 'Sayfa yuklenmiyor - Mock Dev 14 - 48', 'Tasarim ekibi guncellemeyi talep etti.', 'ASSIGNED', 'BUG_DÜZELTME', 'M-0592', 87.9, '2026-07-18 15:03:35');
INSERT INTO priorities_Sila (priority_ID, request_ID, company_points, product_mgr_score, software_mgr_score, priority_score) VALUES (2592, 2592, 84.8, 4, 5, 87.9);
INSERT INTO workflows_Sila (task_ID, request_ID, developer_ID, workflow_status, assigned_by_ID, assigned_at) VALUES (2592, 2592, 14, 'ASSIGNED', 1, '2026-07-18 16:03:35');
INSERT INTO request_notes_Sila (note_ID, request_ID, content, submitter_ID, is_internal, created_at) VALUES (3170, 2592, 'Mock not eklendi. Test amacli. (Note 0)', 1, TRUE, '2026-07-18 17:03:35');
INSERT INTO request_notes_Sila (note_ID, request_ID, content, submitter_ID, is_internal, created_at) VALUES (3171, 2592, 'Mock not eklendi. Test amacli. (Note 1)', 1, FALSE, '2026-07-18 18:03:35');
INSERT INTO requests_Sila (request_ID, creator_ID, title, description, status, type, generated_id, final_priority_score, created_at) VALUES (2593, 29, '500 Internal Server Error - Mock Dev 14 - 49', 'Test ortaminda calisiyor ama canlida hata veriyor.', 'ASSIGNED', 'ENTEGRASYON_SIKINTILARI', 'M-0593', 81.2, '2026-07-06 15:03:35');
INSERT INTO priorities_Sila (priority_ID, request_ID, company_points, product_mgr_score, software_mgr_score, priority_score) VALUES (2593, 2593, 83.1, 5, 3, 81.2);
INSERT INTO workflows_Sila (task_ID, request_ID, developer_ID, workflow_status, assigned_by_ID, assigned_at) VALUES (2593, 2593, 14, 'ASSIGNED', 1, '2026-07-06 16:03:35');
INSERT INTO request_notes_Sila (note_ID, request_ID, content, submitter_ID, is_internal, created_at) VALUES (3172, 2593, 'Mock not eklendi. Test amacli. (Note 0)', 14, TRUE, '2026-07-06 17:03:35');
INSERT INTO request_notes_Sila (note_ID, request_ID, content, submitter_ID, is_internal, created_at) VALUES (3173, 2593, 'Mock not eklendi. Test amacli. (Note 1)', 14, FALSE, '2026-07-06 18:03:35');
INSERT INTO request_notes_Sila (note_ID, request_ID, content, submitter_ID, is_internal, created_at) VALUES (3174, 2593, 'Mock not eklendi. Test amacli. (Note 2)', 14, TRUE, '2026-07-06 19:03:35');
INSERT INTO requests_Sila (request_ID, creator_ID, title, description, status, type, generated_id, final_priority_score, created_at) VALUES (2594, 26, 'Sayfa yuklenmiyor - Mock Dev 15 - 0', 'Veriler eksik geliyor, veritabani sorgusu optimize edilmeli.', 'ASSIGNED', 'VERİ_KAYBI', 'M-0594', 68.1, '2026-07-01 15:03:35');
INSERT INTO priorities_Sila (priority_ID, request_ID, company_points, product_mgr_score, software_mgr_score, priority_score) VALUES (2594, 2594, 80.3, 3, 3, 68.1);
INSERT INTO workflows_Sila (task_ID, request_ID, developer_ID, workflow_status, assigned_by_ID, assigned_at) VALUES (2594, 2594, 15, 'ASSIGNED', 1, '2026-07-01 16:03:35');
INSERT INTO request_notes_Sila (note_ID, request_ID, content, submitter_ID, is_internal, created_at) VALUES (3175, 2594, 'Mock not eklendi. Test amacli. (Note 0)', 1, FALSE, '2026-07-01 17:03:35');
INSERT INTO request_notes_Sila (note_ID, request_ID, content, submitter_ID, is_internal, created_at) VALUES (3176, 2594, 'Mock not eklendi. Test amacli. (Note 1)', 15, FALSE, '2026-07-01 18:03:35');
INSERT INTO request_notes_Sila (note_ID, request_ID, content, submitter_ID, is_internal, created_at) VALUES (3177, 2594, 'Mock not eklendi. Test amacli. (Note 2)', 15, FALSE, '2026-07-01 19:03:35');
INSERT INTO requests_Sila (request_ID, creator_ID, title, description, status, type, generated_id, final_priority_score, created_at) VALUES (2595, 32, 'Raporlama modulu calismiyor - Mock Dev 15 - 1', 'Dun yapilan guncellemeden sonra bozuldu.', 'ASSIGNED', 'ENTEGRASYON_SIKINTILARI', 'M-0595', 89.3, '2026-06-22 15:03:35');
INSERT INTO priorities_Sila (priority_ID, request_ID, company_points, product_mgr_score, software_mgr_score, priority_score) VALUES (2595, 2595, 88.2, 4, 5, 89.3);
INSERT INTO workflows_Sila (task_ID, request_ID, developer_ID, workflow_status, assigned_by_ID, assigned_at) VALUES (2595, 2595, 15, 'ASSIGNED', 1, '2026-06-22 16:03:35');
INSERT INTO request_notes_Sila (note_ID, request_ID, content, submitter_ID, is_internal, created_at) VALUES (3178, 2595, 'Mock not eklendi. Test amacli. (Note 0)', 15, FALSE, '2026-06-22 17:03:35');
INSERT INTO request_notes_Sila (note_ID, request_ID, content, submitter_ID, is_internal, created_at) VALUES (3179, 2595, 'Mock not eklendi. Test amacli. (Note 1)', 1, TRUE, '2026-06-22 18:03:35');
INSERT INTO requests_Sila (request_ID, creator_ID, title, description, status, type, generated_id, final_priority_score, created_at) VALUES (2596, 35, 'Veritabani baglanti hatasi - Mock Dev 15 - 2', 'Musteriler bu sorundan sikayetci, acil bakilmasi gerekiyor.', 'ASSIGNED', 'YENİ_ÖZELLİK_EKLEME', 'M-0596', 84.7, '2026-07-08 15:03:35');
INSERT INTO priorities_Sila (priority_ID, request_ID, company_points, product_mgr_score, software_mgr_score, priority_score) VALUES (2596, 2596, 76.8, 4, 5, 84.7);
INSERT INTO workflows_Sila (task_ID, request_ID, developer_ID, workflow_status, assigned_by_ID, assigned_at) VALUES (2596, 2596, 15, 'ASSIGNED', 1, '2026-07-08 16:03:35');
INSERT INTO request_notes_Sila (note_ID, request_ID, content, submitter_ID, is_internal, created_at) VALUES (3180, 2596, 'Mock not eklendi. Test amacli. (Note 0)', 15, FALSE, '2026-07-08 17:03:35');
INSERT INTO requests_Sila (request_ID, creator_ID, title, description, status, type, generated_id, final_priority_score, created_at) VALUES (2597, 34, 'Veri kaybi yasaniyor - Mock Dev 15 - 3', 'Musteriler bu sorundan sikayetci, acil bakilmasi gerekiyor.', 'ASSIGNED', 'VERİ_KAYBI', 'M-0597', 71.8, '2026-06-23 15:03:35');
INSERT INTO priorities_Sila (priority_ID, request_ID, company_points, product_mgr_score, software_mgr_score, priority_score) VALUES (2597, 2597, 89.5, 3, 3, 71.8);
INSERT INTO workflows_Sila (task_ID, request_ID, developer_ID, workflow_status, assigned_by_ID, assigned_at) VALUES (2597, 2597, 15, 'ASSIGNED', 1, '2026-06-23 16:03:35');
INSERT INTO request_notes_Sila (note_ID, request_ID, content, submitter_ID, is_internal, created_at) VALUES (3181, 2597, 'Mock not eklendi. Test amacli. (Note 0)', 1, FALSE, '2026-06-23 17:03:35');
INSERT INTO request_notes_Sila (note_ID, request_ID, content, submitter_ID, is_internal, created_at) VALUES (3182, 2597, 'Mock not eklendi. Test amacli. (Note 1)', 1, TRUE, '2026-06-23 18:03:35');
INSERT INTO requests_Sila (request_ID, creator_ID, title, description, status, type, generated_id, final_priority_score, created_at) VALUES (2598, 30, 'Veri kaybi yasaniyor - Mock Dev 15 - 4', 'Veriler eksik geliyor, veritabani sorgusu optimize edilmeli.', 'COMPLETED', 'VERİ_KAYBI', 'M-0598', 89.5, '2026-07-19 15:03:35');
INSERT INTO priorities_Sila (priority_ID, request_ID, company_points, product_mgr_score, software_mgr_score, priority_score) VALUES (2598, 2598, 88.8, 4, 5, 89.5);
INSERT INTO workflows_Sila (task_ID, request_ID, developer_ID, workflow_status, assigned_by_ID, assigned_at, resolved_at) VALUES (2598, 2598, 15, 'RESOLVED', 1, '2026-07-19 16:03:35', '2026-07-20 16:03:35');
INSERT INTO request_notes_Sila (note_ID, request_ID, content, submitter_ID, is_internal, created_at) VALUES (3183, 2598, 'Mock not eklendi. Test amacli. (Note 0)', 1, FALSE, '2026-07-19 17:03:35');
INSERT INTO request_notes_Sila (note_ID, request_ID, content, submitter_ID, is_internal, created_at) VALUES (3184, 2598, 'Mock not eklendi. Test amacli. (Note 1)', 15, FALSE, '2026-07-19 18:03:35');
INSERT INTO requests_Sila (request_ID, creator_ID, title, description, status, type, generated_id, final_priority_score, created_at) VALUES (2599, 30, 'Yeni buton eklenmesi - Mock Dev 15 - 5', 'Dun yapilan guncellemeden sonra bozuldu.', 'COMPLETED', 'ENTEGRASYON_SIKINTILARI', 'M-0599', 73.0, '2026-07-05 15:03:35');
INSERT INTO priorities_Sila (priority_ID, request_ID, company_points, product_mgr_score, software_mgr_score, priority_score) VALUES (2599, 2599, 92.5, 3, 3, 73.0);
INSERT INTO workflows_Sila (task_ID, request_ID, developer_ID, workflow_status, assigned_by_ID, assigned_at, resolved_at) VALUES (2599, 2599, 15, 'RESOLVED', 1, '2026-07-05 16:03:35', '2026-07-07 16:03:35');
INSERT INTO request_notes_Sila (note_ID, request_ID, content, submitter_ID, is_internal, created_at) VALUES (3185, 2599, 'Mock not eklendi. Test amacli. (Note 0)', 1, FALSE, '2026-07-05 17:03:35');
INSERT INTO requests_Sila (request_ID, creator_ID, title, description, status, type, generated_id, final_priority_score, created_at) VALUES (2600, 33, 'Kullanici girisi yavas - Mock Dev 15 - 6', 'Performans cok dusuk.', 'ASSIGNED', 'ENTEGRASYON_SIKINTILARI', 'M-0600', 75.6, '2026-06-24 15:03:35');
INSERT INTO priorities_Sila (priority_ID, request_ID, company_points, product_mgr_score, software_mgr_score, priority_score) VALUES (2600, 2600, 99.0, 3, 3, 75.6);
INSERT INTO workflows_Sila (task_ID, request_ID, developer_ID, workflow_status, assigned_by_ID, assigned_at) VALUES (2600, 2600, 15, 'ASSIGNED', 1, '2026-06-24 16:03:35');
INSERT INTO request_notes_Sila (note_ID, request_ID, content, submitter_ID, is_internal, created_at) VALUES (3186, 2600, 'Mock not eklendi. Test amacli. (Note 0)', 15, TRUE, '2026-06-24 17:03:35');
INSERT INTO request_notes_Sila (note_ID, request_ID, content, submitter_ID, is_internal, created_at) VALUES (3187, 2600, 'Mock not eklendi. Test amacli. (Note 1)', 1, FALSE, '2026-06-24 18:03:35');
INSERT INTO requests_Sila (request_ID, creator_ID, title, description, status, type, generated_id, final_priority_score, created_at) VALUES (2601, 33, '500 Internal Server Error - Mock Dev 15 - 7', 'Loglarda NullPointerException gordum, ekteki dosyaya bakiniz.', 'COMPLETED', 'DİĞER', 'M-0601', 83.2, '2026-07-13 15:03:35');
INSERT INTO priorities_Sila (priority_ID, request_ID, company_points, product_mgr_score, software_mgr_score, priority_score) VALUES (2601, 2601, 88.0, 5, 3, 83.2);
INSERT INTO workflows_Sila (task_ID, request_ID, developer_ID, workflow_status, assigned_by_ID, assigned_at, resolved_at) VALUES (2601, 2601, 15, 'RESOLVED', 1, '2026-07-13 16:03:35', '2026-07-16 16:03:35');
INSERT INTO request_notes_Sila (note_ID, request_ID, content, submitter_ID, is_internal, created_at) VALUES (3188, 2601, 'Mock not eklendi. Test amacli. (Note 0)', 15, FALSE, '2026-07-13 17:03:35');
INSERT INTO requests_Sila (request_ID, creator_ID, title, description, status, type, generated_id, final_priority_score, created_at) VALUES (2602, 27, '500 Internal Server Error - Mock Dev 15 - 8', 'Sistemin genelini etkileyen bir yavaslik soz konusu.', 'ASSIGNED', 'GELİŞTİRME', 'M-0602', 87.2, '2026-06-24 15:03:35');
INSERT INTO priorities_Sila (priority_ID, request_ID, company_points, product_mgr_score, software_mgr_score, priority_score) VALUES (2602, 2602, 83.1, 5, 4, 87.2);
INSERT INTO workflows_Sila (task_ID, request_ID, developer_ID, workflow_status, assigned_by_ID, assigned_at) VALUES (2602, 2602, 15, 'ASSIGNED', 1, '2026-06-24 16:03:35');
INSERT INTO request_notes_Sila (note_ID, request_ID, content, submitter_ID, is_internal, created_at) VALUES (3189, 2602, 'Mock not eklendi. Test amacli. (Note 0)', 1, TRUE, '2026-06-24 17:03:35');
INSERT INTO request_notes_Sila (note_ID, request_ID, content, submitter_ID, is_internal, created_at) VALUES (3190, 2602, 'Mock not eklendi. Test amacli. (Note 1)', 1, FALSE, '2026-06-24 18:03:35');
INSERT INTO requests_Sila (request_ID, creator_ID, title, description, status, type, generated_id, final_priority_score, created_at) VALUES (2603, 30, 'Yeni buton eklenmesi - Mock Dev 15 - 9', 'Sistemin genelini etkileyen bir yavaslik soz konusu.', 'ASSIGNED', 'GELİŞTİRME', 'M-0603', 85.9, '2026-07-12 15:03:35');
INSERT INTO priorities_Sila (priority_ID, request_ID, company_points, product_mgr_score, software_mgr_score, priority_score) VALUES (2603, 2603, 94.6, 3, 5, 85.9);
INSERT INTO workflows_Sila (task_ID, request_ID, developer_ID, workflow_status, assigned_by_ID, assigned_at) VALUES (2603, 2603, 15, 'ASSIGNED', 1, '2026-07-12 16:03:35');
INSERT INTO request_notes_Sila (note_ID, request_ID, content, submitter_ID, is_internal, created_at) VALUES (3191, 2603, 'Mock not eklendi. Test amacli. (Note 0)', 15, FALSE, '2026-07-12 17:03:35');
INSERT INTO request_notes_Sila (note_ID, request_ID, content, submitter_ID, is_internal, created_at) VALUES (3192, 2603, 'Mock not eklendi. Test amacli. (Note 1)', 1, TRUE, '2026-07-12 18:03:35');
INSERT INTO requests_Sila (request_ID, creator_ID, title, description, status, type, generated_id, final_priority_score, created_at) VALUES (2604, 33, 'Sayfa yuklenmiyor - Mock Dev 15 - 10', 'Sistemin genelini etkileyen bir yavaslik soz konusu.', 'ASSIGNED', 'YENİ_ÖZELLİK_EKLEME', 'M-0604', 81.5, '2026-06-24 15:03:35');
INSERT INTO priorities_Sila (priority_ID, request_ID, company_points, product_mgr_score, software_mgr_score, priority_score) VALUES (2604, 2604, 98.8, 3, 4, 81.5);
INSERT INTO workflows_Sila (task_ID, request_ID, developer_ID, workflow_status, assigned_by_ID, assigned_at) VALUES (2604, 2604, 15, 'ASSIGNED', 1, '2026-06-24 16:03:35');
INSERT INTO request_notes_Sila (note_ID, request_ID, content, submitter_ID, is_internal, created_at) VALUES (3193, 2604, 'Mock not eklendi. Test amacli. (Note 0)', 15, FALSE, '2026-06-24 17:03:35');
INSERT INTO request_notes_Sila (note_ID, request_ID, content, submitter_ID, is_internal, created_at) VALUES (3194, 2604, 'Mock not eklendi. Test amacli. (Note 1)', 1, TRUE, '2026-06-24 18:03:35');
INSERT INTO request_notes_Sila (note_ID, request_ID, content, submitter_ID, is_internal, created_at) VALUES (3195, 2604, 'Mock not eklendi. Test amacli. (Note 2)', 1, TRUE, '2026-06-24 19:03:35');
INSERT INTO requests_Sila (request_ID, creator_ID, title, description, status, type, generated_id, final_priority_score, created_at) VALUES (2605, 28, 'Kullanici girisi yavas - Mock Dev 15 - 11', 'Sistemin genelini etkileyen bir yavaslik soz konusu.', 'COMPLETED', 'SİSTEM_ÇÖKÜŞÜ', 'M-0605', 97.7, '2026-07-05 15:03:35');
INSERT INTO priorities_Sila (priority_ID, request_ID, company_points, product_mgr_score, software_mgr_score, priority_score) VALUES (2605, 2605, 94.3, 5, 5, 97.7);
INSERT INTO workflows_Sila (task_ID, request_ID, developer_ID, workflow_status, assigned_by_ID, assigned_at, resolved_at) VALUES (2605, 2605, 15, 'RESOLVED', 1, '2026-07-05 16:03:35', '2026-07-06 16:03:35');
INSERT INTO request_notes_Sila (note_ID, request_ID, content, submitter_ID, is_internal, created_at) VALUES (3196, 2605, 'Mock not eklendi. Test amacli. (Note 0)', 15, FALSE, '2026-07-05 17:03:35');
INSERT INTO request_notes_Sila (note_ID, request_ID, content, submitter_ID, is_internal, created_at) VALUES (3197, 2605, 'Mock not eklendi. Test amacli. (Note 1)', 15, FALSE, '2026-07-05 18:03:35');
INSERT INTO request_notes_Sila (note_ID, request_ID, content, submitter_ID, is_internal, created_at) VALUES (3198, 2605, 'Mock not eklendi. Test amacli. (Note 2)', 15, TRUE, '2026-07-05 19:03:35');
INSERT INTO requests_Sila (request_ID, creator_ID, title, description, status, type, generated_id, final_priority_score, created_at) VALUES (2606, 30, 'Sayfa yuklenmiyor - Mock Dev 15 - 12', 'Sistemin genelini etkileyen bir yavaslik soz konusu.', 'COMPLETED', 'ENTEGRASYON_SIKINTILARI', 'M-0606', 77.3, '2026-07-01 15:03:35');
INSERT INTO priorities_Sila (priority_ID, request_ID, company_points, product_mgr_score, software_mgr_score, priority_score) VALUES (2606, 2606, 73.3, 4, 4, 77.3);
INSERT INTO workflows_Sila (task_ID, request_ID, developer_ID, workflow_status, assigned_by_ID, assigned_at, resolved_at) VALUES (2606, 2606, 15, 'RESOLVED', 1, '2026-07-01 16:03:35', '2026-07-02 16:03:35');
INSERT INTO request_notes_Sila (note_ID, request_ID, content, submitter_ID, is_internal, created_at) VALUES (3199, 2606, 'Mock not eklendi. Test amacli. (Note 0)', 1, FALSE, '2026-07-01 17:03:35');
INSERT INTO request_notes_Sila (note_ID, request_ID, content, submitter_ID, is_internal, created_at) VALUES (3200, 2606, 'Mock not eklendi. Test amacli. (Note 1)', 15, FALSE, '2026-07-01 18:03:35');
INSERT INTO request_notes_Sila (note_ID, request_ID, content, submitter_ID, is_internal, created_at) VALUES (3201, 2606, 'Mock not eklendi. Test amacli. (Note 2)', 1, TRUE, '2026-07-01 19:03:35');
INSERT INTO requests_Sila (request_ID, creator_ID, title, description, status, type, generated_id, final_priority_score, created_at) VALUES (2607, 28, 'Veri kaybi yasaniyor - Mock Dev 15 - 13', 'Sistemin genelini etkileyen bir yavaslik soz konusu.', 'COMPLETED', 'YENİ_ÖZELLİK_EKLEME', 'M-0607', 81.0, '2026-07-10 15:03:35');
INSERT INTO priorities_Sila (priority_ID, request_ID, company_points, product_mgr_score, software_mgr_score, priority_score) VALUES (2607, 2607, 82.6, 5, 3, 81.0);
INSERT INTO workflows_Sila (task_ID, request_ID, developer_ID, workflow_status, assigned_by_ID, assigned_at, resolved_at) VALUES (2607, 2607, 15, 'RESOLVED', 1, '2026-07-10 16:03:35', '2026-07-15 16:03:35');
INSERT INTO request_notes_Sila (note_ID, request_ID, content, submitter_ID, is_internal, created_at) VALUES (3202, 2607, 'Mock not eklendi. Test amacli. (Note 0)', 1, FALSE, '2026-07-10 17:03:35');
INSERT INTO requests_Sila (request_ID, creator_ID, title, description, status, type, generated_id, final_priority_score, created_at) VALUES (2608, 28, 'Arayuzde kayma var - Mock Dev 15 - 14', 'Tasarim ekibi guncellemeyi talep etti.', 'ASSIGNED', 'YENİ_ÖZELLİK_EKLEME', 'M-0608', 75.0, '2026-07-14 15:03:35');
INSERT INTO priorities_Sila (priority_ID, request_ID, company_points, product_mgr_score, software_mgr_score, priority_score) VALUES (2608, 2608, 82.6, 3, 4, 75.0);
INSERT INTO workflows_Sila (task_ID, request_ID, developer_ID, workflow_status, assigned_by_ID, assigned_at) VALUES (2608, 2608, 15, 'ASSIGNED', 1, '2026-07-14 16:03:35');
INSERT INTO request_notes_Sila (note_ID, request_ID, content, submitter_ID, is_internal, created_at) VALUES (3203, 2608, 'Mock not eklendi. Test amacli. (Note 0)', 1, TRUE, '2026-07-14 17:03:35');
INSERT INTO requests_Sila (request_ID, creator_ID, title, description, status, type, generated_id, final_priority_score, created_at) VALUES (2609, 35, 'Mobil uyumluluk sorunu - Mock Dev 15 - 15', 'Test ortaminda calisiyor ama canlida hata veriyor.', 'ASSIGNED', 'GELİŞTİRME', 'M-0609', 76.2, '2026-07-10 15:03:35');
INSERT INTO priorities_Sila (priority_ID, request_ID, company_points, product_mgr_score, software_mgr_score, priority_score) VALUES (2609, 2609, 70.4, 3, 5, 76.2);
INSERT INTO workflows_Sila (task_ID, request_ID, developer_ID, workflow_status, assigned_by_ID, assigned_at) VALUES (2609, 2609, 15, 'ASSIGNED', 1, '2026-07-10 16:03:35');
INSERT INTO request_notes_Sila (note_ID, request_ID, content, submitter_ID, is_internal, created_at) VALUES (3204, 2609, 'Mock not eklendi. Test amacli. (Note 0)', 15, TRUE, '2026-07-10 17:03:35');
INSERT INTO request_notes_Sila (note_ID, request_ID, content, submitter_ID, is_internal, created_at) VALUES (3205, 2609, 'Mock not eklendi. Test amacli. (Note 1)', 1, FALSE, '2026-07-10 18:03:35');
INSERT INTO request_notes_Sila (note_ID, request_ID, content, submitter_ID, is_internal, created_at) VALUES (3206, 2609, 'Mock not eklendi. Test amacli. (Note 2)', 1, FALSE, '2026-07-10 19:03:35');
INSERT INTO requests_Sila (request_ID, creator_ID, title, description, status, type, generated_id, final_priority_score, created_at) VALUES (2610, 35, 'Sifre sifirlama maili gelmiyor - Mock Dev 15 - 16', 'Veriler eksik geliyor, veritabani sorgusu optimize edilmeli.', 'ASSIGNED', 'BUG_DÜZELTME', 'M-0610', 72.3, '2026-07-16 15:03:35');
INSERT INTO priorities_Sila (priority_ID, request_ID, company_points, product_mgr_score, software_mgr_score, priority_score) VALUES (2610, 2610, 75.6, 4, 3, 72.3);
INSERT INTO workflows_Sila (task_ID, request_ID, developer_ID, workflow_status, assigned_by_ID, assigned_at) VALUES (2610, 2610, 15, 'ASSIGNED', 1, '2026-07-16 16:03:35');
INSERT INTO request_notes_Sila (note_ID, request_ID, content, submitter_ID, is_internal, created_at) VALUES (3207, 2610, 'Mock not eklendi. Test amacli. (Note 0)', 15, FALSE, '2026-07-16 17:03:35');
INSERT INTO request_notes_Sila (note_ID, request_ID, content, submitter_ID, is_internal, created_at) VALUES (3208, 2610, 'Mock not eklendi. Test amacli. (Note 1)', 1, TRUE, '2026-07-16 18:03:35');
INSERT INTO request_notes_Sila (note_ID, request_ID, content, submitter_ID, is_internal, created_at) VALUES (3209, 2610, 'Mock not eklendi. Test amacli. (Note 2)', 15, FALSE, '2026-07-16 19:03:35');
INSERT INTO requests_Sila (request_ID, creator_ID, title, description, status, type, generated_id, final_priority_score, created_at) VALUES (2611, 30, 'Veri kaybi yasaniyor - Mock Dev 15 - 17', 'Dun yapilan guncellemeden sonra bozuldu.', 'ASSIGNED', 'YENİ_ÖZELLİK_EKLEME', 'M-0611', 76.9, '2026-06-28 15:03:35');
INSERT INTO priorities_Sila (priority_ID, request_ID, company_points, product_mgr_score, software_mgr_score, priority_score) VALUES (2611, 2611, 87.3, 3, 4, 76.9);
INSERT INTO workflows_Sila (task_ID, request_ID, developer_ID, workflow_status, assigned_by_ID, assigned_at) VALUES (2611, 2611, 15, 'ASSIGNED', 1, '2026-06-28 16:03:35');
INSERT INTO request_notes_Sila (note_ID, request_ID, content, submitter_ID, is_internal, created_at) VALUES (3210, 2611, 'Mock not eklendi. Test amacli. (Note 0)', 1, TRUE, '2026-06-28 17:03:35');
INSERT INTO request_notes_Sila (note_ID, request_ID, content, submitter_ID, is_internal, created_at) VALUES (3211, 2611, 'Mock not eklendi. Test amacli. (Note 1)', 1, TRUE, '2026-06-28 18:03:35');
INSERT INTO request_notes_Sila (note_ID, request_ID, content, submitter_ID, is_internal, created_at) VALUES (3212, 2611, 'Mock not eklendi. Test amacli. (Note 2)', 1, FALSE, '2026-06-28 19:03:35');
INSERT INTO requests_Sila (request_ID, creator_ID, title, description, status, type, generated_id, final_priority_score, created_at) VALUES (2612, 26, 'Yeni buton eklenmesi - Mock Dev 15 - 18', 'Loglarda NullPointerException gordum, ekteki dosyaya bakiniz.', 'ASSIGNED', 'GELİŞTİRME', 'M-0612', 75.9, '2026-07-11 15:03:35');
INSERT INTO priorities_Sila (priority_ID, request_ID, company_points, product_mgr_score, software_mgr_score, priority_score) VALUES (2612, 2612, 99.8, 3, 3, 75.9);
INSERT INTO workflows_Sila (task_ID, request_ID, developer_ID, workflow_status, assigned_by_ID, assigned_at) VALUES (2612, 2612, 15, 'ASSIGNED', 1, '2026-07-11 16:03:35');
INSERT INTO request_notes_Sila (note_ID, request_ID, content, submitter_ID, is_internal, created_at) VALUES (3213, 2612, 'Mock not eklendi. Test amacli. (Note 0)', 1, FALSE, '2026-07-11 17:03:35');
INSERT INTO requests_Sila (request_ID, creator_ID, title, description, status, type, generated_id, final_priority_score, created_at) VALUES (2613, 32, 'Veritabani baglanti hatasi - Mock Dev 15 - 19', 'Tasarim ekibi guncellemeyi talep etti.', 'ASSIGNED', 'BUG_DÜZELTME', 'M-0613', 78.7, '2026-07-19 15:03:35');
INSERT INTO priorities_Sila (priority_ID, request_ID, company_points, product_mgr_score, software_mgr_score, priority_score) VALUES (2613, 2613, 76.8, 4, 4, 78.7);
INSERT INTO workflows_Sila (task_ID, request_ID, developer_ID, workflow_status, assigned_by_ID, assigned_at) VALUES (2613, 2613, 15, 'ASSIGNED', 1, '2026-07-19 16:03:35');
INSERT INTO request_notes_Sila (note_ID, request_ID, content, submitter_ID, is_internal, created_at) VALUES (3214, 2613, 'Mock not eklendi. Test amacli. (Note 0)', 15, FALSE, '2026-07-19 17:03:35');
INSERT INTO requests_Sila (request_ID, creator_ID, title, description, status, type, generated_id, final_priority_score, created_at) VALUES (2614, 35, '500 Internal Server Error - Mock Dev 15 - 20', 'Performans cok dusuk.', 'COMPLETED', 'DİĞER', 'M-0614', 78.7, '2026-07-14 15:03:35');
INSERT INTO priorities_Sila (priority_ID, request_ID, company_points, product_mgr_score, software_mgr_score, priority_score) VALUES (2614, 2614, 76.8, 4, 4, 78.7);
INSERT INTO workflows_Sila (task_ID, request_ID, developer_ID, workflow_status, assigned_by_ID, assigned_at, resolved_at) VALUES (2614, 2614, 15, 'RESOLVED', 1, '2026-07-14 16:03:35', '2026-07-18 16:03:35');
INSERT INTO request_notes_Sila (note_ID, request_ID, content, submitter_ID, is_internal, created_at) VALUES (3215, 2614, 'Mock not eklendi. Test amacli. (Note 0)', 15, TRUE, '2026-07-14 17:03:35');
INSERT INTO request_notes_Sila (note_ID, request_ID, content, submitter_ID, is_internal, created_at) VALUES (3216, 2614, 'Mock not eklendi. Test amacli. (Note 1)', 15, FALSE, '2026-07-14 18:03:35');
INSERT INTO request_notes_Sila (note_ID, request_ID, content, submitter_ID, is_internal, created_at) VALUES (3217, 2614, 'Mock not eklendi. Test amacli. (Note 2)', 15, FALSE, '2026-07-14 19:03:35');
INSERT INTO requests_Sila (request_ID, creator_ID, title, description, status, type, generated_id, final_priority_score, created_at) VALUES (2615, 29, 'Kullanici girisi yavas - Mock Dev 15 - 21', 'Performans cok dusuk.', 'ASSIGNED', 'YENİ_ÖZELLİK_EKLEME', 'M-0615', 81.7, '2026-07-11 15:03:35');
INSERT INTO priorities_Sila (priority_ID, request_ID, company_points, product_mgr_score, software_mgr_score, priority_score) VALUES (2615, 2615, 84.2, 4, 4, 81.7);
INSERT INTO workflows_Sila (task_ID, request_ID, developer_ID, workflow_status, assigned_by_ID, assigned_at) VALUES (2615, 2615, 15, 'ASSIGNED', 1, '2026-07-11 16:03:35');
INSERT INTO request_notes_Sila (note_ID, request_ID, content, submitter_ID, is_internal, created_at) VALUES (3218, 2615, 'Mock not eklendi. Test amacli. (Note 0)', 15, FALSE, '2026-07-11 17:03:35');
INSERT INTO request_notes_Sila (note_ID, request_ID, content, submitter_ID, is_internal, created_at) VALUES (3219, 2615, 'Mock not eklendi. Test amacli. (Note 1)', 15, TRUE, '2026-07-11 18:03:35');
INSERT INTO request_notes_Sila (note_ID, request_ID, content, submitter_ID, is_internal, created_at) VALUES (3220, 2615, 'Mock not eklendi. Test amacli. (Note 2)', 15, FALSE, '2026-07-11 19:03:35');
INSERT INTO requests_Sila (request_ID, creator_ID, title, description, status, type, generated_id, final_priority_score, created_at) VALUES (2616, 34, 'Sifre sifirlama maili gelmiyor - Mock Dev 15 - 22', 'Loglarda NullPointerException gordum, ekteki dosyaya bakiniz.', 'ASSIGNED', 'BUG_DÜZELTME', 'M-0616', 68.4, '2026-07-15 15:03:35');
INSERT INTO priorities_Sila (priority_ID, request_ID, company_points, product_mgr_score, software_mgr_score, priority_score) VALUES (2616, 2616, 81.0, 3, 3, 68.4);
INSERT INTO workflows_Sila (task_ID, request_ID, developer_ID, workflow_status, assigned_by_ID, assigned_at) VALUES (2616, 2616, 15, 'ASSIGNED', 1, '2026-07-15 16:03:35');
INSERT INTO request_notes_Sila (note_ID, request_ID, content, submitter_ID, is_internal, created_at) VALUES (3221, 2616, 'Mock not eklendi. Test amacli. (Note 0)', 15, FALSE, '2026-07-15 17:03:35');
INSERT INTO request_notes_Sila (note_ID, request_ID, content, submitter_ID, is_internal, created_at) VALUES (3222, 2616, 'Mock not eklendi. Test amacli. (Note 1)', 15, TRUE, '2026-07-15 18:03:35');
INSERT INTO request_notes_Sila (note_ID, request_ID, content, submitter_ID, is_internal, created_at) VALUES (3223, 2616, 'Mock not eklendi. Test amacli. (Note 2)', 1, FALSE, '2026-07-15 19:03:35');
INSERT INTO requests_Sila (request_ID, creator_ID, title, description, status, type, generated_id, final_priority_score, created_at) VALUES (2617, 27, 'Raporlama modulu calismiyor - Mock Dev 15 - 23', 'Musteriler bu sorundan sikayetci, acil bakilmasi gerekiyor.', 'ASSIGNED', 'GELİŞTİRME', 'M-0617', 89.1, '2026-07-02 15:03:35');
INSERT INTO priorities_Sila (priority_ID, request_ID, company_points, product_mgr_score, software_mgr_score, priority_score) VALUES (2617, 2617, 72.6, 5, 5, 89.1);
INSERT INTO workflows_Sila (task_ID, request_ID, developer_ID, workflow_status, assigned_by_ID, assigned_at) VALUES (2617, 2617, 15, 'ASSIGNED', 1, '2026-07-02 16:03:35');
INSERT INTO request_notes_Sila (note_ID, request_ID, content, submitter_ID, is_internal, created_at) VALUES (3224, 2617, 'Mock not eklendi. Test amacli. (Note 0)', 15, FALSE, '2026-07-02 17:03:35');
INSERT INTO request_notes_Sila (note_ID, request_ID, content, submitter_ID, is_internal, created_at) VALUES (3225, 2617, 'Mock not eklendi. Test amacli. (Note 1)', 15, FALSE, '2026-07-02 18:03:35');
INSERT INTO requests_Sila (request_ID, creator_ID, title, description, status, type, generated_id, final_priority_score, created_at) VALUES (2618, 26, 'Veritabani baglanti hatasi - Mock Dev 15 - 24', 'Dun yapilan guncellemeden sonra bozuldu.', 'ASSIGNED', 'ENTEGRASYON_SIKINTILARI', 'M-0618', 82.8, '2026-06-25 15:03:35');
INSERT INTO priorities_Sila (priority_ID, request_ID, company_points, product_mgr_score, software_mgr_score, priority_score) VALUES (2618, 2618, 72.0, 4, 5, 82.8);
INSERT INTO workflows_Sila (task_ID, request_ID, developer_ID, workflow_status, assigned_by_ID, assigned_at) VALUES (2618, 2618, 15, 'ASSIGNED', 1, '2026-06-25 16:03:35');
INSERT INTO request_notes_Sila (note_ID, request_ID, content, submitter_ID, is_internal, created_at) VALUES (3226, 2618, 'Mock not eklendi. Test amacli. (Note 0)', 1, FALSE, '2026-06-25 17:03:35');
INSERT INTO request_notes_Sila (note_ID, request_ID, content, submitter_ID, is_internal, created_at) VALUES (3227, 2618, 'Mock not eklendi. Test amacli. (Note 1)', 15, TRUE, '2026-06-25 18:03:35');
INSERT INTO request_notes_Sila (note_ID, request_ID, content, submitter_ID, is_internal, created_at) VALUES (3228, 2618, 'Mock not eklendi. Test amacli. (Note 2)', 15, TRUE, '2026-06-25 19:03:35');
INSERT INTO requests_Sila (request_ID, creator_ID, title, description, status, type, generated_id, final_priority_score, created_at) VALUES (2619, 35, 'Veri kaybi yasaniyor - Mock Dev 15 - 25', 'Loglarda NullPointerException gordum, ekteki dosyaya bakiniz.', 'ASSIGNED', 'SİSTEM_ÇÖKÜŞÜ', 'M-0619', 87.2, '2026-07-15 15:03:35');
INSERT INTO priorities_Sila (priority_ID, request_ID, company_points, product_mgr_score, software_mgr_score, priority_score) VALUES (2619, 2619, 83.0, 5, 4, 87.2);
INSERT INTO workflows_Sila (task_ID, request_ID, developer_ID, workflow_status, assigned_by_ID, assigned_at) VALUES (2619, 2619, 15, 'ASSIGNED', 1, '2026-07-15 16:03:35');
INSERT INTO request_notes_Sila (note_ID, request_ID, content, submitter_ID, is_internal, created_at) VALUES (3229, 2619, 'Mock not eklendi. Test amacli. (Note 0)', 1, FALSE, '2026-07-15 17:03:35');
INSERT INTO requests_Sila (request_ID, creator_ID, title, description, status, type, generated_id, final_priority_score, created_at) VALUES (2620, 30, 'Veri kaybi yasaniyor - Mock Dev 15 - 26', 'Loglarda NullPointerException gordum, ekteki dosyaya bakiniz.', 'ASSIGNED', 'ENTEGRASYON_SIKINTILARI', 'M-0620', 93.4, '2026-07-17 15:03:35');
INSERT INTO priorities_Sila (priority_ID, request_ID, company_points, product_mgr_score, software_mgr_score, priority_score) VALUES (2620, 2620, 98.6, 4, 5, 93.4);
INSERT INTO workflows_Sila (task_ID, request_ID, developer_ID, workflow_status, assigned_by_ID, assigned_at) VALUES (2620, 2620, 15, 'ASSIGNED', 1, '2026-07-17 16:03:35');
INSERT INTO request_notes_Sila (note_ID, request_ID, content, submitter_ID, is_internal, created_at) VALUES (3230, 2620, 'Mock not eklendi. Test amacli. (Note 0)', 15, FALSE, '2026-07-17 17:03:35');
INSERT INTO request_notes_Sila (note_ID, request_ID, content, submitter_ID, is_internal, created_at) VALUES (3231, 2620, 'Mock not eklendi. Test amacli. (Note 1)', 15, FALSE, '2026-07-17 18:03:35');
INSERT INTO requests_Sila (request_ID, creator_ID, title, description, status, type, generated_id, final_priority_score, created_at) VALUES (2621, 33, 'Kullanici girisi yavas - Mock Dev 15 - 27', 'Performans cok dusuk.', 'ASSIGNED', 'DİĞER', 'M-0621', 71.8, '2026-06-29 15:03:35');
INSERT INTO priorities_Sila (priority_ID, request_ID, company_points, product_mgr_score, software_mgr_score, priority_score) VALUES (2621, 2621, 89.6, 3, 3, 71.8);
INSERT INTO workflows_Sila (task_ID, request_ID, developer_ID, workflow_status, assigned_by_ID, assigned_at) VALUES (2621, 2621, 15, 'ASSIGNED', 1, '2026-06-29 16:03:35');
INSERT INTO request_notes_Sila (note_ID, request_ID, content, submitter_ID, is_internal, created_at) VALUES (3232, 2621, 'Mock not eklendi. Test amacli. (Note 0)', 1, TRUE, '2026-06-29 17:03:35');
INSERT INTO request_notes_Sila (note_ID, request_ID, content, submitter_ID, is_internal, created_at) VALUES (3233, 2621, 'Mock not eklendi. Test amacli. (Note 1)', 15, FALSE, '2026-06-29 18:03:35');
INSERT INTO requests_Sila (request_ID, creator_ID, title, description, status, type, generated_id, final_priority_score, created_at) VALUES (2622, 35, 'Raporlama modulu calismiyor - Mock Dev 15 - 28', 'Musteriler bu sorundan sikayetci, acil bakilmasi gerekiyor.', 'ASSIGNED', 'ENTEGRASYON_SIKINTILARI', 'M-0622', 78.3, '2026-07-09 15:03:35');
INSERT INTO priorities_Sila (priority_ID, request_ID, company_points, product_mgr_score, software_mgr_score, priority_score) VALUES (2622, 2622, 75.7, 3, 5, 78.3);
INSERT INTO workflows_Sila (task_ID, request_ID, developer_ID, workflow_status, assigned_by_ID, assigned_at) VALUES (2622, 2622, 15, 'ASSIGNED', 1, '2026-07-09 16:03:35');
INSERT INTO request_notes_Sila (note_ID, request_ID, content, submitter_ID, is_internal, created_at) VALUES (3234, 2622, 'Mock not eklendi. Test amacli. (Note 0)', 1, FALSE, '2026-07-09 17:03:35');
INSERT INTO requests_Sila (request_ID, creator_ID, title, description, status, type, generated_id, final_priority_score, created_at) VALUES (2623, 31, 'Veritabani baglanti hatasi - Mock Dev 15 - 29', 'Veriler eksik geliyor, veritabani sorgusu optimize edilmeli.', 'COMPLETED', 'VERİ_KAYBI', 'M-0623', 92.3, '2026-06-21 15:03:35');
INSERT INTO priorities_Sila (priority_ID, request_ID, company_points, product_mgr_score, software_mgr_score, priority_score) VALUES (2623, 2623, 95.8, 4, 5, 92.3);
INSERT INTO workflows_Sila (task_ID, request_ID, developer_ID, workflow_status, assigned_by_ID, assigned_at, resolved_at) VALUES (2623, 2623, 15, 'RESOLVED', 1, '2026-06-21 16:03:35', '2026-06-26 16:03:35');
INSERT INTO request_notes_Sila (note_ID, request_ID, content, submitter_ID, is_internal, created_at) VALUES (3235, 2623, 'Mock not eklendi. Test amacli. (Note 0)', 15, TRUE, '2026-06-21 17:03:35');
INSERT INTO request_notes_Sila (note_ID, request_ID, content, submitter_ID, is_internal, created_at) VALUES (3236, 2623, 'Mock not eklendi. Test amacli. (Note 1)', 15, TRUE, '2026-06-21 18:03:35');
INSERT INTO requests_Sila (request_ID, creator_ID, title, description, status, type, generated_id, final_priority_score, created_at) VALUES (2624, 31, '500 Internal Server Error - Mock Dev 15 - 30', 'Performans cok dusuk.', 'COMPLETED', 'SİSTEM_ÇÖKÜŞÜ', 'M-0624', 84.9, '2026-07-19 15:03:35');
INSERT INTO priorities_Sila (priority_ID, request_ID, company_points, product_mgr_score, software_mgr_score, priority_score) VALUES (2624, 2624, 92.3, 3, 5, 84.9);
INSERT INTO workflows_Sila (task_ID, request_ID, developer_ID, workflow_status, assigned_by_ID, assigned_at, resolved_at) VALUES (2624, 2624, 15, 'RESOLVED', 1, '2026-07-19 16:03:35', '2026-07-24 16:03:35');
INSERT INTO request_notes_Sila (note_ID, request_ID, content, submitter_ID, is_internal, created_at) VALUES (3237, 2624, 'Mock not eklendi. Test amacli. (Note 0)', 15, FALSE, '2026-07-19 17:03:35');
INSERT INTO requests_Sila (request_ID, creator_ID, title, description, status, type, generated_id, final_priority_score, created_at) VALUES (2625, 30, 'Veri kaybi yasaniyor - Mock Dev 15 - 31', 'Test ortaminda calisiyor ama canlida hata veriyor.', 'ASSIGNED', 'YENİ_ÖZELLİK_EKLEME', 'M-0625', 77.8, '2026-06-25 15:03:35');
INSERT INTO priorities_Sila (priority_ID, request_ID, company_points, product_mgr_score, software_mgr_score, priority_score) VALUES (2625, 2625, 74.4, 5, 3, 77.8);
INSERT INTO workflows_Sila (task_ID, request_ID, developer_ID, workflow_status, assigned_by_ID, assigned_at) VALUES (2625, 2625, 15, 'ASSIGNED', 1, '2026-06-25 16:03:35');
INSERT INTO request_notes_Sila (note_ID, request_ID, content, submitter_ID, is_internal, created_at) VALUES (3238, 2625, 'Mock not eklendi. Test amacli. (Note 0)', 15, FALSE, '2026-06-25 17:03:35');
INSERT INTO request_notes_Sila (note_ID, request_ID, content, submitter_ID, is_internal, created_at) VALUES (3239, 2625, 'Mock not eklendi. Test amacli. (Note 1)', 15, FALSE, '2026-06-25 18:03:35');
INSERT INTO request_notes_Sila (note_ID, request_ID, content, submitter_ID, is_internal, created_at) VALUES (3240, 2625, 'Mock not eklendi. Test amacli. (Note 2)', 1, FALSE, '2026-06-25 19:03:35');
INSERT INTO requests_Sila (request_ID, creator_ID, title, description, status, type, generated_id, final_priority_score, created_at) VALUES (2626, 28, 'Veritabani baglanti hatasi - Mock Dev 15 - 32', 'Test ortaminda calisiyor ama canlida hata veriyor.', 'ASSIGNED', 'YENİ_ÖZELLİK_EKLEME', 'M-0626', 83.2, '2026-06-23 15:03:35');
INSERT INTO priorities_Sila (priority_ID, request_ID, company_points, product_mgr_score, software_mgr_score, priority_score) VALUES (2626, 2626, 72.9, 5, 4, 83.2);
INSERT INTO workflows_Sila (task_ID, request_ID, developer_ID, workflow_status, assigned_by_ID, assigned_at) VALUES (2626, 2626, 15, 'ASSIGNED', 1, '2026-06-23 16:03:35');
INSERT INTO request_notes_Sila (note_ID, request_ID, content, submitter_ID, is_internal, created_at) VALUES (3241, 2626, 'Mock not eklendi. Test amacli. (Note 0)', 1, FALSE, '2026-06-23 17:03:35');
INSERT INTO requests_Sila (request_ID, creator_ID, title, description, status, type, generated_id, final_priority_score, created_at) VALUES (2627, 31, 'Yeni buton eklenmesi - Mock Dev 15 - 33', 'Performans cok dusuk.', 'COMPLETED', 'VERİ_KAYBI', 'M-0627', 75.1, '2026-07-10 15:03:35');
INSERT INTO priorities_Sila (priority_ID, request_ID, company_points, product_mgr_score, software_mgr_score, priority_score) VALUES (2627, 2627, 97.8, 3, 3, 75.1);
INSERT INTO workflows_Sila (task_ID, request_ID, developer_ID, workflow_status, assigned_by_ID, assigned_at, resolved_at) VALUES (2627, 2627, 15, 'RESOLVED', 1, '2026-07-10 16:03:35', '2026-07-13 16:03:35');
INSERT INTO request_notes_Sila (note_ID, request_ID, content, submitter_ID, is_internal, created_at) VALUES (3242, 2627, 'Mock not eklendi. Test amacli. (Note 0)', 1, FALSE, '2026-07-10 17:03:35');
INSERT INTO request_notes_Sila (note_ID, request_ID, content, submitter_ID, is_internal, created_at) VALUES (3243, 2627, 'Mock not eklendi. Test amacli. (Note 1)', 15, TRUE, '2026-07-10 18:03:35');
INSERT INTO request_notes_Sila (note_ID, request_ID, content, submitter_ID, is_internal, created_at) VALUES (3244, 2627, 'Mock not eklendi. Test amacli. (Note 2)', 15, FALSE, '2026-07-10 19:03:35');
INSERT INTO requests_Sila (request_ID, creator_ID, title, description, status, type, generated_id, final_priority_score, created_at) VALUES (2628, 28, 'Veritabani baglanti hatasi - Mock Dev 15 - 34', 'Test ortaminda calisiyor ama canlida hata veriyor.', 'COMPLETED', 'SİSTEM_ÇÖKÜŞÜ', 'M-0628', 84.8, '2026-06-25 15:03:35');
INSERT INTO priorities_Sila (priority_ID, request_ID, company_points, product_mgr_score, software_mgr_score, priority_score) VALUES (2628, 2628, 91.9, 5, 3, 84.8);
INSERT INTO workflows_Sila (task_ID, request_ID, developer_ID, workflow_status, assigned_by_ID, assigned_at, resolved_at) VALUES (2628, 2628, 15, 'RESOLVED', 1, '2026-06-25 16:03:35', '2026-06-26 16:03:35');
INSERT INTO request_notes_Sila (note_ID, request_ID, content, submitter_ID, is_internal, created_at) VALUES (3245, 2628, 'Mock not eklendi. Test amacli. (Note 0)', 15, TRUE, '2026-06-25 17:03:35');
INSERT INTO requests_Sila (request_ID, creator_ID, title, description, status, type, generated_id, final_priority_score, created_at) VALUES (2629, 35, 'Mobil uyumluluk sorunu - Mock Dev 16 - 0', 'Tasarim ekibi guncellemeyi talep etti.', 'ASSIGNED', 'ENTEGRASYON_SIKINTILARI', 'M-0629', 86.7, '2026-06-21 15:03:35');
INSERT INTO priorities_Sila (priority_ID, request_ID, company_points, product_mgr_score, software_mgr_score, priority_score) VALUES (2629, 2629, 96.8, 3, 5, 86.7);
INSERT INTO workflows_Sila (task_ID, request_ID, developer_ID, workflow_status, assigned_by_ID, assigned_at) VALUES (2629, 2629, 16, 'ASSIGNED', 1, '2026-06-21 16:03:35');
INSERT INTO request_notes_Sila (note_ID, request_ID, content, submitter_ID, is_internal, created_at) VALUES (3246, 2629, 'Mock not eklendi. Test amacli. (Note 0)', 1, FALSE, '2026-06-21 17:03:35');
INSERT INTO request_notes_Sila (note_ID, request_ID, content, submitter_ID, is_internal, created_at) VALUES (3247, 2629, 'Mock not eklendi. Test amacli. (Note 1)', 16, TRUE, '2026-06-21 18:03:35');
INSERT INTO requests_Sila (request_ID, creator_ID, title, description, status, type, generated_id, final_priority_score, created_at) VALUES (2630, 32, 'Kullanici girisi yavas - Mock Dev 16 - 1', 'Veriler eksik geliyor, veritabani sorgusu optimize edilmeli.', 'COMPLETED', 'GELİŞTİRME', 'M-0630', 98.3, '2026-07-17 15:03:35');
INSERT INTO priorities_Sila (priority_ID, request_ID, company_points, product_mgr_score, software_mgr_score, priority_score) VALUES (2630, 2630, 95.6, 5, 5, 98.3);
INSERT INTO workflows_Sila (task_ID, request_ID, developer_ID, workflow_status, assigned_by_ID, assigned_at, resolved_at) VALUES (2630, 2630, 16, 'RESOLVED', 1, '2026-07-17 16:03:35', '2026-07-21 16:03:35');
INSERT INTO request_notes_Sila (note_ID, request_ID, content, submitter_ID, is_internal, created_at) VALUES (3248, 2630, 'Mock not eklendi. Test amacli. (Note 0)', 1, TRUE, '2026-07-17 17:03:35');
INSERT INTO request_notes_Sila (note_ID, request_ID, content, submitter_ID, is_internal, created_at) VALUES (3249, 2630, 'Mock not eklendi. Test amacli. (Note 1)', 16, FALSE, '2026-07-17 18:03:35');
INSERT INTO requests_Sila (request_ID, creator_ID, title, description, status, type, generated_id, final_priority_score, created_at) VALUES (2631, 30, '500 Internal Server Error - Mock Dev 16 - 2', 'Loglarda NullPointerException gordum, ekteki dosyaya bakiniz.', 'COMPLETED', 'SİSTEM_ÇÖKÜŞÜ', 'M-0631', 82.1, '2026-07-04 15:03:35');
INSERT INTO priorities_Sila (priority_ID, request_ID, company_points, product_mgr_score, software_mgr_score, priority_score) VALUES (2631, 2631, 85.3, 5, 3, 82.1);
INSERT INTO workflows_Sila (task_ID, request_ID, developer_ID, workflow_status, assigned_by_ID, assigned_at, resolved_at) VALUES (2631, 2631, 16, 'RESOLVED', 1, '2026-07-04 16:03:35', '2026-07-08 16:03:35');
INSERT INTO request_notes_Sila (note_ID, request_ID, content, submitter_ID, is_internal, created_at) VALUES (3250, 2631, 'Mock not eklendi. Test amacli. (Note 0)', 1, TRUE, '2026-07-04 17:03:35');
INSERT INTO requests_Sila (request_ID, creator_ID, title, description, status, type, generated_id, final_priority_score, created_at) VALUES (2632, 28, 'Kullanici girisi yavas - Mock Dev 16 - 3', 'Veriler eksik geliyor, veritabani sorgusu optimize edilmeli.', 'ASSIGNED', 'ENTEGRASYON_SIKINTILARI', 'M-0632', 69.5, '2026-06-29 15:03:35');
INSERT INTO priorities_Sila (priority_ID, request_ID, company_points, product_mgr_score, software_mgr_score, priority_score) VALUES (2632, 2632, 83.8, 3, 3, 69.5);
INSERT INTO workflows_Sila (task_ID, request_ID, developer_ID, workflow_status, assigned_by_ID, assigned_at) VALUES (2632, 2632, 16, 'ASSIGNED', 1, '2026-06-29 16:03:35');
INSERT INTO request_notes_Sila (note_ID, request_ID, content, submitter_ID, is_internal, created_at) VALUES (3251, 2632, 'Mock not eklendi. Test amacli. (Note 0)', 1, FALSE, '2026-06-29 17:03:35');
INSERT INTO request_notes_Sila (note_ID, request_ID, content, submitter_ID, is_internal, created_at) VALUES (3252, 2632, 'Mock not eklendi. Test amacli. (Note 1)', 1, TRUE, '2026-06-29 18:03:35');
INSERT INTO requests_Sila (request_ID, creator_ID, title, description, status, type, generated_id, final_priority_score, created_at) VALUES (2633, 27, 'Yeni buton eklenmesi - Mock Dev 16 - 4', 'Performans cok dusuk.', 'COMPLETED', 'GELİŞTİRME', 'M-0633', 77.9, '2026-06-26 15:03:35');
INSERT INTO priorities_Sila (priority_ID, request_ID, company_points, product_mgr_score, software_mgr_score, priority_score) VALUES (2633, 2633, 89.8, 4, 3, 77.9);
INSERT INTO workflows_Sila (task_ID, request_ID, developer_ID, workflow_status, assigned_by_ID, assigned_at, resolved_at) VALUES (2633, 2633, 16, 'RESOLVED', 1, '2026-06-26 16:03:35', '2026-07-01 16:03:35');
INSERT INTO request_notes_Sila (note_ID, request_ID, content, submitter_ID, is_internal, created_at) VALUES (3253, 2633, 'Mock not eklendi. Test amacli. (Note 0)', 16, FALSE, '2026-06-26 17:03:35');
INSERT INTO requests_Sila (request_ID, creator_ID, title, description, status, type, generated_id, final_priority_score, created_at) VALUES (2634, 31, 'Veritabani baglanti hatasi - Mock Dev 16 - 5', 'Loglarda NullPointerException gordum, ekteki dosyaya bakiniz.', 'COMPLETED', 'SİSTEM_ÇÖKÜŞÜ', 'M-0634', 88.8, '2026-07-09 15:03:35');
INSERT INTO priorities_Sila (priority_ID, request_ID, company_points, product_mgr_score, software_mgr_score, priority_score) VALUES (2634, 2634, 72.1, 5, 5, 88.8);
INSERT INTO workflows_Sila (task_ID, request_ID, developer_ID, workflow_status, assigned_by_ID, assigned_at, resolved_at) VALUES (2634, 2634, 16, 'RESOLVED', 1, '2026-07-09 16:03:35', '2026-07-11 16:03:35');
INSERT INTO request_notes_Sila (note_ID, request_ID, content, submitter_ID, is_internal, created_at) VALUES (3254, 2634, 'Mock not eklendi. Test amacli. (Note 0)', 1, FALSE, '2026-07-09 17:03:35');
INSERT INTO request_notes_Sila (note_ID, request_ID, content, submitter_ID, is_internal, created_at) VALUES (3255, 2634, 'Mock not eklendi. Test amacli. (Note 1)', 1, TRUE, '2026-07-09 18:03:35');
INSERT INTO request_notes_Sila (note_ID, request_ID, content, submitter_ID, is_internal, created_at) VALUES (3256, 2634, 'Mock not eklendi. Test amacli. (Note 2)', 1, TRUE, '2026-07-09 19:03:35');
INSERT INTO requests_Sila (request_ID, creator_ID, title, description, status, type, generated_id, final_priority_score, created_at) VALUES (2635, 33, 'Mobil uyumluluk sorunu - Mock Dev 16 - 6', 'Dun yapilan guncellemeden sonra bozuldu.', 'ASSIGNED', 'DİĞER', 'M-0635', 89.0, '2026-07-08 15:03:35');
INSERT INTO priorities_Sila (priority_ID, request_ID, company_points, product_mgr_score, software_mgr_score, priority_score) VALUES (2635, 2635, 87.6, 4, 5, 89.0);
INSERT INTO workflows_Sila (task_ID, request_ID, developer_ID, workflow_status, assigned_by_ID, assigned_at) VALUES (2635, 2635, 16, 'ASSIGNED', 1, '2026-07-08 16:03:35');
INSERT INTO request_notes_Sila (note_ID, request_ID, content, submitter_ID, is_internal, created_at) VALUES (3257, 2635, 'Mock not eklendi. Test amacli. (Note 0)', 1, FALSE, '2026-07-08 17:03:35');
INSERT INTO request_notes_Sila (note_ID, request_ID, content, submitter_ID, is_internal, created_at) VALUES (3258, 2635, 'Mock not eklendi. Test amacli. (Note 1)', 16, FALSE, '2026-07-08 18:03:35');
INSERT INTO requests_Sila (request_ID, creator_ID, title, description, status, type, generated_id, final_priority_score, created_at) VALUES (2636, 35, 'Yeni buton eklenmesi - Mock Dev 16 - 7', 'Dun yapilan guncellemeden sonra bozuldu.', 'ASSIGNED', 'BUG_DÜZELTME', 'M-0636', 82.2, '2026-07-08 15:03:35');
INSERT INTO priorities_Sila (priority_ID, request_ID, company_points, product_mgr_score, software_mgr_score, priority_score) VALUES (2636, 2636, 70.4, 5, 4, 82.2);
INSERT INTO workflows_Sila (task_ID, request_ID, developer_ID, workflow_status, assigned_by_ID, assigned_at) VALUES (2636, 2636, 16, 'ASSIGNED', 1, '2026-07-08 16:03:35');
INSERT INTO request_notes_Sila (note_ID, request_ID, content, submitter_ID, is_internal, created_at) VALUES (3259, 2636, 'Mock not eklendi. Test amacli. (Note 0)', 16, TRUE, '2026-07-08 17:03:35');
INSERT INTO request_notes_Sila (note_ID, request_ID, content, submitter_ID, is_internal, created_at) VALUES (3260, 2636, 'Mock not eklendi. Test amacli. (Note 1)', 1, TRUE, '2026-07-08 18:03:35');
INSERT INTO request_notes_Sila (note_ID, request_ID, content, submitter_ID, is_internal, created_at) VALUES (3261, 2636, 'Mock not eklendi. Test amacli. (Note 2)', 16, TRUE, '2026-07-08 19:03:35');
INSERT INTO requests_Sila (request_ID, creator_ID, title, description, status, type, generated_id, final_priority_score, created_at) VALUES (2637, 34, 'Kullanici girisi yavas - Mock Dev 16 - 8', 'Loglarda NullPointerException gordum, ekteki dosyaya bakiniz.', 'COMPLETED', 'YENİ_ÖZELLİK_EKLEME', 'M-0637', 94.5, '2026-06-26 15:03:35');
INSERT INTO priorities_Sila (priority_ID, request_ID, company_points, product_mgr_score, software_mgr_score, priority_score) VALUES (2637, 2637, 86.3, 5, 5, 94.5);
INSERT INTO workflows_Sila (task_ID, request_ID, developer_ID, workflow_status, assigned_by_ID, assigned_at, resolved_at) VALUES (2637, 2637, 16, 'RESOLVED', 1, '2026-06-26 16:03:35', '2026-06-28 16:03:35');
INSERT INTO request_notes_Sila (note_ID, request_ID, content, submitter_ID, is_internal, created_at) VALUES (3262, 2637, 'Mock not eklendi. Test amacli. (Note 0)', 1, TRUE, '2026-06-26 17:03:35');
INSERT INTO requests_Sila (request_ID, creator_ID, title, description, status, type, generated_id, final_priority_score, created_at) VALUES (2638, 28, '500 Internal Server Error - Mock Dev 16 - 9', 'Sistemin genelini etkileyen bir yavaslik soz konusu.', 'COMPLETED', 'YENİ_ÖZELLİK_EKLEME', 'M-0638', 68.6, '2026-07-15 15:03:35');
INSERT INTO priorities_Sila (priority_ID, request_ID, company_points, product_mgr_score, software_mgr_score, priority_score) VALUES (2638, 2638, 81.4, 3, 3, 68.6);
INSERT INTO workflows_Sila (task_ID, request_ID, developer_ID, workflow_status, assigned_by_ID, assigned_at, resolved_at) VALUES (2638, 2638, 16, 'RESOLVED', 1, '2026-07-15 16:03:35', '2026-07-20 16:03:35');
INSERT INTO request_notes_Sila (note_ID, request_ID, content, submitter_ID, is_internal, created_at) VALUES (3263, 2638, 'Mock not eklendi. Test amacli. (Note 0)', 1, TRUE, '2026-07-15 17:03:35');
INSERT INTO request_notes_Sila (note_ID, request_ID, content, submitter_ID, is_internal, created_at) VALUES (3264, 2638, 'Mock not eklendi. Test amacli. (Note 1)', 16, FALSE, '2026-07-15 18:03:35');
INSERT INTO request_notes_Sila (note_ID, request_ID, content, submitter_ID, is_internal, created_at) VALUES (3265, 2638, 'Mock not eklendi. Test amacli. (Note 2)', 16, TRUE, '2026-07-15 19:03:35');
INSERT INTO requests_Sila (request_ID, creator_ID, title, description, status, type, generated_id, final_priority_score, created_at) VALUES (2639, 30, 'Sayfa yuklenmiyor - Mock Dev 16 - 10', 'Sistemin genelini etkileyen bir yavaslik soz konusu.', 'ASSIGNED', 'BUG_DÜZELTME', 'M-0639', 89.8, '2026-06-27 15:03:35');
INSERT INTO priorities_Sila (priority_ID, request_ID, company_points, product_mgr_score, software_mgr_score, priority_score) VALUES (2639, 2639, 74.6, 5, 5, 89.8);
INSERT INTO workflows_Sila (task_ID, request_ID, developer_ID, workflow_status, assigned_by_ID, assigned_at) VALUES (2639, 2639, 16, 'ASSIGNED', 1, '2026-06-27 16:03:35');
INSERT INTO request_notes_Sila (note_ID, request_ID, content, submitter_ID, is_internal, created_at) VALUES (3266, 2639, 'Mock not eklendi. Test amacli. (Note 0)', 1, TRUE, '2026-06-27 17:03:35');
INSERT INTO request_notes_Sila (note_ID, request_ID, content, submitter_ID, is_internal, created_at) VALUES (3267, 2639, 'Mock not eklendi. Test amacli. (Note 1)', 1, TRUE, '2026-06-27 18:03:35');
INSERT INTO request_notes_Sila (note_ID, request_ID, content, submitter_ID, is_internal, created_at) VALUES (3268, 2639, 'Mock not eklendi. Test amacli. (Note 2)', 16, TRUE, '2026-06-27 19:03:35');
INSERT INTO requests_Sila (request_ID, creator_ID, title, description, status, type, generated_id, final_priority_score, created_at) VALUES (2640, 35, 'Arayuzde kayma var - Mock Dev 16 - 11', 'Veriler eksik geliyor, veritabani sorgusu optimize edilmeli.', 'COMPLETED', 'YENİ_ÖZELLİK_EKLEME', 'M-0640', 71.8, '2026-07-18 15:03:35');
INSERT INTO priorities_Sila (priority_ID, request_ID, company_points, product_mgr_score, software_mgr_score, priority_score) VALUES (2640, 2640, 74.6, 3, 4, 71.8);
INSERT INTO workflows_Sila (task_ID, request_ID, developer_ID, workflow_status, assigned_by_ID, assigned_at, resolved_at) VALUES (2640, 2640, 16, 'RESOLVED', 1, '2026-07-18 16:03:35', '2026-07-22 16:03:35');
INSERT INTO request_notes_Sila (note_ID, request_ID, content, submitter_ID, is_internal, created_at) VALUES (3269, 2640, 'Mock not eklendi. Test amacli. (Note 0)', 16, FALSE, '2026-07-18 17:03:35');
INSERT INTO requests_Sila (request_ID, creator_ID, title, description, status, type, generated_id, final_priority_score, created_at) VALUES (2641, 26, 'Sayfa yuklenmiyor - Mock Dev 16 - 12', 'Veriler eksik geliyor, veritabani sorgusu optimize edilmeli.', 'COMPLETED', 'GELİŞTİRME', 'M-0641', 87.0, '2026-07-19 15:03:35');
INSERT INTO priorities_Sila (priority_ID, request_ID, company_points, product_mgr_score, software_mgr_score, priority_score) VALUES (2641, 2641, 82.6, 5, 4, 87.0);
INSERT INTO workflows_Sila (task_ID, request_ID, developer_ID, workflow_status, assigned_by_ID, assigned_at, resolved_at) VALUES (2641, 2641, 16, 'RESOLVED', 1, '2026-07-19 16:03:35', '2026-07-20 16:03:35');
INSERT INTO request_notes_Sila (note_ID, request_ID, content, submitter_ID, is_internal, created_at) VALUES (3270, 2641, 'Mock not eklendi. Test amacli. (Note 0)', 16, FALSE, '2026-07-19 17:03:35');
INSERT INTO requests_Sila (request_ID, creator_ID, title, description, status, type, generated_id, final_priority_score, created_at) VALUES (2642, 28, 'Kullanici girisi yavas - Mock Dev 16 - 13', 'Veriler eksik geliyor, veritabani sorgusu optimize edilmeli.', 'ASSIGNED', 'SİSTEM_ÇÖKÜŞÜ', 'M-0642', 85.8, '2026-06-25 15:03:35');
INSERT INTO priorities_Sila (priority_ID, request_ID, company_points, product_mgr_score, software_mgr_score, priority_score) VALUES (2642, 2642, 79.5, 4, 5, 85.8);
INSERT INTO workflows_Sila (task_ID, request_ID, developer_ID, workflow_status, assigned_by_ID, assigned_at) VALUES (2642, 2642, 16, 'ASSIGNED', 1, '2026-06-25 16:03:35');
INSERT INTO request_notes_Sila (note_ID, request_ID, content, submitter_ID, is_internal, created_at) VALUES (3271, 2642, 'Mock not eklendi. Test amacli. (Note 0)', 1, TRUE, '2026-06-25 17:03:35');
INSERT INTO requests_Sila (request_ID, creator_ID, title, description, status, type, generated_id, final_priority_score, created_at) VALUES (2643, 33, '500 Internal Server Error - Mock Dev 16 - 14', 'Dun yapilan guncellemeden sonra bozuldu.', 'ASSIGNED', 'VERİ_KAYBI', 'M-0643', 67.3, '2026-06-21 15:03:35');
INSERT INTO priorities_Sila (priority_ID, request_ID, company_points, product_mgr_score, software_mgr_score, priority_score) VALUES (2643, 2643, 78.4, 3, 3, 67.3);
INSERT INTO workflows_Sila (task_ID, request_ID, developer_ID, workflow_status, assigned_by_ID, assigned_at) VALUES (2643, 2643, 16, 'ASSIGNED', 1, '2026-06-21 16:03:35');
INSERT INTO request_notes_Sila (note_ID, request_ID, content, submitter_ID, is_internal, created_at) VALUES (3272, 2643, 'Mock not eklendi. Test amacli. (Note 0)', 1, TRUE, '2026-06-21 17:03:35');
INSERT INTO request_notes_Sila (note_ID, request_ID, content, submitter_ID, is_internal, created_at) VALUES (3273, 2643, 'Mock not eklendi. Test amacli. (Note 1)', 16, TRUE, '2026-06-21 18:03:35');
INSERT INTO requests_Sila (request_ID, creator_ID, title, description, status, type, generated_id, final_priority_score, created_at) VALUES (2644, 32, 'Veritabani baglanti hatasi - Mock Dev 16 - 15', 'Sistemin genelini etkileyen bir yavaslik soz konusu.', 'ASSIGNED', 'ENTEGRASYON_SIKINTILARI', 'M-0644', 89.7, '2026-07-18 15:03:35');
INSERT INTO priorities_Sila (priority_ID, request_ID, company_points, product_mgr_score, software_mgr_score, priority_score) VALUES (2644, 2644, 89.2, 4, 5, 89.7);
INSERT INTO workflows_Sila (task_ID, request_ID, developer_ID, workflow_status, assigned_by_ID, assigned_at) VALUES (2644, 2644, 16, 'ASSIGNED', 1, '2026-07-18 16:03:35');
INSERT INTO request_notes_Sila (note_ID, request_ID, content, submitter_ID, is_internal, created_at) VALUES (3274, 2644, 'Mock not eklendi. Test amacli. (Note 0)', 16, FALSE, '2026-07-18 17:03:35');
INSERT INTO requests_Sila (request_ID, creator_ID, title, description, status, type, generated_id, final_priority_score, created_at) VALUES (2645, 26, 'Arayuzde kayma var - Mock Dev 16 - 16', 'Dun yapilan guncellemeden sonra bozuldu.', 'ASSIGNED', 'YENİ_ÖZELLİK_EKLEME', 'M-0645', 76.9, '2026-07-10 15:03:35');
INSERT INTO priorities_Sila (priority_ID, request_ID, company_points, product_mgr_score, software_mgr_score, priority_score) VALUES (2645, 2645, 72.4, 4, 4, 76.9);
INSERT INTO workflows_Sila (task_ID, request_ID, developer_ID, workflow_status, assigned_by_ID, assigned_at) VALUES (2645, 2645, 16, 'ASSIGNED', 1, '2026-07-10 16:03:35');
INSERT INTO request_notes_Sila (note_ID, request_ID, content, submitter_ID, is_internal, created_at) VALUES (3275, 2645, 'Mock not eklendi. Test amacli. (Note 0)', 1, TRUE, '2026-07-10 17:03:35');
INSERT INTO request_notes_Sila (note_ID, request_ID, content, submitter_ID, is_internal, created_at) VALUES (3276, 2645, 'Mock not eklendi. Test amacli. (Note 1)', 1, FALSE, '2026-07-10 18:03:35');
INSERT INTO requests_Sila (request_ID, creator_ID, title, description, status, type, generated_id, final_priority_score, created_at) VALUES (2646, 34, 'Veri kaybi yasaniyor - Mock Dev 16 - 17', 'Sistemin genelini etkileyen bir yavaslik soz konusu.', 'COMPLETED', 'YENİ_ÖZELLİK_EKLEME', 'M-0646', 72.3, '2026-06-27 15:03:35');
INSERT INTO priorities_Sila (priority_ID, request_ID, company_points, product_mgr_score, software_mgr_score, priority_score) VALUES (2646, 2646, 90.8, 3, 3, 72.3);
INSERT INTO workflows_Sila (task_ID, request_ID, developer_ID, workflow_status, assigned_by_ID, assigned_at, resolved_at) VALUES (2646, 2646, 16, 'RESOLVED', 1, '2026-06-27 16:03:35', '2026-07-02 16:03:35');
INSERT INTO request_notes_Sila (note_ID, request_ID, content, submitter_ID, is_internal, created_at) VALUES (3277, 2646, 'Mock not eklendi. Test amacli. (Note 0)', 16, FALSE, '2026-06-27 17:03:35');
INSERT INTO request_notes_Sila (note_ID, request_ID, content, submitter_ID, is_internal, created_at) VALUES (3278, 2646, 'Mock not eklendi. Test amacli. (Note 1)', 16, FALSE, '2026-06-27 18:03:35');
INSERT INTO requests_Sila (request_ID, creator_ID, title, description, status, type, generated_id, final_priority_score, created_at) VALUES (2647, 35, 'Kullanici girisi yavas - Mock Dev 16 - 18', 'Veriler eksik geliyor, veritabani sorgusu optimize edilmeli.', 'COMPLETED', 'DİĞER', 'M-0647', 84.6, '2026-07-19 15:03:35');
INSERT INTO priorities_Sila (priority_ID, request_ID, company_points, product_mgr_score, software_mgr_score, priority_score) VALUES (2647, 2647, 76.6, 5, 4, 84.6);
INSERT INTO workflows_Sila (task_ID, request_ID, developer_ID, workflow_status, assigned_by_ID, assigned_at, resolved_at) VALUES (2647, 2647, 16, 'RESOLVED', 1, '2026-07-19 16:03:35', '2026-07-24 16:03:35');
INSERT INTO request_notes_Sila (note_ID, request_ID, content, submitter_ID, is_internal, created_at) VALUES (3279, 2647, 'Mock not eklendi. Test amacli. (Note 0)', 16, TRUE, '2026-07-19 17:03:35');
INSERT INTO request_notes_Sila (note_ID, request_ID, content, submitter_ID, is_internal, created_at) VALUES (3280, 2647, 'Mock not eklendi. Test amacli. (Note 1)', 1, FALSE, '2026-07-19 18:03:35');
INSERT INTO request_notes_Sila (note_ID, request_ID, content, submitter_ID, is_internal, created_at) VALUES (3281, 2647, 'Mock not eklendi. Test amacli. (Note 2)', 16, FALSE, '2026-07-19 19:03:35');
INSERT INTO requests_Sila (request_ID, creator_ID, title, description, status, type, generated_id, final_priority_score, created_at) VALUES (2648, 33, 'Kullanici girisi yavas - Mock Dev 16 - 19', 'Test ortaminda calisiyor ama canlida hata veriyor.', 'COMPLETED', 'YENİ_ÖZELLİK_EKLEME', 'M-0648', 82.5, '2026-07-14 15:03:35');
INSERT INTO priorities_Sila (priority_ID, request_ID, company_points, product_mgr_score, software_mgr_score, priority_score) VALUES (2648, 2648, 71.2, 5, 4, 82.5);
INSERT INTO workflows_Sila (task_ID, request_ID, developer_ID, workflow_status, assigned_by_ID, assigned_at, resolved_at) VALUES (2648, 2648, 16, 'RESOLVED', 1, '2026-07-14 16:03:35', '2026-07-19 16:03:35');
INSERT INTO request_notes_Sila (note_ID, request_ID, content, submitter_ID, is_internal, created_at) VALUES (3282, 2648, 'Mock not eklendi. Test amacli. (Note 0)', 16, FALSE, '2026-07-14 17:03:35');
INSERT INTO requests_Sila (request_ID, creator_ID, title, description, status, type, generated_id, final_priority_score, created_at) VALUES (2649, 32, 'Arayuzde kayma var - Mock Dev 16 - 20', 'Test ortaminda calisiyor ama canlida hata veriyor.', 'COMPLETED', 'GELİŞTİRME', 'M-0649', 79.8, '2026-07-18 15:03:35');
INSERT INTO priorities_Sila (priority_ID, request_ID, company_points, product_mgr_score, software_mgr_score, priority_score) VALUES (2649, 2649, 79.4, 5, 3, 79.8);
INSERT INTO workflows_Sila (task_ID, request_ID, developer_ID, workflow_status, assigned_by_ID, assigned_at, resolved_at) VALUES (2649, 2649, 16, 'RESOLVED', 1, '2026-07-18 16:03:35', '2026-07-23 16:03:35');
INSERT INTO request_notes_Sila (note_ID, request_ID, content, submitter_ID, is_internal, created_at) VALUES (3283, 2649, 'Mock not eklendi. Test amacli. (Note 0)', 16, FALSE, '2026-07-18 17:03:35');
INSERT INTO request_notes_Sila (note_ID, request_ID, content, submitter_ID, is_internal, created_at) VALUES (3284, 2649, 'Mock not eklendi. Test amacli. (Note 1)', 16, TRUE, '2026-07-18 18:03:35');
INSERT INTO requests_Sila (request_ID, creator_ID, title, description, status, type, generated_id, final_priority_score, created_at) VALUES (2650, 33, 'Yeni buton eklenmesi - Mock Dev 16 - 21', 'Veriler eksik geliyor, veritabani sorgusu optimize edilmeli.', 'ASSIGNED', 'BUG_DÜZELTME', 'M-0650', 82.8, '2026-06-25 15:03:35');
INSERT INTO priorities_Sila (priority_ID, request_ID, company_points, product_mgr_score, software_mgr_score, priority_score) VALUES (2650, 2650, 72.1, 5, 4, 82.8);
INSERT INTO workflows_Sila (task_ID, request_ID, developer_ID, workflow_status, assigned_by_ID, assigned_at) VALUES (2650, 2650, 16, 'ASSIGNED', 1, '2026-06-25 16:03:35');
INSERT INTO request_notes_Sila (note_ID, request_ID, content, submitter_ID, is_internal, created_at) VALUES (3285, 2650, 'Mock not eklendi. Test amacli. (Note 0)', 16, TRUE, '2026-06-25 17:03:35');
INSERT INTO request_notes_Sila (note_ID, request_ID, content, submitter_ID, is_internal, created_at) VALUES (3286, 2650, 'Mock not eklendi. Test amacli. (Note 1)', 16, TRUE, '2026-06-25 18:03:35');
INSERT INTO request_notes_Sila (note_ID, request_ID, content, submitter_ID, is_internal, created_at) VALUES (3287, 2650, 'Mock not eklendi. Test amacli. (Note 2)', 16, FALSE, '2026-06-25 19:03:35');
INSERT INTO requests_Sila (request_ID, creator_ID, title, description, status, type, generated_id, final_priority_score, created_at) VALUES (2651, 27, '500 Internal Server Error - Mock Dev 16 - 22', 'Musteriler bu sorundan sikayetci, acil bakilmasi gerekiyor.', 'COMPLETED', 'ENTEGRASYON_SIKINTILARI', 'M-0651', 96.1, '2026-07-01 15:03:35');
INSERT INTO priorities_Sila (priority_ID, request_ID, company_points, product_mgr_score, software_mgr_score, priority_score) VALUES (2651, 2651, 90.4, 5, 5, 96.1);
INSERT INTO workflows_Sila (task_ID, request_ID, developer_ID, workflow_status, assigned_by_ID, assigned_at, resolved_at) VALUES (2651, 2651, 16, 'RESOLVED', 1, '2026-07-01 16:03:35', '2026-07-06 16:03:35');
INSERT INTO request_notes_Sila (note_ID, request_ID, content, submitter_ID, is_internal, created_at) VALUES (3288, 2651, 'Mock not eklendi. Test amacli. (Note 0)', 1, FALSE, '2026-07-01 17:03:35');
INSERT INTO request_notes_Sila (note_ID, request_ID, content, submitter_ID, is_internal, created_at) VALUES (3289, 2651, 'Mock not eklendi. Test amacli. (Note 1)', 1, FALSE, '2026-07-01 18:03:35');
INSERT INTO request_notes_Sila (note_ID, request_ID, content, submitter_ID, is_internal, created_at) VALUES (3290, 2651, 'Mock not eklendi. Test amacli. (Note 2)', 1, FALSE, '2026-07-01 19:03:35');
INSERT INTO requests_Sila (request_ID, creator_ID, title, description, status, type, generated_id, final_priority_score, created_at) VALUES (2652, 28, 'Veritabani baglanti hatasi - Mock Dev 16 - 23', 'Dun yapilan guncellemeden sonra bozuldu.', 'COMPLETED', 'VERİ_KAYBI', 'M-0652', 81.5, '2026-07-12 15:03:35');
INSERT INTO priorities_Sila (priority_ID, request_ID, company_points, product_mgr_score, software_mgr_score, priority_score) VALUES (2652, 2652, 83.7, 4, 4, 81.5);
INSERT INTO workflows_Sila (task_ID, request_ID, developer_ID, workflow_status, assigned_by_ID, assigned_at, resolved_at) VALUES (2652, 2652, 16, 'RESOLVED', 1, '2026-07-12 16:03:35', '2026-07-15 16:03:35');
INSERT INTO request_notes_Sila (note_ID, request_ID, content, submitter_ID, is_internal, created_at) VALUES (3291, 2652, 'Mock not eklendi. Test amacli. (Note 0)', 1, FALSE, '2026-07-12 17:03:35');
INSERT INTO request_notes_Sila (note_ID, request_ID, content, submitter_ID, is_internal, created_at) VALUES (3292, 2652, 'Mock not eklendi. Test amacli. (Note 1)', 1, TRUE, '2026-07-12 18:03:35');
INSERT INTO request_notes_Sila (note_ID, request_ID, content, submitter_ID, is_internal, created_at) VALUES (3293, 2652, 'Mock not eklendi. Test amacli. (Note 2)', 16, FALSE, '2026-07-12 19:03:35');
INSERT INTO requests_Sila (request_ID, creator_ID, title, description, status, type, generated_id, final_priority_score, created_at) VALUES (2653, 35, 'Sifre sifirlama maili gelmiyor - Mock Dev 16 - 24', 'Musteriler bu sorundan sikayetci, acil bakilmasi gerekiyor.', 'ASSIGNED', 'VERİ_KAYBI', 'M-0653', 83.9, '2026-07-15 15:03:35');
INSERT INTO priorities_Sila (priority_ID, request_ID, company_points, product_mgr_score, software_mgr_score, priority_score) VALUES (2653, 2653, 74.6, 5, 4, 83.9);
INSERT INTO workflows_Sila (task_ID, request_ID, developer_ID, workflow_status, assigned_by_ID, assigned_at) VALUES (2653, 2653, 16, 'ASSIGNED', 1, '2026-07-15 16:03:35');
INSERT INTO request_notes_Sila (note_ID, request_ID, content, submitter_ID, is_internal, created_at) VALUES (3294, 2653, 'Mock not eklendi. Test amacli. (Note 0)', 16, TRUE, '2026-07-15 17:03:35');
INSERT INTO request_notes_Sila (note_ID, request_ID, content, submitter_ID, is_internal, created_at) VALUES (3295, 2653, 'Mock not eklendi. Test amacli. (Note 1)', 16, TRUE, '2026-07-15 18:03:35');
INSERT INTO request_notes_Sila (note_ID, request_ID, content, submitter_ID, is_internal, created_at) VALUES (3296, 2653, 'Mock not eklendi. Test amacli. (Note 2)', 16, TRUE, '2026-07-15 19:03:35');
INSERT INTO requests_Sila (request_ID, creator_ID, title, description, status, type, generated_id, final_priority_score, created_at) VALUES (2654, 29, 'Arayuzde kayma var - Mock Dev 16 - 25', 'Musteriler bu sorundan sikayetci, acil bakilmasi gerekiyor.', 'ASSIGNED', 'BUG_DÜZELTME', 'M-0654', 70.6, '2026-07-16 15:03:35');
INSERT INTO priorities_Sila (priority_ID, request_ID, company_points, product_mgr_score, software_mgr_score, priority_score) VALUES (2654, 2654, 71.5, 4, 3, 70.6);
INSERT INTO workflows_Sila (task_ID, request_ID, developer_ID, workflow_status, assigned_by_ID, assigned_at) VALUES (2654, 2654, 16, 'ASSIGNED', 1, '2026-07-16 16:03:35');
INSERT INTO request_notes_Sila (note_ID, request_ID, content, submitter_ID, is_internal, created_at) VALUES (3297, 2654, 'Mock not eklendi. Test amacli. (Note 0)', 1, FALSE, '2026-07-16 17:03:35');
INSERT INTO request_notes_Sila (note_ID, request_ID, content, submitter_ID, is_internal, created_at) VALUES (3298, 2654, 'Mock not eklendi. Test amacli. (Note 1)', 1, TRUE, '2026-07-16 18:03:35');
INSERT INTO requests_Sila (request_ID, creator_ID, title, description, status, type, generated_id, final_priority_score, created_at) VALUES (2655, 34, 'Kullanici girisi yavas - Mock Dev 16 - 26', 'Loglarda NullPointerException gordum, ekteki dosyaya bakiniz.', 'COMPLETED', 'YENİ_ÖZELLİK_EKLEME', 'M-0655', 79.1, '2026-07-14 15:03:35');
INSERT INTO priorities_Sila (priority_ID, request_ID, company_points, product_mgr_score, software_mgr_score, priority_score) VALUES (2655, 2655, 77.7, 3, 5, 79.1);
INSERT INTO workflows_Sila (task_ID, request_ID, developer_ID, workflow_status, assigned_by_ID, assigned_at, resolved_at) VALUES (2655, 2655, 16, 'RESOLVED', 1, '2026-07-14 16:03:35', '2026-07-16 16:03:35');
INSERT INTO request_notes_Sila (note_ID, request_ID, content, submitter_ID, is_internal, created_at) VALUES (3299, 2655, 'Mock not eklendi. Test amacli. (Note 0)', 1, TRUE, '2026-07-14 17:03:35');
INSERT INTO request_notes_Sila (note_ID, request_ID, content, submitter_ID, is_internal, created_at) VALUES (3300, 2655, 'Mock not eklendi. Test amacli. (Note 1)', 1, TRUE, '2026-07-14 18:03:35');
INSERT INTO requests_Sila (request_ID, creator_ID, title, description, status, type, generated_id, final_priority_score, created_at) VALUES (2656, 28, 'Mobil uyumluluk sorunu - Mock Dev 16 - 27', 'Sistemin genelini etkileyen bir yavaslik soz konusu.', 'COMPLETED', 'SİSTEM_ÇÖKÜŞÜ', 'M-0656', 90.4, '2026-06-29 15:03:35');
INSERT INTO priorities_Sila (priority_ID, request_ID, company_points, product_mgr_score, software_mgr_score, priority_score) VALUES (2656, 2656, 90.9, 5, 4, 90.4);
INSERT INTO workflows_Sila (task_ID, request_ID, developer_ID, workflow_status, assigned_by_ID, assigned_at, resolved_at) VALUES (2656, 2656, 16, 'RESOLVED', 1, '2026-06-29 16:03:35', '2026-07-04 16:03:35');
INSERT INTO request_notes_Sila (note_ID, request_ID, content, submitter_ID, is_internal, created_at) VALUES (3301, 2656, 'Mock not eklendi. Test amacli. (Note 0)', 16, FALSE, '2026-06-29 17:03:35');
INSERT INTO request_notes_Sila (note_ID, request_ID, content, submitter_ID, is_internal, created_at) VALUES (3302, 2656, 'Mock not eklendi. Test amacli. (Note 1)', 16, TRUE, '2026-06-29 18:03:35');
INSERT INTO request_notes_Sila (note_ID, request_ID, content, submitter_ID, is_internal, created_at) VALUES (3303, 2656, 'Mock not eklendi. Test amacli. (Note 2)', 1, TRUE, '2026-06-29 19:03:35');
INSERT INTO requests_Sila (request_ID, creator_ID, title, description, status, type, generated_id, final_priority_score, created_at) VALUES (2657, 28, 'Veritabani baglanti hatasi - Mock Dev 16 - 28', 'Musteriler bu sorundan sikayetci, acil bakilmasi gerekiyor.', 'ASSIGNED', 'DİĞER', 'M-0657', 88.2, '2026-07-15 15:03:35');
INSERT INTO priorities_Sila (priority_ID, request_ID, company_points, product_mgr_score, software_mgr_score, priority_score) VALUES (2657, 2657, 85.5, 5, 4, 88.2);
INSERT INTO workflows_Sila (task_ID, request_ID, developer_ID, workflow_status, assigned_by_ID, assigned_at) VALUES (2657, 2657, 16, 'ASSIGNED', 1, '2026-07-15 16:03:35');
INSERT INTO request_notes_Sila (note_ID, request_ID, content, submitter_ID, is_internal, created_at) VALUES (3304, 2657, 'Mock not eklendi. Test amacli. (Note 0)', 16, TRUE, '2026-07-15 17:03:35');
INSERT INTO request_notes_Sila (note_ID, request_ID, content, submitter_ID, is_internal, created_at) VALUES (3305, 2657, 'Mock not eklendi. Test amacli. (Note 1)', 1, TRUE, '2026-07-15 18:03:35');
INSERT INTO requests_Sila (request_ID, creator_ID, title, description, status, type, generated_id, final_priority_score, created_at) VALUES (2658, 31, 'Sifre sifirlama maili gelmiyor - Mock Dev 16 - 29', 'Loglarda NullPointerException gordum, ekteki dosyaya bakiniz.', 'COMPLETED', 'BUG_DÜZELTME', 'M-0658', 73.1, '2026-06-22 15:03:35');
INSERT INTO priorities_Sila (priority_ID, request_ID, company_points, product_mgr_score, software_mgr_score, priority_score) VALUES (2658, 2658, 77.7, 3, 4, 73.1);
INSERT INTO workflows_Sila (task_ID, request_ID, developer_ID, workflow_status, assigned_by_ID, assigned_at, resolved_at) VALUES (2658, 2658, 16, 'RESOLVED', 1, '2026-06-22 16:03:35', '2026-06-27 16:03:35');
INSERT INTO request_notes_Sila (note_ID, request_ID, content, submitter_ID, is_internal, created_at) VALUES (3306, 2658, 'Mock not eklendi. Test amacli. (Note 0)', 1, TRUE, '2026-06-22 17:03:35');
INSERT INTO request_notes_Sila (note_ID, request_ID, content, submitter_ID, is_internal, created_at) VALUES (3307, 2658, 'Mock not eklendi. Test amacli. (Note 1)', 1, FALSE, '2026-06-22 18:03:35');
INSERT INTO requests_Sila (request_ID, creator_ID, title, description, status, type, generated_id, final_priority_score, created_at) VALUES (2659, 29, 'Arayuzde kayma var - Mock Dev 16 - 30', 'Test ortaminda calisiyor ama canlida hata veriyor.', 'COMPLETED', 'BUG_DÜZELTME', 'M-0659', 77.2, '2026-07-16 15:03:35');
INSERT INTO priorities_Sila (priority_ID, request_ID, company_points, product_mgr_score, software_mgr_score, priority_score) VALUES (2659, 2659, 73.1, 3, 5, 77.2);
INSERT INTO workflows_Sila (task_ID, request_ID, developer_ID, workflow_status, assigned_by_ID, assigned_at, resolved_at) VALUES (2659, 2659, 16, 'RESOLVED', 1, '2026-07-16 16:03:35', '2026-07-19 16:03:35');
INSERT INTO request_notes_Sila (note_ID, request_ID, content, submitter_ID, is_internal, created_at) VALUES (3308, 2659, 'Mock not eklendi. Test amacli. (Note 0)', 1, FALSE, '2026-07-16 17:03:35');
INSERT INTO request_notes_Sila (note_ID, request_ID, content, submitter_ID, is_internal, created_at) VALUES (3309, 2659, 'Mock not eklendi. Test amacli. (Note 1)', 1, FALSE, '2026-07-16 18:03:35');
INSERT INTO requests_Sila (request_ID, creator_ID, title, description, status, type, generated_id, final_priority_score, created_at) VALUES (2660, 30, '500 Internal Server Error - Mock Dev 16 - 31', 'Sistemin genelini etkileyen bir yavaslik soz konusu.', 'ASSIGNED', 'YENİ_ÖZELLİK_EKLEME', 'M-0660', 95.9, '2026-07-09 15:03:35');
INSERT INTO priorities_Sila (priority_ID, request_ID, company_points, product_mgr_score, software_mgr_score, priority_score) VALUES (2660, 2660, 89.8, 5, 5, 95.9);
INSERT INTO workflows_Sila (task_ID, request_ID, developer_ID, workflow_status, assigned_by_ID, assigned_at) VALUES (2660, 2660, 16, 'ASSIGNED', 1, '2026-07-09 16:03:35');
INSERT INTO request_notes_Sila (note_ID, request_ID, content, submitter_ID, is_internal, created_at) VALUES (3310, 2660, 'Mock not eklendi. Test amacli. (Note 0)', 16, FALSE, '2026-07-09 17:03:35');
INSERT INTO request_notes_Sila (note_ID, request_ID, content, submitter_ID, is_internal, created_at) VALUES (3311, 2660, 'Mock not eklendi. Test amacli. (Note 1)', 1, TRUE, '2026-07-09 18:03:35');
INSERT INTO request_notes_Sila (note_ID, request_ID, content, submitter_ID, is_internal, created_at) VALUES (3312, 2660, 'Mock not eklendi. Test amacli. (Note 2)', 1, TRUE, '2026-07-09 19:03:35');
INSERT INTO requests_Sila (request_ID, creator_ID, title, description, status, type, generated_id, final_priority_score, created_at) VALUES (2661, 35, 'Arayuzde kayma var - Mock Dev 16 - 32', 'Tasarim ekibi guncellemeyi talep etti.', 'COMPLETED', 'BUG_DÜZELTME', 'M-0661', 81.4, '2026-06-28 15:03:35');
INSERT INTO priorities_Sila (priority_ID, request_ID, company_points, product_mgr_score, software_mgr_score, priority_score) VALUES (2661, 2661, 83.5, 5, 3, 81.4);
INSERT INTO workflows_Sila (task_ID, request_ID, developer_ID, workflow_status, assigned_by_ID, assigned_at, resolved_at) VALUES (2661, 2661, 16, 'RESOLVED', 1, '2026-06-28 16:03:35', '2026-06-30 16:03:35');
INSERT INTO request_notes_Sila (note_ID, request_ID, content, submitter_ID, is_internal, created_at) VALUES (3313, 2661, 'Mock not eklendi. Test amacli. (Note 0)', 1, TRUE, '2026-06-28 17:03:35');
INSERT INTO request_notes_Sila (note_ID, request_ID, content, submitter_ID, is_internal, created_at) VALUES (3314, 2661, 'Mock not eklendi. Test amacli. (Note 1)', 1, TRUE, '2026-06-28 18:03:35');
INSERT INTO request_notes_Sila (note_ID, request_ID, content, submitter_ID, is_internal, created_at) VALUES (3315, 2661, 'Mock not eklendi. Test amacli. (Note 2)', 16, FALSE, '2026-06-28 19:03:35');
INSERT INTO requests_Sila (request_ID, creator_ID, title, description, status, type, generated_id, final_priority_score, created_at) VALUES (2662, 32, 'Veri kaybi yasaniyor - Mock Dev 16 - 33', 'Loglarda NullPointerException gordum, ekteki dosyaya bakiniz.', 'COMPLETED', 'YENİ_ÖZELLİK_EKLEME', 'M-0662', 75.5, '2026-06-25 15:03:35');
INSERT INTO priorities_Sila (priority_ID, request_ID, company_points, product_mgr_score, software_mgr_score, priority_score) VALUES (2662, 2662, 83.6, 4, 3, 75.5);
INSERT INTO workflows_Sila (task_ID, request_ID, developer_ID, workflow_status, assigned_by_ID, assigned_at, resolved_at) VALUES (2662, 2662, 16, 'RESOLVED', 1, '2026-06-25 16:03:35', '2026-06-26 16:03:35');
INSERT INTO request_notes_Sila (note_ID, request_ID, content, submitter_ID, is_internal, created_at) VALUES (3316, 2662, 'Mock not eklendi. Test amacli. (Note 0)', 1, TRUE, '2026-06-25 17:03:35');
INSERT INTO request_notes_Sila (note_ID, request_ID, content, submitter_ID, is_internal, created_at) VALUES (3317, 2662, 'Mock not eklendi. Test amacli. (Note 1)', 1, TRUE, '2026-06-25 18:03:35');
INSERT INTO request_notes_Sila (note_ID, request_ID, content, submitter_ID, is_internal, created_at) VALUES (3318, 2662, 'Mock not eklendi. Test amacli. (Note 2)', 16, FALSE, '2026-06-25 19:03:35');
INSERT INTO requests_Sila (request_ID, creator_ID, title, description, status, type, generated_id, final_priority_score, created_at) VALUES (2663, 27, 'Arayuzde kayma var - Mock Dev 16 - 34', 'Sistemin genelini etkileyen bir yavaslik soz konusu.', 'ASSIGNED', 'SİSTEM_ÇÖKÜŞÜ', 'M-0663', 91.1, '2026-07-04 15:03:35');
INSERT INTO priorities_Sila (priority_ID, request_ID, company_points, product_mgr_score, software_mgr_score, priority_score) VALUES (2663, 2663, 92.7, 5, 4, 91.1);
INSERT INTO workflows_Sila (task_ID, request_ID, developer_ID, workflow_status, assigned_by_ID, assigned_at) VALUES (2663, 2663, 16, 'ASSIGNED', 1, '2026-07-04 16:03:35');
INSERT INTO request_notes_Sila (note_ID, request_ID, content, submitter_ID, is_internal, created_at) VALUES (3319, 2663, 'Mock not eklendi. Test amacli. (Note 0)', 1, TRUE, '2026-07-04 17:03:35');
INSERT INTO requests_Sila (request_ID, creator_ID, title, description, status, type, generated_id, final_priority_score, created_at) VALUES (2664, 30, 'Yeni buton eklenmesi - Mock Dev 16 - 35', 'Sistemin genelini etkileyen bir yavaslik soz konusu.', 'COMPLETED', 'YENİ_ÖZELLİK_EKLEME', 'M-0664', 76.5, '2026-06-22 15:03:35');
INSERT INTO priorities_Sila (priority_ID, request_ID, company_points, product_mgr_score, software_mgr_score, priority_score) VALUES (2664, 2664, 86.3, 3, 4, 76.5);
INSERT INTO workflows_Sila (task_ID, request_ID, developer_ID, workflow_status, assigned_by_ID, assigned_at, resolved_at) VALUES (2664, 2664, 16, 'RESOLVED', 1, '2026-06-22 16:03:35', '2026-06-27 16:03:35');
INSERT INTO request_notes_Sila (note_ID, request_ID, content, submitter_ID, is_internal, created_at) VALUES (3320, 2664, 'Mock not eklendi. Test amacli. (Note 0)', 16, TRUE, '2026-06-22 17:03:35');
INSERT INTO requests_Sila (request_ID, creator_ID, title, description, status, type, generated_id, final_priority_score, created_at) VALUES (2665, 34, '500 Internal Server Error - Mock Dev 16 - 36', 'Tasarim ekibi guncellemeyi talep etti.', 'ASSIGNED', 'YENİ_ÖZELLİK_EKLEME', 'M-0665', 64.3, '2026-07-03 15:03:35');
INSERT INTO priorities_Sila (priority_ID, request_ID, company_points, product_mgr_score, software_mgr_score, priority_score) VALUES (2665, 2665, 70.7, 3, 3, 64.3);
INSERT INTO workflows_Sila (task_ID, request_ID, developer_ID, workflow_status, assigned_by_ID, assigned_at) VALUES (2665, 2665, 16, 'ASSIGNED', 1, '2026-07-03 16:03:35');
INSERT INTO request_notes_Sila (note_ID, request_ID, content, submitter_ID, is_internal, created_at) VALUES (3321, 2665, 'Mock not eklendi. Test amacli. (Note 0)', 16, FALSE, '2026-07-03 17:03:35');
INSERT INTO requests_Sila (request_ID, creator_ID, title, description, status, type, generated_id, final_priority_score, created_at) VALUES (2666, 27, 'Arayuzde kayma var - Mock Dev 16 - 37', 'Sistemin genelini etkileyen bir yavaslik soz konusu.', 'ASSIGNED', 'YENİ_ÖZELLİK_EKLEME', 'M-0666', 82.8, '2026-06-24 15:03:35');
INSERT INTO priorities_Sila (priority_ID, request_ID, company_points, product_mgr_score, software_mgr_score, priority_score) VALUES (2666, 2666, 86.9, 4, 4, 82.8);
INSERT INTO workflows_Sila (task_ID, request_ID, developer_ID, workflow_status, assigned_by_ID, assigned_at) VALUES (2666, 2666, 16, 'ASSIGNED', 1, '2026-06-24 16:03:35');
INSERT INTO request_notes_Sila (note_ID, request_ID, content, submitter_ID, is_internal, created_at) VALUES (3322, 2666, 'Mock not eklendi. Test amacli. (Note 0)', 16, FALSE, '2026-06-24 17:03:35');
INSERT INTO request_notes_Sila (note_ID, request_ID, content, submitter_ID, is_internal, created_at) VALUES (3323, 2666, 'Mock not eklendi. Test amacli. (Note 1)', 16, FALSE, '2026-06-24 18:03:35');
INSERT INTO request_notes_Sila (note_ID, request_ID, content, submitter_ID, is_internal, created_at) VALUES (3324, 2666, 'Mock not eklendi. Test amacli. (Note 2)', 16, FALSE, '2026-06-24 19:03:35');
INSERT INTO requests_Sila (request_ID, creator_ID, title, description, status, type, generated_id, final_priority_score, created_at) VALUES (2667, 31, 'Sayfa yuklenmiyor - Mock Dev 17 - 0', 'Test ortaminda calisiyor ama canlida hata veriyor.', 'ASSIGNED', 'SİSTEM_ÇÖKÜŞÜ', 'M-0667', 89.9, '2026-07-10 15:03:35');
INSERT INTO priorities_Sila (priority_ID, request_ID, company_points, product_mgr_score, software_mgr_score, priority_score) VALUES (2667, 2667, 89.7, 4, 5, 89.9);
INSERT INTO workflows_Sila (task_ID, request_ID, developer_ID, workflow_status, assigned_by_ID, assigned_at) VALUES (2667, 2667, 17, 'ASSIGNED', 1, '2026-07-10 16:03:35');
INSERT INTO request_notes_Sila (note_ID, request_ID, content, submitter_ID, is_internal, created_at) VALUES (3325, 2667, 'Mock not eklendi. Test amacli. (Note 0)', 17, FALSE, '2026-07-10 17:03:35');
INSERT INTO request_notes_Sila (note_ID, request_ID, content, submitter_ID, is_internal, created_at) VALUES (3326, 2667, 'Mock not eklendi. Test amacli. (Note 1)', 1, TRUE, '2026-07-10 18:03:35');
INSERT INTO request_notes_Sila (note_ID, request_ID, content, submitter_ID, is_internal, created_at) VALUES (3327, 2667, 'Mock not eklendi. Test amacli. (Note 2)', 1, FALSE, '2026-07-10 19:03:35');
INSERT INTO requests_Sila (request_ID, creator_ID, title, description, status, type, generated_id, final_priority_score, created_at) VALUES (2668, 35, 'Raporlama modulu calismiyor - Mock Dev 17 - 1', 'Dun yapilan guncellemeden sonra bozuldu.', 'ASSIGNED', 'ENTEGRASYON_SIKINTILARI', 'M-0668', 70.4, '2026-07-08 15:03:35');
INSERT INTO priorities_Sila (priority_ID, request_ID, company_points, product_mgr_score, software_mgr_score, priority_score) VALUES (2668, 2668, 86.0, 3, 3, 70.4);
INSERT INTO workflows_Sila (task_ID, request_ID, developer_ID, workflow_status, assigned_by_ID, assigned_at) VALUES (2668, 2668, 17, 'ASSIGNED', 1, '2026-07-08 16:03:35');
INSERT INTO request_notes_Sila (note_ID, request_ID, content, submitter_ID, is_internal, created_at) VALUES (3328, 2668, 'Mock not eklendi. Test amacli. (Note 0)', 1, FALSE, '2026-07-08 17:03:35');
INSERT INTO request_notes_Sila (note_ID, request_ID, content, submitter_ID, is_internal, created_at) VALUES (3329, 2668, 'Mock not eklendi. Test amacli. (Note 1)', 1, FALSE, '2026-07-08 18:03:35');
INSERT INTO request_notes_Sila (note_ID, request_ID, content, submitter_ID, is_internal, created_at) VALUES (3330, 2668, 'Mock not eklendi. Test amacli. (Note 2)', 1, FALSE, '2026-07-08 19:03:35');
INSERT INTO requests_Sila (request_ID, creator_ID, title, description, status, type, generated_id, final_priority_score, created_at) VALUES (2669, 30, 'Yeni buton eklenmesi - Mock Dev 17 - 2', 'Tasarim ekibi guncellemeyi talep etti.', 'ASSIGNED', 'DİĞER', 'M-0669', 75.8, '2026-06-27 15:03:35');
INSERT INTO priorities_Sila (priority_ID, request_ID, company_points, product_mgr_score, software_mgr_score, priority_score) VALUES (2669, 2669, 84.6, 4, 3, 75.8);
INSERT INTO workflows_Sila (task_ID, request_ID, developer_ID, workflow_status, assigned_by_ID, assigned_at) VALUES (2669, 2669, 17, 'ASSIGNED', 1, '2026-06-27 16:03:35');
INSERT INTO request_notes_Sila (note_ID, request_ID, content, submitter_ID, is_internal, created_at) VALUES (3331, 2669, 'Mock not eklendi. Test amacli. (Note 0)', 17, TRUE, '2026-06-27 17:03:35');
INSERT INTO request_notes_Sila (note_ID, request_ID, content, submitter_ID, is_internal, created_at) VALUES (3332, 2669, 'Mock not eklendi. Test amacli. (Note 1)', 1, FALSE, '2026-06-27 18:03:35');
INSERT INTO requests_Sila (request_ID, creator_ID, title, description, status, type, generated_id, final_priority_score, created_at) VALUES (2670, 27, 'Raporlama modulu calismiyor - Mock Dev 17 - 3', 'Loglarda NullPointerException gordum, ekteki dosyaya bakiniz.', 'COMPLETED', 'VERİ_KAYBI', 'M-0670', 87.5, '2026-06-22 15:03:35');
INSERT INTO priorities_Sila (priority_ID, request_ID, company_points, product_mgr_score, software_mgr_score, priority_score) VALUES (2670, 2670, 83.8, 5, 4, 87.5);
INSERT INTO workflows_Sila (task_ID, request_ID, developer_ID, workflow_status, assigned_by_ID, assigned_at, resolved_at) VALUES (2670, 2670, 17, 'RESOLVED', 1, '2026-06-22 16:03:35', '2026-06-26 16:03:35');
INSERT INTO request_notes_Sila (note_ID, request_ID, content, submitter_ID, is_internal, created_at) VALUES (3333, 2670, 'Mock not eklendi. Test amacli. (Note 0)', 1, TRUE, '2026-06-22 17:03:35');
INSERT INTO requests_Sila (request_ID, creator_ID, title, description, status, type, generated_id, final_priority_score, created_at) VALUES (2671, 26, 'Yeni buton eklenmesi - Mock Dev 17 - 4', 'Veriler eksik geliyor, veritabani sorgusu optimize edilmeli.', 'ASSIGNED', 'VERİ_KAYBI', 'M-0671', 76.1, '2026-07-03 15:03:35');
INSERT INTO priorities_Sila (priority_ID, request_ID, company_points, product_mgr_score, software_mgr_score, priority_score) VALUES (2671, 2671, 70.3, 4, 4, 76.1);
INSERT INTO workflows_Sila (task_ID, request_ID, developer_ID, workflow_status, assigned_by_ID, assigned_at) VALUES (2671, 2671, 17, 'ASSIGNED', 1, '2026-07-03 16:03:35');
INSERT INTO request_notes_Sila (note_ID, request_ID, content, submitter_ID, is_internal, created_at) VALUES (3334, 2671, 'Mock not eklendi. Test amacli. (Note 0)', 1, FALSE, '2026-07-03 17:03:35');
INSERT INTO requests_Sila (request_ID, creator_ID, title, description, status, type, generated_id, final_priority_score, created_at) VALUES (2672, 31, 'Sifre sifirlama maili gelmiyor - Mock Dev 17 - 5', 'Musteriler bu sorundan sikayetci, acil bakilmasi gerekiyor.', 'COMPLETED', 'VERİ_KAYBI', 'M-0672', 89.6, '2026-07-08 15:03:35');
INSERT INTO priorities_Sila (priority_ID, request_ID, company_points, product_mgr_score, software_mgr_score, priority_score) VALUES (2672, 2672, 88.9, 4, 5, 89.6);
INSERT INTO workflows_Sila (task_ID, request_ID, developer_ID, workflow_status, assigned_by_ID, assigned_at, resolved_at) VALUES (2672, 2672, 17, 'RESOLVED', 1, '2026-07-08 16:03:35', '2026-07-10 16:03:35');
INSERT INTO request_notes_Sila (note_ID, request_ID, content, submitter_ID, is_internal, created_at) VALUES (3335, 2672, 'Mock not eklendi. Test amacli. (Note 0)', 1, TRUE, '2026-07-08 17:03:35');
INSERT INTO requests_Sila (request_ID, creator_ID, title, description, status, type, generated_id, final_priority_score, created_at) VALUES (2673, 29, 'Sayfa yuklenmiyor - Mock Dev 17 - 6', 'Tasarim ekibi guncellemeyi talep etti.', 'ASSIGNED', 'DİĞER', 'M-0673', 95.8, '2026-06-22 15:03:35');
INSERT INTO priorities_Sila (priority_ID, request_ID, company_points, product_mgr_score, software_mgr_score, priority_score) VALUES (2673, 2673, 89.4, 5, 5, 95.8);
INSERT INTO workflows_Sila (task_ID, request_ID, developer_ID, workflow_status, assigned_by_ID, assigned_at) VALUES (2673, 2673, 17, 'ASSIGNED', 1, '2026-06-22 16:03:35');
INSERT INTO request_notes_Sila (note_ID, request_ID, content, submitter_ID, is_internal, created_at) VALUES (3336, 2673, 'Mock not eklendi. Test amacli. (Note 0)', 1, TRUE, '2026-06-22 17:03:35');
INSERT INTO request_notes_Sila (note_ID, request_ID, content, submitter_ID, is_internal, created_at) VALUES (3337, 2673, 'Mock not eklendi. Test amacli. (Note 1)', 17, FALSE, '2026-06-22 18:03:35');
INSERT INTO request_notes_Sila (note_ID, request_ID, content, submitter_ID, is_internal, created_at) VALUES (3338, 2673, 'Mock not eklendi. Test amacli. (Note 2)', 17, TRUE, '2026-06-22 19:03:35');
INSERT INTO requests_Sila (request_ID, creator_ID, title, description, status, type, generated_id, final_priority_score, created_at) VALUES (2674, 29, 'Sayfa yuklenmiyor - Mock Dev 17 - 7', 'Loglarda NullPointerException gordum, ekteki dosyaya bakiniz.', 'COMPLETED', 'SİSTEM_ÇÖKÜŞÜ', 'M-0674', 77.7, '2026-06-22 15:03:35');
INSERT INTO priorities_Sila (priority_ID, request_ID, company_points, product_mgr_score, software_mgr_score, priority_score) VALUES (2674, 2674, 89.1, 4, 3, 77.7);
INSERT INTO workflows_Sila (task_ID, request_ID, developer_ID, workflow_status, assigned_by_ID, assigned_at, resolved_at) VALUES (2674, 2674, 17, 'RESOLVED', 1, '2026-06-22 16:03:35', '2026-06-25 16:03:35');
INSERT INTO request_notes_Sila (note_ID, request_ID, content, submitter_ID, is_internal, created_at) VALUES (3339, 2674, 'Mock not eklendi. Test amacli. (Note 0)', 17, TRUE, '2026-06-22 17:03:35');
INSERT INTO request_notes_Sila (note_ID, request_ID, content, submitter_ID, is_internal, created_at) VALUES (3340, 2674, 'Mock not eklendi. Test amacli. (Note 1)', 1, FALSE, '2026-06-22 18:03:35');
INSERT INTO requests_Sila (request_ID, creator_ID, title, description, status, type, generated_id, final_priority_score, created_at) VALUES (2675, 35, 'Yeni buton eklenmesi - Mock Dev 17 - 8', 'Dun yapilan guncellemeden sonra bozuldu.', 'ASSIGNED', 'BUG_DÜZELTME', 'M-0675', 84.9, '2026-06-27 15:03:35');
INSERT INTO priorities_Sila (priority_ID, request_ID, company_points, product_mgr_score, software_mgr_score, priority_score) VALUES (2675, 2675, 77.3, 4, 5, 84.9);
INSERT INTO workflows_Sila (task_ID, request_ID, developer_ID, workflow_status, assigned_by_ID, assigned_at) VALUES (2675, 2675, 17, 'ASSIGNED', 1, '2026-06-27 16:03:35');
INSERT INTO request_notes_Sila (note_ID, request_ID, content, submitter_ID, is_internal, created_at) VALUES (3341, 2675, 'Mock not eklendi. Test amacli. (Note 0)', 17, TRUE, '2026-06-27 17:03:35');
INSERT INTO requests_Sila (request_ID, creator_ID, title, description, status, type, generated_id, final_priority_score, created_at) VALUES (2676, 29, 'Veritabani baglanti hatasi - Mock Dev 17 - 9', 'Tasarim ekibi guncellemeyi talep etti.', 'ASSIGNED', 'BUG_DÜZELTME', 'M-0676', 72.4, '2026-06-27 15:03:35');
INSERT INTO priorities_Sila (priority_ID, request_ID, company_points, product_mgr_score, software_mgr_score, priority_score) VALUES (2676, 2676, 91.1, 3, 3, 72.4);
INSERT INTO workflows_Sila (task_ID, request_ID, developer_ID, workflow_status, assigned_by_ID, assigned_at) VALUES (2676, 2676, 17, 'ASSIGNED', 1, '2026-06-27 16:03:35');
INSERT INTO request_notes_Sila (note_ID, request_ID, content, submitter_ID, is_internal, created_at) VALUES (3342, 2676, 'Mock not eklendi. Test amacli. (Note 0)', 17, TRUE, '2026-06-27 17:03:35');
INSERT INTO requests_Sila (request_ID, creator_ID, title, description, status, type, generated_id, final_priority_score, created_at) VALUES (2677, 27, 'Sayfa yuklenmiyor - Mock Dev 17 - 10', 'Test ortaminda calisiyor ama canlida hata veriyor.', 'COMPLETED', 'BUG_DÜZELTME', 'M-0677', 78.9, '2026-07-01 15:03:35');
INSERT INTO priorities_Sila (priority_ID, request_ID, company_points, product_mgr_score, software_mgr_score, priority_score) VALUES (2677, 2677, 92.4, 3, 4, 78.9);
INSERT INTO workflows_Sila (task_ID, request_ID, developer_ID, workflow_status, assigned_by_ID, assigned_at, resolved_at) VALUES (2677, 2677, 17, 'RESOLVED', 1, '2026-07-01 16:03:35', '2026-07-03 16:03:35');
INSERT INTO request_notes_Sila (note_ID, request_ID, content, submitter_ID, is_internal, created_at) VALUES (3343, 2677, 'Mock not eklendi. Test amacli. (Note 0)', 17, FALSE, '2026-07-01 17:03:35');
INSERT INTO request_notes_Sila (note_ID, request_ID, content, submitter_ID, is_internal, created_at) VALUES (3344, 2677, 'Mock not eklendi. Test amacli. (Note 1)', 1, TRUE, '2026-07-01 18:03:35');
INSERT INTO requests_Sila (request_ID, creator_ID, title, description, status, type, generated_id, final_priority_score, created_at) VALUES (2678, 29, 'Sifre sifirlama maili gelmiyor - Mock Dev 17 - 11', 'Dun yapilan guncellemeden sonra bozuldu.', 'COMPLETED', 'DİĞER', 'M-0678', 77.2, '2026-06-26 15:03:35');
INSERT INTO priorities_Sila (priority_ID, request_ID, company_points, product_mgr_score, software_mgr_score, priority_score) VALUES (2678, 2678, 72.9, 4, 4, 77.2);
INSERT INTO workflows_Sila (task_ID, request_ID, developer_ID, workflow_status, assigned_by_ID, assigned_at, resolved_at) VALUES (2678, 2678, 17, 'RESOLVED', 1, '2026-06-26 16:03:35', '2026-07-01 16:03:35');
INSERT INTO request_notes_Sila (note_ID, request_ID, content, submitter_ID, is_internal, created_at) VALUES (3345, 2678, 'Mock not eklendi. Test amacli. (Note 0)', 17, TRUE, '2026-06-26 17:03:35');
INSERT INTO requests_Sila (request_ID, creator_ID, title, description, status, type, generated_id, final_priority_score, created_at) VALUES (2679, 34, 'Veritabani baglanti hatasi - Mock Dev 17 - 12', 'Performans cok dusuk.', 'ASSIGNED', 'DİĞER', 'M-0679', 70.4, '2026-06-22 15:03:35');
INSERT INTO priorities_Sila (priority_ID, request_ID, company_points, product_mgr_score, software_mgr_score, priority_score) VALUES (2679, 2679, 71.1, 4, 3, 70.4);
INSERT INTO workflows_Sila (task_ID, request_ID, developer_ID, workflow_status, assigned_by_ID, assigned_at) VALUES (2679, 2679, 17, 'ASSIGNED', 1, '2026-06-22 16:03:35');
INSERT INTO request_notes_Sila (note_ID, request_ID, content, submitter_ID, is_internal, created_at) VALUES (3346, 2679, 'Mock not eklendi. Test amacli. (Note 0)', 17, TRUE, '2026-06-22 17:03:35');
INSERT INTO requests_Sila (request_ID, creator_ID, title, description, status, type, generated_id, final_priority_score, created_at) VALUES (2680, 35, 'Kullanici girisi yavas - Mock Dev 17 - 13', 'Performans cok dusuk.', 'COMPLETED', 'ENTEGRASYON_SIKINTILARI', 'M-0680', 86.6, '2026-07-07 15:03:35');
INSERT INTO priorities_Sila (priority_ID, request_ID, company_points, product_mgr_score, software_mgr_score, priority_score) VALUES (2680, 2680, 96.6, 4, 4, 86.6);
INSERT INTO workflows_Sila (task_ID, request_ID, developer_ID, workflow_status, assigned_by_ID, assigned_at, resolved_at) VALUES (2680, 2680, 17, 'RESOLVED', 1, '2026-07-07 16:03:35', '2026-07-10 16:03:35');
INSERT INTO request_notes_Sila (note_ID, request_ID, content, submitter_ID, is_internal, created_at) VALUES (3347, 2680, 'Mock not eklendi. Test amacli. (Note 0)', 17, TRUE, '2026-07-07 17:03:35');
INSERT INTO request_notes_Sila (note_ID, request_ID, content, submitter_ID, is_internal, created_at) VALUES (3348, 2680, 'Mock not eklendi. Test amacli. (Note 1)', 1, TRUE, '2026-07-07 18:03:35');
INSERT INTO request_notes_Sila (note_ID, request_ID, content, submitter_ID, is_internal, created_at) VALUES (3349, 2680, 'Mock not eklendi. Test amacli. (Note 2)', 1, FALSE, '2026-07-07 19:03:35');
INSERT INTO requests_Sila (request_ID, creator_ID, title, description, status, type, generated_id, final_priority_score, created_at) VALUES (2681, 29, 'Veritabani baglanti hatasi - Mock Dev 17 - 14', 'Loglarda NullPointerException gordum, ekteki dosyaya bakiniz.', 'COMPLETED', 'GELİŞTİRME', 'M-0681', 71.1, '2026-07-12 15:03:35');
INSERT INTO priorities_Sila (priority_ID, request_ID, company_points, product_mgr_score, software_mgr_score, priority_score) VALUES (2681, 2681, 72.6, 4, 3, 71.1);
INSERT INTO workflows_Sila (task_ID, request_ID, developer_ID, workflow_status, assigned_by_ID, assigned_at, resolved_at) VALUES (2681, 2681, 17, 'RESOLVED', 1, '2026-07-12 16:03:35', '2026-07-15 16:03:35');
INSERT INTO request_notes_Sila (note_ID, request_ID, content, submitter_ID, is_internal, created_at) VALUES (3350, 2681, 'Mock not eklendi. Test amacli. (Note 0)', 1, TRUE, '2026-07-12 17:03:35');
INSERT INTO request_notes_Sila (note_ID, request_ID, content, submitter_ID, is_internal, created_at) VALUES (3351, 2681, 'Mock not eklendi. Test amacli. (Note 1)', 1, TRUE, '2026-07-12 18:03:35');
INSERT INTO requests_Sila (request_ID, creator_ID, title, description, status, type, generated_id, final_priority_score, created_at) VALUES (2682, 35, 'Yeni buton eklenmesi - Mock Dev 17 - 15', 'Test ortaminda calisiyor ama canlida hata veriyor.', 'ASSIGNED', 'ENTEGRASYON_SIKINTILARI', 'M-0682', 76.8, '2026-07-09 15:03:35');
INSERT INTO priorities_Sila (priority_ID, request_ID, company_points, product_mgr_score, software_mgr_score, priority_score) VALUES (2682, 2682, 87.1, 4, 3, 76.8);
INSERT INTO workflows_Sila (task_ID, request_ID, developer_ID, workflow_status, assigned_by_ID, assigned_at) VALUES (2682, 2682, 17, 'ASSIGNED', 1, '2026-07-09 16:03:35');
INSERT INTO request_notes_Sila (note_ID, request_ID, content, submitter_ID, is_internal, created_at) VALUES (3352, 2682, 'Mock not eklendi. Test amacli. (Note 0)', 17, TRUE, '2026-07-09 17:03:35');
INSERT INTO request_notes_Sila (note_ID, request_ID, content, submitter_ID, is_internal, created_at) VALUES (3353, 2682, 'Mock not eklendi. Test amacli. (Note 1)', 1, TRUE, '2026-07-09 18:03:35');
INSERT INTO requests_Sila (request_ID, creator_ID, title, description, status, type, generated_id, final_priority_score, created_at) VALUES (2683, 26, 'Arayuzde kayma var - Mock Dev 17 - 16', 'Musteriler bu sorundan sikayetci, acil bakilmasi gerekiyor.', 'COMPLETED', 'GELİŞTİRME', 'M-0683', 89.4, '2026-07-15 15:03:35');
INSERT INTO priorities_Sila (priority_ID, request_ID, company_points, product_mgr_score, software_mgr_score, priority_score) VALUES (2683, 2683, 88.5, 5, 4, 89.4);
INSERT INTO workflows_Sila (task_ID, request_ID, developer_ID, workflow_status, assigned_by_ID, assigned_at, resolved_at) VALUES (2683, 2683, 17, 'RESOLVED', 1, '2026-07-15 16:03:35', '2026-07-18 16:03:35');
INSERT INTO request_notes_Sila (note_ID, request_ID, content, submitter_ID, is_internal, created_at) VALUES (3354, 2683, 'Mock not eklendi. Test amacli. (Note 0)', 17, TRUE, '2026-07-15 17:03:35');
INSERT INTO requests_Sila (request_ID, creator_ID, title, description, status, type, generated_id, final_priority_score, created_at) VALUES (2684, 26, 'Sayfa yuklenmiyor - Mock Dev 17 - 17', 'Performans cok dusuk.', 'COMPLETED', 'VERİ_KAYBI', 'M-0684', 87.0, '2026-07-16 15:03:35');
INSERT INTO priorities_Sila (priority_ID, request_ID, company_points, product_mgr_score, software_mgr_score, priority_score) VALUES (2684, 2684, 97.4, 4, 4, 87.0);
INSERT INTO workflows_Sila (task_ID, request_ID, developer_ID, workflow_status, assigned_by_ID, assigned_at, resolved_at) VALUES (2684, 2684, 17, 'RESOLVED', 1, '2026-07-16 16:03:35', '2026-07-19 16:03:35');
INSERT INTO request_notes_Sila (note_ID, request_ID, content, submitter_ID, is_internal, created_at) VALUES (3355, 2684, 'Mock not eklendi. Test amacli. (Note 0)', 1, FALSE, '2026-07-16 17:03:35');
INSERT INTO request_notes_Sila (note_ID, request_ID, content, submitter_ID, is_internal, created_at) VALUES (3356, 2684, 'Mock not eklendi. Test amacli. (Note 1)', 17, TRUE, '2026-07-16 18:03:35');
INSERT INTO requests_Sila (request_ID, creator_ID, title, description, status, type, generated_id, final_priority_score, created_at) VALUES (2685, 27, 'Sayfa yuklenmiyor - Mock Dev 17 - 18', 'Sistemin genelini etkileyen bir yavaslik soz konusu.', 'ASSIGNED', 'SİSTEM_ÇÖKÜŞÜ', 'M-0685', 72.2, '2026-07-10 15:03:35');
INSERT INTO priorities_Sila (priority_ID, request_ID, company_points, product_mgr_score, software_mgr_score, priority_score) VALUES (2685, 2685, 75.6, 3, 4, 72.2);
INSERT INTO workflows_Sila (task_ID, request_ID, developer_ID, workflow_status, assigned_by_ID, assigned_at) VALUES (2685, 2685, 17, 'ASSIGNED', 1, '2026-07-10 16:03:35');
INSERT INTO request_notes_Sila (note_ID, request_ID, content, submitter_ID, is_internal, created_at) VALUES (3357, 2685, 'Mock not eklendi. Test amacli. (Note 0)', 1, TRUE, '2026-07-10 17:03:35');
INSERT INTO request_notes_Sila (note_ID, request_ID, content, submitter_ID, is_internal, created_at) VALUES (3358, 2685, 'Mock not eklendi. Test amacli. (Note 1)', 17, TRUE, '2026-07-10 18:03:35');
INSERT INTO requests_Sila (request_ID, creator_ID, title, description, status, type, generated_id, final_priority_score, created_at) VALUES (2686, 28, 'Veritabani baglanti hatasi - Mock Dev 17 - 19', 'Sistemin genelini etkileyen bir yavaslik soz konusu.', 'COMPLETED', 'VERİ_KAYBI', 'M-0686', 86.2, '2026-07-10 15:03:35');
INSERT INTO priorities_Sila (priority_ID, request_ID, company_points, product_mgr_score, software_mgr_score, priority_score) VALUES (2686, 2686, 80.5, 5, 4, 86.2);
INSERT INTO workflows_Sila (task_ID, request_ID, developer_ID, workflow_status, assigned_by_ID, assigned_at, resolved_at) VALUES (2686, 2686, 17, 'RESOLVED', 1, '2026-07-10 16:03:35', '2026-07-13 16:03:35');
INSERT INTO request_notes_Sila (note_ID, request_ID, content, submitter_ID, is_internal, created_at) VALUES (3359, 2686, 'Mock not eklendi. Test amacli. (Note 0)', 1, TRUE, '2026-07-10 17:03:35');
INSERT INTO request_notes_Sila (note_ID, request_ID, content, submitter_ID, is_internal, created_at) VALUES (3360, 2686, 'Mock not eklendi. Test amacli. (Note 1)', 1, FALSE, '2026-07-10 18:03:35');
INSERT INTO request_notes_Sila (note_ID, request_ID, content, submitter_ID, is_internal, created_at) VALUES (3361, 2686, 'Mock not eklendi. Test amacli. (Note 2)', 1, FALSE, '2026-07-10 19:03:35');
INSERT INTO requests_Sila (request_ID, creator_ID, title, description, status, type, generated_id, final_priority_score, created_at) VALUES (2687, 30, 'Veri kaybi yasaniyor - Mock Dev 17 - 20', 'Test ortaminda calisiyor ama canlida hata veriyor.', 'ASSIGNED', 'VERİ_KAYBI', 'M-0687', 93.8, '2026-07-06 15:03:35');
INSERT INTO priorities_Sila (priority_ID, request_ID, company_points, product_mgr_score, software_mgr_score, priority_score) VALUES (2687, 2687, 84.4, 5, 5, 93.8);
INSERT INTO workflows_Sila (task_ID, request_ID, developer_ID, workflow_status, assigned_by_ID, assigned_at) VALUES (2687, 2687, 17, 'ASSIGNED', 1, '2026-07-06 16:03:35');
INSERT INTO request_notes_Sila (note_ID, request_ID, content, submitter_ID, is_internal, created_at) VALUES (3362, 2687, 'Mock not eklendi. Test amacli. (Note 0)', 17, TRUE, '2026-07-06 17:03:35');
INSERT INTO request_notes_Sila (note_ID, request_ID, content, submitter_ID, is_internal, created_at) VALUES (3363, 2687, 'Mock not eklendi. Test amacli. (Note 1)', 17, TRUE, '2026-07-06 18:03:35');
INSERT INTO request_notes_Sila (note_ID, request_ID, content, submitter_ID, is_internal, created_at) VALUES (3364, 2687, 'Mock not eklendi. Test amacli. (Note 2)', 1, FALSE, '2026-07-06 19:03:35');
INSERT INTO requests_Sila (request_ID, creator_ID, title, description, status, type, generated_id, final_priority_score, created_at) VALUES (2688, 31, 'Sifre sifirlama maili gelmiyor - Mock Dev 17 - 21', 'Dun yapilan guncellemeden sonra bozuldu.', 'ASSIGNED', 'VERİ_KAYBI', 'M-0688', 88.3, '2026-07-12 15:03:35');
INSERT INTO priorities_Sila (priority_ID, request_ID, company_points, product_mgr_score, software_mgr_score, priority_score) VALUES (2688, 2688, 85.8, 5, 4, 88.3);
INSERT INTO workflows_Sila (task_ID, request_ID, developer_ID, workflow_status, assigned_by_ID, assigned_at) VALUES (2688, 2688, 17, 'ASSIGNED', 1, '2026-07-12 16:03:35');
INSERT INTO request_notes_Sila (note_ID, request_ID, content, submitter_ID, is_internal, created_at) VALUES (3365, 2688, 'Mock not eklendi. Test amacli. (Note 0)', 1, TRUE, '2026-07-12 17:03:35');
INSERT INTO requests_Sila (request_ID, creator_ID, title, description, status, type, generated_id, final_priority_score, created_at) VALUES (2689, 32, 'Mobil uyumluluk sorunu - Mock Dev 17 - 22', 'Musteriler bu sorundan sikayetci, acil bakilmasi gerekiyor.', 'ASSIGNED', 'YENİ_ÖZELLİK_EKLEME', 'M-0689', 84.7, '2026-06-27 15:03:35');
INSERT INTO priorities_Sila (priority_ID, request_ID, company_points, product_mgr_score, software_mgr_score, priority_score) VALUES (2689, 2689, 76.8, 5, 4, 84.7);
INSERT INTO workflows_Sila (task_ID, request_ID, developer_ID, workflow_status, assigned_by_ID, assigned_at) VALUES (2689, 2689, 17, 'ASSIGNED', 1, '2026-06-27 16:03:35');
INSERT INTO request_notes_Sila (note_ID, request_ID, content, submitter_ID, is_internal, created_at) VALUES (3366, 2689, 'Mock not eklendi. Test amacli. (Note 0)', 1, FALSE, '2026-06-27 17:03:35');
INSERT INTO request_notes_Sila (note_ID, request_ID, content, submitter_ID, is_internal, created_at) VALUES (3367, 2689, 'Mock not eklendi. Test amacli. (Note 1)', 1, FALSE, '2026-06-27 18:03:35');
INSERT INTO requests_Sila (request_ID, creator_ID, title, description, status, type, generated_id, final_priority_score, created_at) VALUES (2690, 33, 'Sayfa yuklenmiyor - Mock Dev 17 - 23', 'Test ortaminda calisiyor ama canlida hata veriyor.', 'COMPLETED', 'YENİ_ÖZELLİK_EKLEME', 'M-0690', 68.9, '2026-06-28 15:03:35');
INSERT INTO priorities_Sila (priority_ID, request_ID, company_points, product_mgr_score, software_mgr_score, priority_score) VALUES (2690, 2690, 82.3, 3, 3, 68.9);
INSERT INTO workflows_Sila (task_ID, request_ID, developer_ID, workflow_status, assigned_by_ID, assigned_at, resolved_at) VALUES (2690, 2690, 17, 'RESOLVED', 1, '2026-06-28 16:03:35', '2026-06-29 16:03:35');
INSERT INTO request_notes_Sila (note_ID, request_ID, content, submitter_ID, is_internal, created_at) VALUES (3368, 2690, 'Mock not eklendi. Test amacli. (Note 0)', 1, TRUE, '2026-06-28 17:03:35');
INSERT INTO request_notes_Sila (note_ID, request_ID, content, submitter_ID, is_internal, created_at) VALUES (3369, 2690, 'Mock not eklendi. Test amacli. (Note 1)', 1, TRUE, '2026-06-28 18:03:35');
INSERT INTO request_notes_Sila (note_ID, request_ID, content, submitter_ID, is_internal, created_at) VALUES (3370, 2690, 'Mock not eklendi. Test amacli. (Note 2)', 17, FALSE, '2026-06-28 19:03:35');
INSERT INTO requests_Sila (request_ID, creator_ID, title, description, status, type, generated_id, final_priority_score, created_at) VALUES (2691, 34, 'Sayfa yuklenmiyor - Mock Dev 17 - 24', 'Dun yapilan guncellemeden sonra bozuldu.', 'ASSIGNED', 'SİSTEM_ÇÖKÜŞÜ', 'M-0691', 99.0, '2026-06-30 15:03:35');
INSERT INTO priorities_Sila (priority_ID, request_ID, company_points, product_mgr_score, software_mgr_score, priority_score) VALUES (2691, 2691, 97.4, 5, 5, 99.0);
INSERT INTO workflows_Sila (task_ID, request_ID, developer_ID, workflow_status, assigned_by_ID, assigned_at) VALUES (2691, 2691, 17, 'ASSIGNED', 1, '2026-06-30 16:03:35');
INSERT INTO request_notes_Sila (note_ID, request_ID, content, submitter_ID, is_internal, created_at) VALUES (3371, 2691, 'Mock not eklendi. Test amacli. (Note 0)', 17, FALSE, '2026-06-30 17:03:35');
INSERT INTO requests_Sila (request_ID, creator_ID, title, description, status, type, generated_id, final_priority_score, created_at) VALUES (2692, 27, 'Veri kaybi yasaniyor - Mock Dev 17 - 25', 'Musteriler bu sorundan sikayetci, acil bakilmasi gerekiyor.', 'COMPLETED', 'GELİŞTİRME', 'M-0692', 75.9, '2026-07-07 15:03:35');
INSERT INTO priorities_Sila (priority_ID, request_ID, company_points, product_mgr_score, software_mgr_score, priority_score) VALUES (2692, 2692, 84.8, 3, 4, 75.9);
INSERT INTO workflows_Sila (task_ID, request_ID, developer_ID, workflow_status, assigned_by_ID, assigned_at, resolved_at) VALUES (2692, 2692, 17, 'RESOLVED', 1, '2026-07-07 16:03:35', '2026-07-10 16:03:35');
INSERT INTO request_notes_Sila (note_ID, request_ID, content, submitter_ID, is_internal, created_at) VALUES (3372, 2692, 'Mock not eklendi. Test amacli. (Note 0)', 17, TRUE, '2026-07-07 17:03:35');
INSERT INTO request_notes_Sila (note_ID, request_ID, content, submitter_ID, is_internal, created_at) VALUES (3373, 2692, 'Mock not eklendi. Test amacli. (Note 1)', 17, TRUE, '2026-07-07 18:03:35');
INSERT INTO requests_Sila (request_ID, creator_ID, title, description, status, type, generated_id, final_priority_score, created_at) VALUES (2693, 27, 'Veri kaybi yasaniyor - Mock Dev 17 - 26', 'Performans cok dusuk.', 'ASSIGNED', 'YENİ_ÖZELLİK_EKLEME', 'M-0693', 70.3, '2026-06-25 15:03:35');
INSERT INTO priorities_Sila (priority_ID, request_ID, company_points, product_mgr_score, software_mgr_score, priority_score) VALUES (2693, 2693, 70.7, 3, 4, 70.3);
INSERT INTO workflows_Sila (task_ID, request_ID, developer_ID, workflow_status, assigned_by_ID, assigned_at) VALUES (2693, 2693, 17, 'ASSIGNED', 1, '2026-06-25 16:03:35');
INSERT INTO request_notes_Sila (note_ID, request_ID, content, submitter_ID, is_internal, created_at) VALUES (3374, 2693, 'Mock not eklendi. Test amacli. (Note 0)', 1, FALSE, '2026-06-25 17:03:35');
INSERT INTO request_notes_Sila (note_ID, request_ID, content, submitter_ID, is_internal, created_at) VALUES (3375, 2693, 'Mock not eklendi. Test amacli. (Note 1)', 1, TRUE, '2026-06-25 18:03:35');
INSERT INTO requests_Sila (request_ID, creator_ID, title, description, status, type, generated_id, final_priority_score, created_at) VALUES (2694, 31, 'Veri kaybi yasaniyor - Mock Dev 17 - 27', 'Performans cok dusuk.', 'ASSIGNED', 'YENİ_ÖZELLİK_EKLEME', 'M-0694', 84.5, '2026-06-20 15:03:35');
INSERT INTO priorities_Sila (priority_ID, request_ID, company_points, product_mgr_score, software_mgr_score, priority_score) VALUES (2694, 2694, 91.2, 4, 4, 84.5);
INSERT INTO workflows_Sila (task_ID, request_ID, developer_ID, workflow_status, assigned_by_ID, assigned_at) VALUES (2694, 2694, 17, 'ASSIGNED', 1, '2026-06-20 16:03:35');
INSERT INTO request_notes_Sila (note_ID, request_ID, content, submitter_ID, is_internal, created_at) VALUES (3376, 2694, 'Mock not eklendi. Test amacli. (Note 0)', 1, FALSE, '2026-06-20 17:03:35');
INSERT INTO requests_Sila (request_ID, creator_ID, title, description, status, type, generated_id, final_priority_score, created_at) VALUES (2695, 35, '500 Internal Server Error - Mock Dev 17 - 28', 'Dun yapilan guncellemeden sonra bozuldu.', 'ASSIGNED', 'SİSTEM_ÇÖKÜŞÜ', 'M-0695', 96.5, '2026-07-04 15:03:35');
INSERT INTO priorities_Sila (priority_ID, request_ID, company_points, product_mgr_score, software_mgr_score, priority_score) VALUES (2695, 2695, 91.2, 5, 5, 96.5);
INSERT INTO workflows_Sila (task_ID, request_ID, developer_ID, workflow_status, assigned_by_ID, assigned_at) VALUES (2695, 2695, 17, 'ASSIGNED', 1, '2026-07-04 16:03:35');
INSERT INTO request_notes_Sila (note_ID, request_ID, content, submitter_ID, is_internal, created_at) VALUES (3377, 2695, 'Mock not eklendi. Test amacli. (Note 0)', 17, FALSE, '2026-07-04 17:03:35');
INSERT INTO requests_Sila (request_ID, creator_ID, title, description, status, type, generated_id, final_priority_score, created_at) VALUES (2696, 28, 'Veri kaybi yasaniyor - Mock Dev 17 - 29', 'Tasarim ekibi guncellemeyi talep etti.', 'COMPLETED', 'DİĞER', 'M-0696', 82.7, '2026-07-02 15:03:35');
INSERT INTO priorities_Sila (priority_ID, request_ID, company_points, product_mgr_score, software_mgr_score, priority_score) VALUES (2696, 2696, 86.6, 5, 3, 82.7);
INSERT INTO workflows_Sila (task_ID, request_ID, developer_ID, workflow_status, assigned_by_ID, assigned_at, resolved_at) VALUES (2696, 2696, 17, 'RESOLVED', 1, '2026-07-02 16:03:35', '2026-07-03 16:03:35');
INSERT INTO request_notes_Sila (note_ID, request_ID, content, submitter_ID, is_internal, created_at) VALUES (3378, 2696, 'Mock not eklendi. Test amacli. (Note 0)', 17, TRUE, '2026-07-02 17:03:35');
INSERT INTO request_notes_Sila (note_ID, request_ID, content, submitter_ID, is_internal, created_at) VALUES (3379, 2696, 'Mock not eklendi. Test amacli. (Note 1)', 17, FALSE, '2026-07-02 18:03:35');
INSERT INTO request_notes_Sila (note_ID, request_ID, content, submitter_ID, is_internal, created_at) VALUES (3380, 2696, 'Mock not eklendi. Test amacli. (Note 2)', 17, TRUE, '2026-07-02 19:03:35');
INSERT INTO requests_Sila (request_ID, creator_ID, title, description, status, type, generated_id, final_priority_score, created_at) VALUES (2697, 28, 'Sayfa yuklenmiyor - Mock Dev 17 - 30', 'Loglarda NullPointerException gordum, ekteki dosyaya bakiniz.', 'ASSIGNED', 'ENTEGRASYON_SIKINTILARI', 'M-0697', 65.9, '2026-07-19 15:03:35');
INSERT INTO priorities_Sila (priority_ID, request_ID, company_points, product_mgr_score, software_mgr_score, priority_score) VALUES (2697, 2697, 74.8, 3, 3, 65.9);
INSERT INTO workflows_Sila (task_ID, request_ID, developer_ID, workflow_status, assigned_by_ID, assigned_at) VALUES (2697, 2697, 17, 'ASSIGNED', 1, '2026-07-19 16:03:35');
INSERT INTO request_notes_Sila (note_ID, request_ID, content, submitter_ID, is_internal, created_at) VALUES (3381, 2697, 'Mock not eklendi. Test amacli. (Note 0)', 17, FALSE, '2026-07-19 17:03:35');
INSERT INTO requests_Sila (request_ID, creator_ID, title, description, status, type, generated_id, final_priority_score, created_at) VALUES (2698, 32, 'Yeni buton eklenmesi - Mock Dev 17 - 31', 'Performans cok dusuk.', 'COMPLETED', 'DİĞER', 'M-0698', 94.8, '2026-07-17 15:03:35');
INSERT INTO priorities_Sila (priority_ID, request_ID, company_points, product_mgr_score, software_mgr_score, priority_score) VALUES (2698, 2698, 87.1, 5, 5, 94.8);
INSERT INTO workflows_Sila (task_ID, request_ID, developer_ID, workflow_status, assigned_by_ID, assigned_at, resolved_at) VALUES (2698, 2698, 17, 'RESOLVED', 1, '2026-07-17 16:03:35', '2026-07-19 16:03:35');
INSERT INTO request_notes_Sila (note_ID, request_ID, content, submitter_ID, is_internal, created_at) VALUES (3382, 2698, 'Mock not eklendi. Test amacli. (Note 0)', 1, TRUE, '2026-07-17 17:03:35');
INSERT INTO request_notes_Sila (note_ID, request_ID, content, submitter_ID, is_internal, created_at) VALUES (3383, 2698, 'Mock not eklendi. Test amacli. (Note 1)', 17, TRUE, '2026-07-17 18:03:35');
INSERT INTO request_notes_Sila (note_ID, request_ID, content, submitter_ID, is_internal, created_at) VALUES (3384, 2698, 'Mock not eklendi. Test amacli. (Note 2)', 1, TRUE, '2026-07-17 19:03:35');
INSERT INTO requests_Sila (request_ID, creator_ID, title, description, status, type, generated_id, final_priority_score, created_at) VALUES (2699, 33, 'Sayfa yuklenmiyor - Mock Dev 17 - 32', 'Dun yapilan guncellemeden sonra bozuldu.', 'COMPLETED', 'SİSTEM_ÇÖKÜŞÜ', 'M-0699', 85.0, '2026-07-10 15:03:35');
INSERT INTO priorities_Sila (priority_ID, request_ID, company_points, product_mgr_score, software_mgr_score, priority_score) VALUES (2699, 2699, 92.4, 4, 4, 85.0);
INSERT INTO workflows_Sila (task_ID, request_ID, developer_ID, workflow_status, assigned_by_ID, assigned_at, resolved_at) VALUES (2699, 2699, 17, 'RESOLVED', 1, '2026-07-10 16:03:35', '2026-07-12 16:03:35');
INSERT INTO request_notes_Sila (note_ID, request_ID, content, submitter_ID, is_internal, created_at) VALUES (3385, 2699, 'Mock not eklendi. Test amacli. (Note 0)', 1, FALSE, '2026-07-10 17:03:35');
INSERT INTO request_notes_Sila (note_ID, request_ID, content, submitter_ID, is_internal, created_at) VALUES (3386, 2699, 'Mock not eklendi. Test amacli. (Note 1)', 1, FALSE, '2026-07-10 18:03:35');
INSERT INTO requests_Sila (request_ID, creator_ID, title, description, status, type, generated_id, final_priority_score, created_at) VALUES (2700, 34, 'Veritabani baglanti hatasi - Mock Dev 17 - 33', 'Musteriler bu sorundan sikayetci, acil bakilmasi gerekiyor.', 'COMPLETED', 'YENİ_ÖZELLİK_EKLEME', 'M-0700', 83.0, '2026-07-16 15:03:35');
INSERT INTO priorities_Sila (priority_ID, request_ID, company_points, product_mgr_score, software_mgr_score, priority_score) VALUES (2700, 2700, 87.4, 4, 4, 83.0);
INSERT INTO workflows_Sila (task_ID, request_ID, developer_ID, workflow_status, assigned_by_ID, assigned_at, resolved_at) VALUES (2700, 2700, 17, 'RESOLVED', 1, '2026-07-16 16:03:35', '2026-07-20 16:03:35');
INSERT INTO request_notes_Sila (note_ID, request_ID, content, submitter_ID, is_internal, created_at) VALUES (3387, 2700, 'Mock not eklendi. Test amacli. (Note 0)', 1, TRUE, '2026-07-16 17:03:35');
INSERT INTO request_notes_Sila (note_ID, request_ID, content, submitter_ID, is_internal, created_at) VALUES (3388, 2700, 'Mock not eklendi. Test amacli. (Note 1)', 1, TRUE, '2026-07-16 18:03:35');
INSERT INTO requests_Sila (request_ID, creator_ID, title, description, status, type, generated_id, final_priority_score, created_at) VALUES (2701, 26, 'Arayuzde kayma var - Mock Dev 17 - 34', 'Performans cok dusuk.', 'COMPLETED', 'YENİ_ÖZELLİK_EKLEME', 'M-0701', 77.9, '2026-07-05 15:03:35');
INSERT INTO priorities_Sila (priority_ID, request_ID, company_points, product_mgr_score, software_mgr_score, priority_score) VALUES (2701, 2701, 74.8, 3, 5, 77.9);
INSERT INTO workflows_Sila (task_ID, request_ID, developer_ID, workflow_status, assigned_by_ID, assigned_at, resolved_at) VALUES (2701, 2701, 17, 'RESOLVED', 1, '2026-07-05 16:03:35', '2026-07-09 16:03:35');
INSERT INTO request_notes_Sila (note_ID, request_ID, content, submitter_ID, is_internal, created_at) VALUES (3389, 2701, 'Mock not eklendi. Test amacli. (Note 0)', 1, TRUE, '2026-07-05 17:03:35');
INSERT INTO requests_Sila (request_ID, creator_ID, title, description, status, type, generated_id, final_priority_score, created_at) VALUES (2702, 28, 'Sifre sifirlama maili gelmiyor - Mock Dev 17 - 35', 'Veriler eksik geliyor, veritabani sorgusu optimize edilmeli.', 'COMPLETED', 'VERİ_KAYBI', 'M-0702', 85.9, '2026-07-14 15:03:35');
INSERT INTO priorities_Sila (priority_ID, request_ID, company_points, product_mgr_score, software_mgr_score, priority_score) VALUES (2702, 2702, 79.8, 5, 4, 85.9);
INSERT INTO workflows_Sila (task_ID, request_ID, developer_ID, workflow_status, assigned_by_ID, assigned_at, resolved_at) VALUES (2702, 2702, 17, 'RESOLVED', 1, '2026-07-14 16:03:35', '2026-07-16 16:03:35');
INSERT INTO request_notes_Sila (note_ID, request_ID, content, submitter_ID, is_internal, created_at) VALUES (3390, 2702, 'Mock not eklendi. Test amacli. (Note 0)', 1, FALSE, '2026-07-14 17:03:35');
INSERT INTO requests_Sila (request_ID, creator_ID, title, description, status, type, generated_id, final_priority_score, created_at) VALUES (2703, 32, '500 Internal Server Error - Mock Dev 17 - 36', 'Performans cok dusuk.', 'ASSIGNED', 'BUG_DÜZELTME', 'M-0703', 98.4, '2026-07-08 15:03:35');
INSERT INTO priorities_Sila (priority_ID, request_ID, company_points, product_mgr_score, software_mgr_score, priority_score) VALUES (2703, 2703, 95.9, 5, 5, 98.4);
INSERT INTO workflows_Sila (task_ID, request_ID, developer_ID, workflow_status, assigned_by_ID, assigned_at) VALUES (2703, 2703, 17, 'ASSIGNED', 1, '2026-07-08 16:03:35');
INSERT INTO request_notes_Sila (note_ID, request_ID, content, submitter_ID, is_internal, created_at) VALUES (3391, 2703, 'Mock not eklendi. Test amacli. (Note 0)', 17, FALSE, '2026-07-08 17:03:35');
INSERT INTO request_notes_Sila (note_ID, request_ID, content, submitter_ID, is_internal, created_at) VALUES (3392, 2703, 'Mock not eklendi. Test amacli. (Note 1)', 17, FALSE, '2026-07-08 18:03:35');
INSERT INTO request_notes_Sila (note_ID, request_ID, content, submitter_ID, is_internal, created_at) VALUES (3393, 2703, 'Mock not eklendi. Test amacli. (Note 2)', 1, TRUE, '2026-07-08 19:03:35');
INSERT INTO requests_Sila (request_ID, creator_ID, title, description, status, type, generated_id, final_priority_score, created_at) VALUES (2704, 27, 'Sayfa yuklenmiyor - Mock Dev 17 - 37', 'Sistemin genelini etkileyen bir yavaslik soz konusu.', 'ASSIGNED', 'DİĞER', 'M-0704', 91.9, '2026-07-06 15:03:35');
INSERT INTO priorities_Sila (priority_ID, request_ID, company_points, product_mgr_score, software_mgr_score, priority_score) VALUES (2704, 2704, 94.8, 5, 4, 91.9);
INSERT INTO workflows_Sila (task_ID, request_ID, developer_ID, workflow_status, assigned_by_ID, assigned_at) VALUES (2704, 2704, 17, 'ASSIGNED', 1, '2026-07-06 16:03:35');
INSERT INTO request_notes_Sila (note_ID, request_ID, content, submitter_ID, is_internal, created_at) VALUES (3394, 2704, 'Mock not eklendi. Test amacli. (Note 0)', 1, FALSE, '2026-07-06 17:03:35');
INSERT INTO requests_Sila (request_ID, creator_ID, title, description, status, type, generated_id, final_priority_score, created_at) VALUES (2705, 26, 'Kullanici girisi yavas - Mock Dev 17 - 38', 'Test ortaminda calisiyor ama canlida hata veriyor.', 'COMPLETED', 'SİSTEM_ÇÖKÜŞÜ', 'M-0705', 99.2, '2026-07-16 15:03:35');
INSERT INTO priorities_Sila (priority_ID, request_ID, company_points, product_mgr_score, software_mgr_score, priority_score) VALUES (2705, 2705, 98.0, 5, 5, 99.2);
INSERT INTO workflows_Sila (task_ID, request_ID, developer_ID, workflow_status, assigned_by_ID, assigned_at, resolved_at) VALUES (2705, 2705, 17, 'RESOLVED', 1, '2026-07-16 16:03:35', '2026-07-18 16:03:35');
INSERT INTO request_notes_Sila (note_ID, request_ID, content, submitter_ID, is_internal, created_at) VALUES (3395, 2705, 'Mock not eklendi. Test amacli. (Note 0)', 17, FALSE, '2026-07-16 17:03:35');
INSERT INTO request_notes_Sila (note_ID, request_ID, content, submitter_ID, is_internal, created_at) VALUES (3396, 2705, 'Mock not eklendi. Test amacli. (Note 1)', 1, FALSE, '2026-07-16 18:03:35');
INSERT INTO requests_Sila (request_ID, creator_ID, title, description, status, type, generated_id, final_priority_score, created_at) VALUES (2706, 34, 'Yeni buton eklenmesi - Mock Dev 17 - 39', 'Test ortaminda calisiyor ama canlida hata veriyor.', 'COMPLETED', 'BUG_DÜZELTME', 'M-0706', 85.3, '2026-06-27 15:03:35');
INSERT INTO priorities_Sila (priority_ID, request_ID, company_points, product_mgr_score, software_mgr_score, priority_score) VALUES (2706, 2706, 93.3, 4, 4, 85.3);
INSERT INTO workflows_Sila (task_ID, request_ID, developer_ID, workflow_status, assigned_by_ID, assigned_at, resolved_at) VALUES (2706, 2706, 17, 'RESOLVED', 1, '2026-06-27 16:03:35', '2026-06-29 16:03:35');
INSERT INTO request_notes_Sila (note_ID, request_ID, content, submitter_ID, is_internal, created_at) VALUES (3397, 2706, 'Mock not eklendi. Test amacli. (Note 0)', 17, TRUE, '2026-06-27 17:03:35');
INSERT INTO requests_Sila (request_ID, creator_ID, title, description, status, type, generated_id, final_priority_score, created_at) VALUES (2707, 29, 'Veritabani baglanti hatasi - Mock Dev 17 - 40', 'Musteriler bu sorundan sikayetci, acil bakilmasi gerekiyor.', 'ASSIGNED', 'ENTEGRASYON_SIKINTILARI', 'M-0707', 72.7, '2026-07-06 15:03:35');
INSERT INTO priorities_Sila (priority_ID, request_ID, company_points, product_mgr_score, software_mgr_score, priority_score) VALUES (2707, 2707, 76.8, 3, 4, 72.7);
INSERT INTO workflows_Sila (task_ID, request_ID, developer_ID, workflow_status, assigned_by_ID, assigned_at) VALUES (2707, 2707, 17, 'ASSIGNED', 1, '2026-07-06 16:03:35');
INSERT INTO request_notes_Sila (note_ID, request_ID, content, submitter_ID, is_internal, created_at) VALUES (3398, 2707, 'Mock not eklendi. Test amacli. (Note 0)', 1, TRUE, '2026-07-06 17:03:35');
INSERT INTO request_notes_Sila (note_ID, request_ID, content, submitter_ID, is_internal, created_at) VALUES (3399, 2707, 'Mock not eklendi. Test amacli. (Note 1)', 1, FALSE, '2026-07-06 18:03:35');
INSERT INTO request_notes_Sila (note_ID, request_ID, content, submitter_ID, is_internal, created_at) VALUES (3400, 2707, 'Mock not eklendi. Test amacli. (Note 2)', 17, TRUE, '2026-07-06 19:03:35');
INSERT INTO requests_Sila (request_ID, creator_ID, title, description, status, type, generated_id, final_priority_score, created_at) VALUES (2708, 26, 'Veritabani baglanti hatasi - Mock Dev 17 - 41', 'Test ortaminda calisiyor ama canlida hata veriyor.', 'COMPLETED', 'BUG_DÜZELTME', 'M-0708', 99.7, '2026-06-29 15:03:35');
INSERT INTO priorities_Sila (priority_ID, request_ID, company_points, product_mgr_score, software_mgr_score, priority_score) VALUES (2708, 2708, 99.3, 5, 5, 99.7);
INSERT INTO workflows_Sila (task_ID, request_ID, developer_ID, workflow_status, assigned_by_ID, assigned_at, resolved_at) VALUES (2708, 2708, 17, 'RESOLVED', 1, '2026-06-29 16:03:35', '2026-07-02 16:03:35');
INSERT INTO request_notes_Sila (note_ID, request_ID, content, submitter_ID, is_internal, created_at) VALUES (3401, 2708, 'Mock not eklendi. Test amacli. (Note 0)', 1, FALSE, '2026-06-29 17:03:35');
INSERT INTO requests_Sila (request_ID, creator_ID, title, description, status, type, generated_id, final_priority_score, created_at) VALUES (2709, 35, 'Yeni buton eklenmesi - Mock Dev 17 - 42', 'Test ortaminda calisiyor ama canlida hata veriyor.', 'COMPLETED', 'ENTEGRASYON_SIKINTILARI', 'M-0709', 79.9, '2026-06-23 15:03:35');
INSERT INTO priorities_Sila (priority_ID, request_ID, company_points, product_mgr_score, software_mgr_score, priority_score) VALUES (2709, 2709, 79.7, 3, 5, 79.9);
INSERT INTO workflows_Sila (task_ID, request_ID, developer_ID, workflow_status, assigned_by_ID, assigned_at, resolved_at) VALUES (2709, 2709, 17, 'RESOLVED', 1, '2026-06-23 16:03:35', '2026-06-24 16:03:35');
INSERT INTO request_notes_Sila (note_ID, request_ID, content, submitter_ID, is_internal, created_at) VALUES (3402, 2709, 'Mock not eklendi. Test amacli. (Note 0)', 1, FALSE, '2026-06-23 17:03:35');
INSERT INTO request_notes_Sila (note_ID, request_ID, content, submitter_ID, is_internal, created_at) VALUES (3403, 2709, 'Mock not eklendi. Test amacli. (Note 1)', 17, FALSE, '2026-06-23 18:03:35');
INSERT INTO request_notes_Sila (note_ID, request_ID, content, submitter_ID, is_internal, created_at) VALUES (3404, 2709, 'Mock not eklendi. Test amacli. (Note 2)', 17, FALSE, '2026-06-23 19:03:35');
INSERT INTO requests_Sila (request_ID, creator_ID, title, description, status, type, generated_id, final_priority_score, created_at) VALUES (2710, 33, '500 Internal Server Error - Mock Dev 17 - 43', 'Sistemin genelini etkileyen bir yavaslik soz konusu.', 'COMPLETED', 'VERİ_KAYBI', 'M-0710', 91.7, '2026-07-15 15:03:35');
INSERT INTO priorities_Sila (priority_ID, request_ID, company_points, product_mgr_score, software_mgr_score, priority_score) VALUES (2710, 2710, 94.2, 5, 4, 91.7);
INSERT INTO workflows_Sila (task_ID, request_ID, developer_ID, workflow_status, assigned_by_ID, assigned_at, resolved_at) VALUES (2710, 2710, 17, 'RESOLVED', 1, '2026-07-15 16:03:35', '2026-07-17 16:03:35');
INSERT INTO request_notes_Sila (note_ID, request_ID, content, submitter_ID, is_internal, created_at) VALUES (3405, 2710, 'Mock not eklendi. Test amacli. (Note 0)', 17, FALSE, '2026-07-15 17:03:35');
INSERT INTO requests_Sila (request_ID, creator_ID, title, description, status, type, generated_id, final_priority_score, created_at) VALUES (2711, 28, 'Arayuzde kayma var - Mock Dev 17 - 44', 'Performans cok dusuk.', 'ASSIGNED', 'ENTEGRASYON_SIKINTILARI', 'M-0711', 84.6, '2026-07-15 15:03:35');
INSERT INTO priorities_Sila (priority_ID, request_ID, company_points, product_mgr_score, software_mgr_score, priority_score) VALUES (2711, 2711, 91.5, 5, 3, 84.6);
INSERT INTO workflows_Sila (task_ID, request_ID, developer_ID, workflow_status, assigned_by_ID, assigned_at) VALUES (2711, 2711, 17, 'ASSIGNED', 1, '2026-07-15 16:03:35');
INSERT INTO request_notes_Sila (note_ID, request_ID, content, submitter_ID, is_internal, created_at) VALUES (3406, 2711, 'Mock not eklendi. Test amacli. (Note 0)', 1, TRUE, '2026-07-15 17:03:35');
INSERT INTO request_notes_Sila (note_ID, request_ID, content, submitter_ID, is_internal, created_at) VALUES (3407, 2711, 'Mock not eklendi. Test amacli. (Note 1)', 1, FALSE, '2026-07-15 18:03:35');
INSERT INTO request_notes_Sila (note_ID, request_ID, content, submitter_ID, is_internal, created_at) VALUES (3408, 2711, 'Mock not eklendi. Test amacli. (Note 2)', 1, FALSE, '2026-07-15 19:03:35');
INSERT INTO requests_Sila (request_ID, creator_ID, title, description, status, type, generated_id, final_priority_score, created_at) VALUES (2712, 29, 'Raporlama modulu calismiyor - Mock Dev 17 - 45', 'Loglarda NullPointerException gordum, ekteki dosyaya bakiniz.', 'ASSIGNED', 'YENİ_ÖZELLİK_EKLEME', 'M-0712', 98.2, '2026-07-13 15:03:35');
INSERT INTO priorities_Sila (priority_ID, request_ID, company_points, product_mgr_score, software_mgr_score, priority_score) VALUES (2712, 2712, 95.5, 5, 5, 98.2);
INSERT INTO workflows_Sila (task_ID, request_ID, developer_ID, workflow_status, assigned_by_ID, assigned_at) VALUES (2712, 2712, 17, 'ASSIGNED', 1, '2026-07-13 16:03:35');
INSERT INTO request_notes_Sila (note_ID, request_ID, content, submitter_ID, is_internal, created_at) VALUES (3409, 2712, 'Mock not eklendi. Test amacli. (Note 0)', 1, TRUE, '2026-07-13 17:03:35');
INSERT INTO request_notes_Sila (note_ID, request_ID, content, submitter_ID, is_internal, created_at) VALUES (3410, 2712, 'Mock not eklendi. Test amacli. (Note 1)', 1, FALSE, '2026-07-13 18:03:35');
INSERT INTO request_notes_Sila (note_ID, request_ID, content, submitter_ID, is_internal, created_at) VALUES (3411, 2712, 'Mock not eklendi. Test amacli. (Note 2)', 17, TRUE, '2026-07-13 19:03:35');
INSERT INTO requests_Sila (request_ID, creator_ID, title, description, status, type, generated_id, final_priority_score, created_at) VALUES (2713, 34, 'Mobil uyumluluk sorunu - Mock Dev 17 - 46', 'Dun yapilan guncellemeden sonra bozuldu.', 'COMPLETED', 'DİĞER', 'M-0713', 77.5, '2026-07-17 15:03:35');
INSERT INTO priorities_Sila (priority_ID, request_ID, company_points, product_mgr_score, software_mgr_score, priority_score) VALUES (2713, 2713, 73.7, 4, 4, 77.5);
INSERT INTO workflows_Sila (task_ID, request_ID, developer_ID, workflow_status, assigned_by_ID, assigned_at, resolved_at) VALUES (2713, 2713, 17, 'RESOLVED', 1, '2026-07-17 16:03:35', '2026-07-20 16:03:35');
INSERT INTO request_notes_Sila (note_ID, request_ID, content, submitter_ID, is_internal, created_at) VALUES (3412, 2713, 'Mock not eklendi. Test amacli. (Note 0)', 17, FALSE, '2026-07-17 17:03:35');
INSERT INTO requests_Sila (request_ID, creator_ID, title, description, status, type, generated_id, final_priority_score, created_at) VALUES (2714, 32, 'Veritabani baglanti hatasi - Mock Dev 17 - 47', 'Test ortaminda calisiyor ama canlida hata veriyor.', 'ASSIGNED', 'SİSTEM_ÇÖKÜŞÜ', 'M-0714', 79.9, '2026-07-17 15:03:35');
INSERT INTO priorities_Sila (priority_ID, request_ID, company_points, product_mgr_score, software_mgr_score, priority_score) VALUES (2714, 2714, 94.7, 4, 3, 79.9);
INSERT INTO workflows_Sila (task_ID, request_ID, developer_ID, workflow_status, assigned_by_ID, assigned_at) VALUES (2714, 2714, 17, 'ASSIGNED', 1, '2026-07-17 16:03:35');
INSERT INTO request_notes_Sila (note_ID, request_ID, content, submitter_ID, is_internal, created_at) VALUES (3413, 2714, 'Mock not eklendi. Test amacli. (Note 0)', 17, FALSE, '2026-07-17 17:03:35');
INSERT INTO requests_Sila (request_ID, creator_ID, title, description, status, type, generated_id, final_priority_score, created_at) VALUES (2715, 29, 'Sayfa yuklenmiyor - Mock Dev 17 - 48', 'Tasarim ekibi guncellemeyi talep etti.', 'ASSIGNED', 'YENİ_ÖZELLİK_EKLEME', 'M-0715', 77.1, '2026-07-12 15:03:35');
INSERT INTO priorities_Sila (priority_ID, request_ID, company_points, product_mgr_score, software_mgr_score, priority_score) VALUES (2715, 2715, 72.7, 3, 5, 77.1);
INSERT INTO workflows_Sila (task_ID, request_ID, developer_ID, workflow_status, assigned_by_ID, assigned_at) VALUES (2715, 2715, 17, 'ASSIGNED', 1, '2026-07-12 16:03:35');
INSERT INTO request_notes_Sila (note_ID, request_ID, content, submitter_ID, is_internal, created_at) VALUES (3414, 2715, 'Mock not eklendi. Test amacli. (Note 0)', 17, FALSE, '2026-07-12 17:03:35');
INSERT INTO request_notes_Sila (note_ID, request_ID, content, submitter_ID, is_internal, created_at) VALUES (3415, 2715, 'Mock not eklendi. Test amacli. (Note 1)', 1, TRUE, '2026-07-12 18:03:35');
INSERT INTO requests_Sila (request_ID, creator_ID, title, description, status, type, generated_id, final_priority_score, created_at) VALUES (2716, 34, 'Mobil uyumluluk sorunu - Mock Dev 17 - 49', 'Performans cok dusuk.', 'ASSIGNED', 'GELİŞTİRME', 'M-0716', 84.8, '2026-07-06 15:03:35');
INSERT INTO priorities_Sila (priority_ID, request_ID, company_points, product_mgr_score, software_mgr_score, priority_score) VALUES (2716, 2716, 76.9, 5, 4, 84.8);
INSERT INTO workflows_Sila (task_ID, request_ID, developer_ID, workflow_status, assigned_by_ID, assigned_at) VALUES (2716, 2716, 17, 'ASSIGNED', 1, '2026-07-06 16:03:35');
INSERT INTO request_notes_Sila (note_ID, request_ID, content, submitter_ID, is_internal, created_at) VALUES (3416, 2716, 'Mock not eklendi. Test amacli. (Note 0)', 1, TRUE, '2026-07-06 17:03:35');
INSERT INTO requests_Sila (request_ID, creator_ID, title, description, status, type, generated_id, final_priority_score, created_at) VALUES (2717, 28, 'Veri kaybi yasaniyor - Mock Dev 17 - 50', 'Veriler eksik geliyor, veritabani sorgusu optimize edilmeli.', 'COMPLETED', 'DİĞER', 'M-0717', 79.7, '2026-07-19 15:03:35');
INSERT INTO priorities_Sila (priority_ID, request_ID, company_points, product_mgr_score, software_mgr_score, priority_score) VALUES (2717, 2717, 94.4, 4, 3, 79.7);
INSERT INTO workflows_Sila (task_ID, request_ID, developer_ID, workflow_status, assigned_by_ID, assigned_at, resolved_at) VALUES (2717, 2717, 17, 'RESOLVED', 1, '2026-07-19 16:03:35', '2026-07-23 16:03:35');
INSERT INTO request_notes_Sila (note_ID, request_ID, content, submitter_ID, is_internal, created_at) VALUES (3417, 2717, 'Mock not eklendi. Test amacli. (Note 0)', 1, TRUE, '2026-07-19 17:03:35');
INSERT INTO request_notes_Sila (note_ID, request_ID, content, submitter_ID, is_internal, created_at) VALUES (3418, 2717, 'Mock not eklendi. Test amacli. (Note 1)', 17, TRUE, '2026-07-19 18:03:35');
INSERT INTO request_notes_Sila (note_ID, request_ID, content, submitter_ID, is_internal, created_at) VALUES (3419, 2717, 'Mock not eklendi. Test amacli. (Note 2)', 17, FALSE, '2026-07-19 19:03:35');
INSERT INTO requests_Sila (request_ID, creator_ID, title, description, status, type, generated_id, final_priority_score, created_at) VALUES (2718, 33, 'Veri kaybi yasaniyor - Mock Dev 17 - 51', 'Tasarim ekibi guncellemeyi talep etti.', 'ASSIGNED', 'GELİŞTİRME', 'M-0718', 84.3, '2026-07-19 15:03:35');
INSERT INTO priorities_Sila (priority_ID, request_ID, company_points, product_mgr_score, software_mgr_score, priority_score) VALUES (2718, 2718, 90.8, 3, 5, 84.3);
INSERT INTO workflows_Sila (task_ID, request_ID, developer_ID, workflow_status, assigned_by_ID, assigned_at) VALUES (2718, 2718, 17, 'ASSIGNED', 1, '2026-07-19 16:03:35');
INSERT INTO request_notes_Sila (note_ID, request_ID, content, submitter_ID, is_internal, created_at) VALUES (3420, 2718, 'Mock not eklendi. Test amacli. (Note 0)', 1, TRUE, '2026-07-19 17:03:35');
INSERT INTO request_notes_Sila (note_ID, request_ID, content, submitter_ID, is_internal, created_at) VALUES (3421, 2718, 'Mock not eklendi. Test amacli. (Note 1)', 17, TRUE, '2026-07-19 18:03:35');
INSERT INTO request_notes_Sila (note_ID, request_ID, content, submitter_ID, is_internal, created_at) VALUES (3422, 2718, 'Mock not eklendi. Test amacli. (Note 2)', 17, TRUE, '2026-07-19 19:03:35');
INSERT INTO requests_Sila (request_ID, creator_ID, title, description, status, type, generated_id, final_priority_score, created_at) VALUES (2719, 32, 'Veri kaybi yasaniyor - Mock Dev 17 - 52', 'Dun yapilan guncellemeden sonra bozuldu.', 'ASSIGNED', 'ENTEGRASYON_SIKINTILARI', 'M-0719', 79.9, '2026-07-01 15:03:35');
INSERT INTO priorities_Sila (priority_ID, request_ID, company_points, product_mgr_score, software_mgr_score, priority_score) VALUES (2719, 2719, 94.9, 4, 3, 79.9);
INSERT INTO workflows_Sila (task_ID, request_ID, developer_ID, workflow_status, assigned_by_ID, assigned_at) VALUES (2719, 2719, 17, 'ASSIGNED', 1, '2026-07-01 16:03:35');
INSERT INTO request_notes_Sila (note_ID, request_ID, content, submitter_ID, is_internal, created_at) VALUES (3423, 2719, 'Mock not eklendi. Test amacli. (Note 0)', 1, FALSE, '2026-07-01 17:03:35');
INSERT INTO requests_Sila (request_ID, creator_ID, title, description, status, type, generated_id, final_priority_score, created_at) VALUES (2720, 30, 'Arayuzde kayma var - Mock Dev 17 - 53', 'Performans cok dusuk.', 'COMPLETED', 'DİĞER', 'M-0720', 86.5, '2026-06-22 15:03:35');
INSERT INTO priorities_Sila (priority_ID, request_ID, company_points, product_mgr_score, software_mgr_score, priority_score) VALUES (2720, 2720, 96.2, 5, 3, 86.5);
INSERT INTO workflows_Sila (task_ID, request_ID, developer_ID, workflow_status, assigned_by_ID, assigned_at, resolved_at) VALUES (2720, 2720, 17, 'RESOLVED', 1, '2026-06-22 16:03:35', '2026-06-24 16:03:35');
INSERT INTO request_notes_Sila (note_ID, request_ID, content, submitter_ID, is_internal, created_at) VALUES (3424, 2720, 'Mock not eklendi. Test amacli. (Note 0)', 1, FALSE, '2026-06-22 17:03:35');
INSERT INTO request_notes_Sila (note_ID, request_ID, content, submitter_ID, is_internal, created_at) VALUES (3425, 2720, 'Mock not eklendi. Test amacli. (Note 1)', 17, TRUE, '2026-06-22 18:03:35');
INSERT INTO request_notes_Sila (note_ID, request_ID, content, submitter_ID, is_internal, created_at) VALUES (3426, 2720, 'Mock not eklendi. Test amacli. (Note 2)', 1, TRUE, '2026-06-22 19:03:35');
INSERT INTO requests_Sila (request_ID, creator_ID, title, description, status, type, generated_id, final_priority_score, created_at) VALUES (2721, 30, 'Mobil uyumluluk sorunu - Mock Dev 18 - 0', 'Test ortaminda calisiyor ama canlida hata veriyor.', 'COMPLETED', 'YENİ_ÖZELLİK_EKLEME', 'M-0721', 76.9, '2026-07-09 15:03:35');
INSERT INTO priorities_Sila (priority_ID, request_ID, company_points, product_mgr_score, software_mgr_score, priority_score) VALUES (2721, 2721, 72.2, 4, 4, 76.9);
INSERT INTO workflows_Sila (task_ID, request_ID, developer_ID, workflow_status, assigned_by_ID, assigned_at, resolved_at) VALUES (2721, 2721, 18, 'RESOLVED', 1, '2026-07-09 16:03:35', '2026-07-11 16:03:35');
INSERT INTO request_notes_Sila (note_ID, request_ID, content, submitter_ID, is_internal, created_at) VALUES (3427, 2721, 'Mock not eklendi. Test amacli. (Note 0)', 18, TRUE, '2026-07-09 17:03:35');
INSERT INTO request_notes_Sila (note_ID, request_ID, content, submitter_ID, is_internal, created_at) VALUES (3428, 2721, 'Mock not eklendi. Test amacli. (Note 1)', 18, TRUE, '2026-07-09 18:03:35');
INSERT INTO requests_Sila (request_ID, creator_ID, title, description, status, type, generated_id, final_priority_score, created_at) VALUES (2722, 30, 'Mobil uyumluluk sorunu - Mock Dev 18 - 1', 'Performans cok dusuk.', 'ASSIGNED', 'GELİŞTİRME', 'M-0722', 87.8, '2026-07-04 15:03:35');
INSERT INTO priorities_Sila (priority_ID, request_ID, company_points, product_mgr_score, software_mgr_score, priority_score) VALUES (2722, 2722, 99.6, 3, 5, 87.8);
INSERT INTO workflows_Sila (task_ID, request_ID, developer_ID, workflow_status, assigned_by_ID, assigned_at) VALUES (2722, 2722, 18, 'ASSIGNED', 1, '2026-07-04 16:03:35');
INSERT INTO request_notes_Sila (note_ID, request_ID, content, submitter_ID, is_internal, created_at) VALUES (3429, 2722, 'Mock not eklendi. Test amacli. (Note 0)', 1, FALSE, '2026-07-04 17:03:35');
INSERT INTO requests_Sila (request_ID, creator_ID, title, description, status, type, generated_id, final_priority_score, created_at) VALUES (2723, 28, 'Mobil uyumluluk sorunu - Mock Dev 18 - 2', 'Veriler eksik geliyor, veritabani sorgusu optimize edilmeli.', 'ASSIGNED', 'YENİ_ÖZELLİK_EKLEME', 'M-0723', 85.7, '2026-07-17 15:03:35');
INSERT INTO priorities_Sila (priority_ID, request_ID, company_points, product_mgr_score, software_mgr_score, priority_score) VALUES (2723, 2723, 94.1, 5, 3, 85.7);
INSERT INTO workflows_Sila (task_ID, request_ID, developer_ID, workflow_status, assigned_by_ID, assigned_at) VALUES (2723, 2723, 18, 'ASSIGNED', 1, '2026-07-17 16:03:35');
INSERT INTO request_notes_Sila (note_ID, request_ID, content, submitter_ID, is_internal, created_at) VALUES (3430, 2723, 'Mock not eklendi. Test amacli. (Note 0)', 1, TRUE, '2026-07-17 17:03:35');
INSERT INTO request_notes_Sila (note_ID, request_ID, content, submitter_ID, is_internal, created_at) VALUES (3431, 2723, 'Mock not eklendi. Test amacli. (Note 1)', 18, FALSE, '2026-07-17 18:03:35');
INSERT INTO requests_Sila (request_ID, creator_ID, title, description, status, type, generated_id, final_priority_score, created_at) VALUES (2724, 32, '500 Internal Server Error - Mock Dev 18 - 3', 'Veriler eksik geliyor, veritabani sorgusu optimize edilmeli.', 'COMPLETED', 'GELİŞTİRME', 'M-0724', 81.1, '2026-06-21 15:03:35');
INSERT INTO priorities_Sila (priority_ID, request_ID, company_points, product_mgr_score, software_mgr_score, priority_score) VALUES (2724, 2724, 82.7, 5, 3, 81.1);
INSERT INTO workflows_Sila (task_ID, request_ID, developer_ID, workflow_status, assigned_by_ID, assigned_at, resolved_at) VALUES (2724, 2724, 18, 'RESOLVED', 1, '2026-06-21 16:03:35', '2026-06-26 16:03:35');
INSERT INTO request_notes_Sila (note_ID, request_ID, content, submitter_ID, is_internal, created_at) VALUES (3432, 2724, 'Mock not eklendi. Test amacli. (Note 0)', 1, TRUE, '2026-06-21 17:03:35');
INSERT INTO request_notes_Sila (note_ID, request_ID, content, submitter_ID, is_internal, created_at) VALUES (3433, 2724, 'Mock not eklendi. Test amacli. (Note 1)', 18, TRUE, '2026-06-21 18:03:35');
INSERT INTO request_notes_Sila (note_ID, request_ID, content, submitter_ID, is_internal, created_at) VALUES (3434, 2724, 'Mock not eklendi. Test amacli. (Note 2)', 1, FALSE, '2026-06-21 19:03:35');
INSERT INTO requests_Sila (request_ID, creator_ID, title, description, status, type, generated_id, final_priority_score, created_at) VALUES (2725, 33, 'Veritabani baglanti hatasi - Mock Dev 18 - 4', 'Test ortaminda calisiyor ama canlida hata veriyor.', 'COMPLETED', 'SİSTEM_ÇÖKÜŞÜ', 'M-0725', 89.0, '2026-07-03 15:03:35');
INSERT INTO priorities_Sila (priority_ID, request_ID, company_points, product_mgr_score, software_mgr_score, priority_score) VALUES (2725, 2725, 87.6, 4, 5, 89.0);
INSERT INTO workflows_Sila (task_ID, request_ID, developer_ID, workflow_status, assigned_by_ID, assigned_at, resolved_at) VALUES (2725, 2725, 18, 'RESOLVED', 1, '2026-07-03 16:03:35', '2026-07-04 16:03:35');
INSERT INTO request_notes_Sila (note_ID, request_ID, content, submitter_ID, is_internal, created_at) VALUES (3435, 2725, 'Mock not eklendi. Test amacli. (Note 0)', 1, FALSE, '2026-07-03 17:03:35');
INSERT INTO requests_Sila (request_ID, creator_ID, title, description, status, type, generated_id, final_priority_score, created_at) VALUES (2726, 29, 'Mobil uyumluluk sorunu - Mock Dev 18 - 5', 'Sistemin genelini etkileyen bir yavaslik soz konusu.', 'COMPLETED', 'YENİ_ÖZELLİK_EKLEME', 'M-0726', 88.5, '2026-07-04 15:03:35');
INSERT INTO priorities_Sila (priority_ID, request_ID, company_points, product_mgr_score, software_mgr_score, priority_score) VALUES (2726, 2726, 71.3, 5, 5, 88.5);
INSERT INTO workflows_Sila (task_ID, request_ID, developer_ID, workflow_status, assigned_by_ID, assigned_at, resolved_at) VALUES (2726, 2726, 18, 'RESOLVED', 1, '2026-07-04 16:03:35', '2026-07-07 16:03:35');
INSERT INTO request_notes_Sila (note_ID, request_ID, content, submitter_ID, is_internal, created_at) VALUES (3436, 2726, 'Mock not eklendi. Test amacli. (Note 0)', 1, FALSE, '2026-07-04 17:03:35');
INSERT INTO requests_Sila (request_ID, creator_ID, title, description, status, type, generated_id, final_priority_score, created_at) VALUES (2727, 32, 'Veri kaybi yasaniyor - Mock Dev 18 - 6', 'Performans cok dusuk.', 'COMPLETED', 'ENTEGRASYON_SIKINTILARI', 'M-0727', 85.9, '2026-07-06 15:03:35');
INSERT INTO priorities_Sila (priority_ID, request_ID, company_points, product_mgr_score, software_mgr_score, priority_score) VALUES (2727, 2727, 94.7, 5, 3, 85.9);
INSERT INTO workflows_Sila (task_ID, request_ID, developer_ID, workflow_status, assigned_by_ID, assigned_at, resolved_at) VALUES (2727, 2727, 18, 'RESOLVED', 1, '2026-07-06 16:03:35', '2026-07-08 16:03:35');
INSERT INTO request_notes_Sila (note_ID, request_ID, content, submitter_ID, is_internal, created_at) VALUES (3437, 2727, 'Mock not eklendi. Test amacli. (Note 0)', 1, TRUE, '2026-07-06 17:03:35');
INSERT INTO requests_Sila (request_ID, creator_ID, title, description, status, type, generated_id, final_priority_score, created_at) VALUES (2728, 27, 'Arayuzde kayma var - Mock Dev 18 - 7', 'Test ortaminda calisiyor ama canlida hata veriyor.', 'ASSIGNED', 'GELİŞTİRME', 'M-0728', 76.5, '2026-06-26 15:03:35');
INSERT INTO priorities_Sila (priority_ID, request_ID, company_points, product_mgr_score, software_mgr_score, priority_score) VALUES (2728, 2728, 86.3, 3, 4, 76.5);
INSERT INTO workflows_Sila (task_ID, request_ID, developer_ID, workflow_status, assigned_by_ID, assigned_at) VALUES (2728, 2728, 18, 'ASSIGNED', 1, '2026-06-26 16:03:35');
INSERT INTO request_notes_Sila (note_ID, request_ID, content, submitter_ID, is_internal, created_at) VALUES (3438, 2728, 'Mock not eklendi. Test amacli. (Note 0)', 18, FALSE, '2026-06-26 17:03:35');
INSERT INTO requests_Sila (request_ID, creator_ID, title, description, status, type, generated_id, final_priority_score, created_at) VALUES (2729, 28, 'Mobil uyumluluk sorunu - Mock Dev 18 - 8', 'Veriler eksik geliyor, veritabani sorgusu optimize edilmeli.', 'ASSIGNED', 'BUG_DÜZELTME', 'M-0729', 85.1, '2026-06-20 15:03:35');
INSERT INTO priorities_Sila (priority_ID, request_ID, company_points, product_mgr_score, software_mgr_score, priority_score) VALUES (2729, 2729, 92.8, 3, 5, 85.1);
INSERT INTO workflows_Sila (task_ID, request_ID, developer_ID, workflow_status, assigned_by_ID, assigned_at) VALUES (2729, 2729, 18, 'ASSIGNED', 1, '2026-06-20 16:03:35');
INSERT INTO request_notes_Sila (note_ID, request_ID, content, submitter_ID, is_internal, created_at) VALUES (3439, 2729, 'Mock not eklendi. Test amacli. (Note 0)', 18, FALSE, '2026-06-20 17:03:35');
INSERT INTO request_notes_Sila (note_ID, request_ID, content, submitter_ID, is_internal, created_at) VALUES (3440, 2729, 'Mock not eklendi. Test amacli. (Note 1)', 18, TRUE, '2026-06-20 18:03:35');
INSERT INTO requests_Sila (request_ID, creator_ID, title, description, status, type, generated_id, final_priority_score, created_at) VALUES (2730, 31, 'Sayfa yuklenmiyor - Mock Dev 18 - 9', 'Dun yapilan guncellemeden sonra bozuldu.', 'ASSIGNED', 'DİĞER', 'M-0730', 73.0, '2026-07-16 15:03:35');
INSERT INTO priorities_Sila (priority_ID, request_ID, company_points, product_mgr_score, software_mgr_score, priority_score) VALUES (2730, 2730, 77.6, 4, 3, 73.0);
INSERT INTO workflows_Sila (task_ID, request_ID, developer_ID, workflow_status, assigned_by_ID, assigned_at) VALUES (2730, 2730, 18, 'ASSIGNED', 1, '2026-07-16 16:03:35');
INSERT INTO request_notes_Sila (note_ID, request_ID, content, submitter_ID, is_internal, created_at) VALUES (3441, 2730, 'Mock not eklendi. Test amacli. (Note 0)', 1, TRUE, '2026-07-16 17:03:35');
INSERT INTO requests_Sila (request_ID, creator_ID, title, description, status, type, generated_id, final_priority_score, created_at) VALUES (2731, 29, 'Arayuzde kayma var - Mock Dev 18 - 10', 'Veriler eksik geliyor, veritabani sorgusu optimize edilmeli.', 'ASSIGNED', 'GELİŞTİRME', 'M-0731', 76.4, '2026-07-17 15:03:35');
INSERT INTO priorities_Sila (priority_ID, request_ID, company_points, product_mgr_score, software_mgr_score, priority_score) VALUES (2731, 2731, 71.1, 4, 4, 76.4);
INSERT INTO workflows_Sila (task_ID, request_ID, developer_ID, workflow_status, assigned_by_ID, assigned_at) VALUES (2731, 2731, 18, 'ASSIGNED', 1, '2026-07-17 16:03:35');
INSERT INTO request_notes_Sila (note_ID, request_ID, content, submitter_ID, is_internal, created_at) VALUES (3442, 2731, 'Mock not eklendi. Test amacli. (Note 0)', 1, FALSE, '2026-07-17 17:03:35');
INSERT INTO request_notes_Sila (note_ID, request_ID, content, submitter_ID, is_internal, created_at) VALUES (3443, 2731, 'Mock not eklendi. Test amacli. (Note 1)', 1, FALSE, '2026-07-17 18:03:35');
INSERT INTO requests_Sila (request_ID, creator_ID, title, description, status, type, generated_id, final_priority_score, created_at) VALUES (2732, 31, '500 Internal Server Error - Mock Dev 18 - 11', 'Dun yapilan guncellemeden sonra bozuldu.', 'COMPLETED', 'SİSTEM_ÇÖKÜŞÜ', 'M-0732', 74.3, '2026-07-16 15:03:35');
INSERT INTO priorities_Sila (priority_ID, request_ID, company_points, product_mgr_score, software_mgr_score, priority_score) VALUES (2732, 2732, 80.8, 4, 3, 74.3);
INSERT INTO workflows_Sila (task_ID, request_ID, developer_ID, workflow_status, assigned_by_ID, assigned_at, resolved_at) VALUES (2732, 2732, 18, 'RESOLVED', 1, '2026-07-16 16:03:35', '2026-07-19 16:03:35');
INSERT INTO request_notes_Sila (note_ID, request_ID, content, submitter_ID, is_internal, created_at) VALUES (3444, 2732, 'Mock not eklendi. Test amacli. (Note 0)', 18, FALSE, '2026-07-16 17:03:35');
INSERT INTO request_notes_Sila (note_ID, request_ID, content, submitter_ID, is_internal, created_at) VALUES (3445, 2732, 'Mock not eklendi. Test amacli. (Note 1)', 1, TRUE, '2026-07-16 18:03:35');
INSERT INTO request_notes_Sila (note_ID, request_ID, content, submitter_ID, is_internal, created_at) VALUES (3446, 2732, 'Mock not eklendi. Test amacli. (Note 2)', 1, FALSE, '2026-07-16 19:03:35');
INSERT INTO requests_Sila (request_ID, creator_ID, title, description, status, type, generated_id, final_priority_score, created_at) VALUES (2733, 27, 'Sifre sifirlama maili gelmiyor - Mock Dev 18 - 12', 'Tasarim ekibi guncellemeyi talep etti.', 'COMPLETED', 'YENİ_ÖZELLİK_EKLEME', 'M-0733', 78.3, '2026-06-20 15:03:35');
INSERT INTO priorities_Sila (priority_ID, request_ID, company_points, product_mgr_score, software_mgr_score, priority_score) VALUES (2733, 2733, 75.8, 5, 3, 78.3);
INSERT INTO workflows_Sila (task_ID, request_ID, developer_ID, workflow_status, assigned_by_ID, assigned_at, resolved_at) VALUES (2733, 2733, 18, 'RESOLVED', 1, '2026-06-20 16:03:35', '2026-06-21 16:03:35');
INSERT INTO request_notes_Sila (note_ID, request_ID, content, submitter_ID, is_internal, created_at) VALUES (3447, 2733, 'Mock not eklendi. Test amacli. (Note 0)', 18, TRUE, '2026-06-20 17:03:35');
INSERT INTO requests_Sila (request_ID, creator_ID, title, description, status, type, generated_id, final_priority_score, created_at) VALUES (2734, 32, 'Raporlama modulu calismiyor - Mock Dev 18 - 13', 'Sistemin genelini etkileyen bir yavaslik soz konusu.', 'ASSIGNED', 'ENTEGRASYON_SIKINTILARI', 'M-0734', 93.0, '2026-06-29 15:03:35');
INSERT INTO priorities_Sila (priority_ID, request_ID, company_points, product_mgr_score, software_mgr_score, priority_score) VALUES (2734, 2734, 82.5, 5, 5, 93.0);
INSERT INTO workflows_Sila (task_ID, request_ID, developer_ID, workflow_status, assigned_by_ID, assigned_at) VALUES (2734, 2734, 18, 'ASSIGNED', 1, '2026-06-29 16:03:35');
INSERT INTO request_notes_Sila (note_ID, request_ID, content, submitter_ID, is_internal, created_at) VALUES (3448, 2734, 'Mock not eklendi. Test amacli. (Note 0)', 18, TRUE, '2026-06-29 17:03:35');
INSERT INTO requests_Sila (request_ID, creator_ID, title, description, status, type, generated_id, final_priority_score, created_at) VALUES (2735, 31, 'Mobil uyumluluk sorunu - Mock Dev 18 - 14', 'Test ortaminda calisiyor ama canlida hata veriyor.', 'ASSIGNED', 'DİĞER', 'M-0735', 70.4, '2026-06-24 15:03:35');
INSERT INTO priorities_Sila (priority_ID, request_ID, company_points, product_mgr_score, software_mgr_score, priority_score) VALUES (2735, 2735, 70.9, 4, 3, 70.4);
INSERT INTO workflows_Sila (task_ID, request_ID, developer_ID, workflow_status, assigned_by_ID, assigned_at) VALUES (2735, 2735, 18, 'ASSIGNED', 1, '2026-06-24 16:03:35');
INSERT INTO request_notes_Sila (note_ID, request_ID, content, submitter_ID, is_internal, created_at) VALUES (3449, 2735, 'Mock not eklendi. Test amacli. (Note 0)', 1, FALSE, '2026-06-24 17:03:35');
INSERT INTO requests_Sila (request_ID, creator_ID, title, description, status, type, generated_id, final_priority_score, created_at) VALUES (2736, 31, 'Arayuzde kayma var - Mock Dev 18 - 15', 'Musteriler bu sorundan sikayetci, acil bakilmasi gerekiyor.', 'COMPLETED', 'GELİŞTİRME', 'M-0736', 79.3, '2026-06-21 15:03:35');
INSERT INTO priorities_Sila (priority_ID, request_ID, company_points, product_mgr_score, software_mgr_score, priority_score) VALUES (2736, 2736, 93.3, 3, 4, 79.3);
INSERT INTO workflows_Sila (task_ID, request_ID, developer_ID, workflow_status, assigned_by_ID, assigned_at, resolved_at) VALUES (2736, 2736, 18, 'RESOLVED', 1, '2026-06-21 16:03:35', '2026-06-22 16:03:35');
INSERT INTO request_notes_Sila (note_ID, request_ID, content, submitter_ID, is_internal, created_at) VALUES (3450, 2736, 'Mock not eklendi. Test amacli. (Note 0)', 1, FALSE, '2026-06-21 17:03:35');
INSERT INTO requests_Sila (request_ID, creator_ID, title, description, status, type, generated_id, final_priority_score, created_at) VALUES (2737, 26, 'Veri kaybi yasaniyor - Mock Dev 18 - 16', 'Loglarda NullPointerException gordum, ekteki dosyaya bakiniz.', 'ASSIGNED', 'YENİ_ÖZELLİK_EKLEME', 'M-0737', 76.7, '2026-06-22 15:03:35');
INSERT INTO priorities_Sila (priority_ID, request_ID, company_points, product_mgr_score, software_mgr_score, priority_score) VALUES (2737, 2737, 86.7, 4, 3, 76.7);
INSERT INTO workflows_Sila (task_ID, request_ID, developer_ID, workflow_status, assigned_by_ID, assigned_at) VALUES (2737, 2737, 18, 'ASSIGNED', 1, '2026-06-22 16:03:35');
INSERT INTO request_notes_Sila (note_ID, request_ID, content, submitter_ID, is_internal, created_at) VALUES (3451, 2737, 'Mock not eklendi. Test amacli. (Note 0)', 18, FALSE, '2026-06-22 17:03:35');
INSERT INTO requests_Sila (request_ID, creator_ID, title, description, status, type, generated_id, final_priority_score, created_at) VALUES (2738, 30, 'Mobil uyumluluk sorunu - Mock Dev 18 - 17', 'Musteriler bu sorundan sikayetci, acil bakilmasi gerekiyor.', 'COMPLETED', 'ENTEGRASYON_SIKINTILARI', 'M-0738', 83.5, '2026-07-04 15:03:35');
INSERT INTO priorities_Sila (priority_ID, request_ID, company_points, product_mgr_score, software_mgr_score, priority_score) VALUES (2738, 2738, 88.9, 3, 5, 83.5);
INSERT INTO workflows_Sila (task_ID, request_ID, developer_ID, workflow_status, assigned_by_ID, assigned_at, resolved_at) VALUES (2738, 2738, 18, 'RESOLVED', 1, '2026-07-04 16:03:35', '2026-07-05 16:03:35');
INSERT INTO request_notes_Sila (note_ID, request_ID, content, submitter_ID, is_internal, created_at) VALUES (3452, 2738, 'Mock not eklendi. Test amacli. (Note 0)', 18, TRUE, '2026-07-04 17:03:35');
INSERT INTO requests_Sila (request_ID, creator_ID, title, description, status, type, generated_id, final_priority_score, created_at) VALUES (2739, 29, 'Mobil uyumluluk sorunu - Mock Dev 18 - 18', 'Loglarda NullPointerException gordum, ekteki dosyaya bakiniz.', 'ASSIGNED', 'DİĞER', 'M-0739', 82.9, '2026-07-05 15:03:35');
INSERT INTO priorities_Sila (priority_ID, request_ID, company_points, product_mgr_score, software_mgr_score, priority_score) VALUES (2739, 2739, 87.3, 3, 5, 82.9);
INSERT INTO workflows_Sila (task_ID, request_ID, developer_ID, workflow_status, assigned_by_ID, assigned_at) VALUES (2739, 2739, 18, 'ASSIGNED', 1, '2026-07-05 16:03:35');
INSERT INTO request_notes_Sila (note_ID, request_ID, content, submitter_ID, is_internal, created_at) VALUES (3453, 2739, 'Mock not eklendi. Test amacli. (Note 0)', 18, FALSE, '2026-07-05 17:03:35');
INSERT INTO request_notes_Sila (note_ID, request_ID, content, submitter_ID, is_internal, created_at) VALUES (3454, 2739, 'Mock not eklendi. Test amacli. (Note 1)', 1, TRUE, '2026-07-05 18:03:35');
INSERT INTO requests_Sila (request_ID, creator_ID, title, description, status, type, generated_id, final_priority_score, created_at) VALUES (2740, 29, 'Veri kaybi yasaniyor - Mock Dev 18 - 19', 'Tasarim ekibi guncellemeyi talep etti.', 'ASSIGNED', 'DİĞER', 'M-0740', 86.4, '2026-07-09 15:03:35');
INSERT INTO priorities_Sila (priority_ID, request_ID, company_points, product_mgr_score, software_mgr_score, priority_score) VALUES (2740, 2740, 96.0, 5, 3, 86.4);
INSERT INTO workflows_Sila (task_ID, request_ID, developer_ID, workflow_status, assigned_by_ID, assigned_at) VALUES (2740, 2740, 18, 'ASSIGNED', 1, '2026-07-09 16:03:35');
INSERT INTO request_notes_Sila (note_ID, request_ID, content, submitter_ID, is_internal, created_at) VALUES (3455, 2740, 'Mock not eklendi. Test amacli. (Note 0)', 1, FALSE, '2026-07-09 17:03:35');
INSERT INTO request_notes_Sila (note_ID, request_ID, content, submitter_ID, is_internal, created_at) VALUES (3456, 2740, 'Mock not eklendi. Test amacli. (Note 1)', 18, TRUE, '2026-07-09 18:03:35');
INSERT INTO request_notes_Sila (note_ID, request_ID, content, submitter_ID, is_internal, created_at) VALUES (3457, 2740, 'Mock not eklendi. Test amacli. (Note 2)', 18, TRUE, '2026-07-09 19:03:35');
INSERT INTO requests_Sila (request_ID, creator_ID, title, description, status, type, generated_id, final_priority_score, created_at) VALUES (2741, 33, 'Raporlama modulu calismiyor - Mock Dev 18 - 20', 'Tasarim ekibi guncellemeyi talep etti.', 'COMPLETED', 'YENİ_ÖZELLİK_EKLEME', 'M-0741', 77.4, '2026-07-15 15:03:35');
INSERT INTO priorities_Sila (priority_ID, request_ID, company_points, product_mgr_score, software_mgr_score, priority_score) VALUES (2741, 2741, 88.4, 3, 4, 77.4);
INSERT INTO workflows_Sila (task_ID, request_ID, developer_ID, workflow_status, assigned_by_ID, assigned_at, resolved_at) VALUES (2741, 2741, 18, 'RESOLVED', 1, '2026-07-15 16:03:35', '2026-07-16 16:03:35');
INSERT INTO request_notes_Sila (note_ID, request_ID, content, submitter_ID, is_internal, created_at) VALUES (3458, 2741, 'Mock not eklendi. Test amacli. (Note 0)', 18, TRUE, '2026-07-15 17:03:35');
INSERT INTO requests_Sila (request_ID, creator_ID, title, description, status, type, generated_id, final_priority_score, created_at) VALUES (2742, 28, 'Kullanici girisi yavas - Mock Dev 18 - 21', 'Sistemin genelini etkileyen bir yavaslik soz konusu.', 'COMPLETED', 'DİĞER', 'M-0742', 85.4, '2026-07-12 15:03:35');
INSERT INTO priorities_Sila (priority_ID, request_ID, company_points, product_mgr_score, software_mgr_score, priority_score) VALUES (2742, 2742, 93.5, 4, 4, 85.4);
INSERT INTO workflows_Sila (task_ID, request_ID, developer_ID, workflow_status, assigned_by_ID, assigned_at, resolved_at) VALUES (2742, 2742, 18, 'RESOLVED', 1, '2026-07-12 16:03:35', '2026-07-17 16:03:35');
INSERT INTO request_notes_Sila (note_ID, request_ID, content, submitter_ID, is_internal, created_at) VALUES (3459, 2742, 'Mock not eklendi. Test amacli. (Note 0)', 1, FALSE, '2026-07-12 17:03:35');
INSERT INTO requests_Sila (request_ID, creator_ID, title, description, status, type, generated_id, final_priority_score, created_at) VALUES (2743, 33, 'Arayuzde kayma var - Mock Dev 18 - 22', 'Musteriler bu sorundan sikayetci, acil bakilmasi gerekiyor.', 'COMPLETED', 'DİĞER', 'M-0743', 64.2, '2026-07-07 15:03:35');
INSERT INTO priorities_Sila (priority_ID, request_ID, company_points, product_mgr_score, software_mgr_score, priority_score) VALUES (2743, 2743, 70.4, 3, 3, 64.2);
INSERT INTO workflows_Sila (task_ID, request_ID, developer_ID, workflow_status, assigned_by_ID, assigned_at, resolved_at) VALUES (2743, 2743, 18, 'RESOLVED', 1, '2026-07-07 16:03:35', '2026-07-11 16:03:35');
INSERT INTO request_notes_Sila (note_ID, request_ID, content, submitter_ID, is_internal, created_at) VALUES (3460, 2743, 'Mock not eklendi. Test amacli. (Note 0)', 1, FALSE, '2026-07-07 17:03:35');
INSERT INTO request_notes_Sila (note_ID, request_ID, content, submitter_ID, is_internal, created_at) VALUES (3461, 2743, 'Mock not eklendi. Test amacli. (Note 1)', 18, TRUE, '2026-07-07 18:03:35');
INSERT INTO request_notes_Sila (note_ID, request_ID, content, submitter_ID, is_internal, created_at) VALUES (3462, 2743, 'Mock not eklendi. Test amacli. (Note 2)', 18, FALSE, '2026-07-07 19:03:35');
INSERT INTO requests_Sila (request_ID, creator_ID, title, description, status, type, generated_id, final_priority_score, created_at) VALUES (2744, 32, 'Sayfa yuklenmiyor - Mock Dev 18 - 23', 'Test ortaminda calisiyor ama canlida hata veriyor.', 'ASSIGNED', 'ENTEGRASYON_SIKINTILARI', 'M-0744', 80.6, '2026-06-22 15:03:35');
INSERT INTO priorities_Sila (priority_ID, request_ID, company_points, product_mgr_score, software_mgr_score, priority_score) VALUES (2744, 2744, 96.4, 3, 4, 80.6);
INSERT INTO workflows_Sila (task_ID, request_ID, developer_ID, workflow_status, assigned_by_ID, assigned_at) VALUES (2744, 2744, 18, 'ASSIGNED', 1, '2026-06-22 16:03:35');
INSERT INTO request_notes_Sila (note_ID, request_ID, content, submitter_ID, is_internal, created_at) VALUES (3463, 2744, 'Mock not eklendi. Test amacli. (Note 0)', 18, TRUE, '2026-06-22 17:03:35');
INSERT INTO request_notes_Sila (note_ID, request_ID, content, submitter_ID, is_internal, created_at) VALUES (3464, 2744, 'Mock not eklendi. Test amacli. (Note 1)', 18, TRUE, '2026-06-22 18:03:35');
INSERT INTO requests_Sila (request_ID, creator_ID, title, description, status, type, generated_id, final_priority_score, created_at) VALUES (2745, 27, 'Kullanici girisi yavas - Mock Dev 18 - 24', 'Dun yapilan guncellemeden sonra bozuldu.', 'ASSIGNED', 'ENTEGRASYON_SIKINTILARI', 'M-0745', 76.6, '2026-07-01 15:03:35');
INSERT INTO priorities_Sila (priority_ID, request_ID, company_points, product_mgr_score, software_mgr_score, priority_score) VALUES (2745, 2745, 86.5, 3, 4, 76.6);
INSERT INTO workflows_Sila (task_ID, request_ID, developer_ID, workflow_status, assigned_by_ID, assigned_at) VALUES (2745, 2745, 18, 'ASSIGNED', 1, '2026-07-01 16:03:35');
INSERT INTO request_notes_Sila (note_ID, request_ID, content, submitter_ID, is_internal, created_at) VALUES (3465, 2745, 'Mock not eklendi. Test amacli. (Note 0)', 1, FALSE, '2026-07-01 17:03:35');
INSERT INTO request_notes_Sila (note_ID, request_ID, content, submitter_ID, is_internal, created_at) VALUES (3466, 2745, 'Mock not eklendi. Test amacli. (Note 1)', 1, TRUE, '2026-07-01 18:03:35');
INSERT INTO request_notes_Sila (note_ID, request_ID, content, submitter_ID, is_internal, created_at) VALUES (3467, 2745, 'Mock not eklendi. Test amacli. (Note 2)', 1, FALSE, '2026-07-01 19:03:35');
INSERT INTO requests_Sila (request_ID, creator_ID, title, description, status, type, generated_id, final_priority_score, created_at) VALUES (2746, 31, 'Arayuzde kayma var - Mock Dev 18 - 25', 'Musteriler bu sorundan sikayetci, acil bakilmasi gerekiyor.', 'ASSIGNED', 'GELİŞTİRME', 'M-0746', 87.4, '2026-07-05 15:03:35');
INSERT INTO priorities_Sila (priority_ID, request_ID, company_points, product_mgr_score, software_mgr_score, priority_score) VALUES (2746, 2746, 98.5, 3, 5, 87.4);
INSERT INTO workflows_Sila (task_ID, request_ID, developer_ID, workflow_status, assigned_by_ID, assigned_at) VALUES (2746, 2746, 18, 'ASSIGNED', 1, '2026-07-05 16:03:35');
INSERT INTO request_notes_Sila (note_ID, request_ID, content, submitter_ID, is_internal, created_at) VALUES (3468, 2746, 'Mock not eklendi. Test amacli. (Note 0)', 1, TRUE, '2026-07-05 17:03:35');
INSERT INTO requests_Sila (request_ID, creator_ID, title, description, status, type, generated_id, final_priority_score, created_at) VALUES (2747, 29, 'Kullanici girisi yavas - Mock Dev 18 - 26', 'Loglarda NullPointerException gordum, ekteki dosyaya bakiniz.', 'ASSIGNED', 'BUG_DÜZELTME', 'M-0747', 93.9, '2026-06-20 15:03:35');
INSERT INTO priorities_Sila (priority_ID, request_ID, company_points, product_mgr_score, software_mgr_score, priority_score) VALUES (2747, 2747, 99.8, 5, 4, 93.9);
INSERT INTO workflows_Sila (task_ID, request_ID, developer_ID, workflow_status, assigned_by_ID, assigned_at) VALUES (2747, 2747, 18, 'ASSIGNED', 1, '2026-06-20 16:03:35');
INSERT INTO request_notes_Sila (note_ID, request_ID, content, submitter_ID, is_internal, created_at) VALUES (3469, 2747, 'Mock not eklendi. Test amacli. (Note 0)', 18, TRUE, '2026-06-20 17:03:35');
INSERT INTO requests_Sila (request_ID, creator_ID, title, description, status, type, generated_id, final_priority_score, created_at) VALUES (2748, 31, 'Arayuzde kayma var - Mock Dev 18 - 27', 'Sistemin genelini etkileyen bir yavaslik soz konusu.', 'ASSIGNED', 'BUG_DÜZELTME', 'M-0748', 74.5, '2026-07-16 15:03:35');
INSERT INTO priorities_Sila (priority_ID, request_ID, company_points, product_mgr_score, software_mgr_score, priority_score) VALUES (2748, 2748, 81.3, 4, 3, 74.5);
INSERT INTO workflows_Sila (task_ID, request_ID, developer_ID, workflow_status, assigned_by_ID, assigned_at) VALUES (2748, 2748, 18, 'ASSIGNED', 1, '2026-07-16 16:03:35');
INSERT INTO request_notes_Sila (note_ID, request_ID, content, submitter_ID, is_internal, created_at) VALUES (3470, 2748, 'Mock not eklendi. Test amacli. (Note 0)', 18, TRUE, '2026-07-16 17:03:35');
INSERT INTO requests_Sila (request_ID, creator_ID, title, description, status, type, generated_id, final_priority_score, created_at) VALUES (2749, 33, 'Sayfa yuklenmiyor - Mock Dev 18 - 28', 'Musteriler bu sorundan sikayetci, acil bakilmasi gerekiyor.', 'ASSIGNED', 'YENİ_ÖZELLİK_EKLEME', 'M-0749', 97.9, '2026-07-11 15:03:35');
INSERT INTO priorities_Sila (priority_ID, request_ID, company_points, product_mgr_score, software_mgr_score, priority_score) VALUES (2749, 2749, 94.7, 5, 5, 97.9);
INSERT INTO workflows_Sila (task_ID, request_ID, developer_ID, workflow_status, assigned_by_ID, assigned_at) VALUES (2749, 2749, 18, 'ASSIGNED', 1, '2026-07-11 16:03:35');
INSERT INTO request_notes_Sila (note_ID, request_ID, content, submitter_ID, is_internal, created_at) VALUES (3471, 2749, 'Mock not eklendi. Test amacli. (Note 0)', 1, FALSE, '2026-07-11 17:03:35');
INSERT INTO request_notes_Sila (note_ID, request_ID, content, submitter_ID, is_internal, created_at) VALUES (3472, 2749, 'Mock not eklendi. Test amacli. (Note 1)', 1, TRUE, '2026-07-11 18:03:35');
INSERT INTO request_notes_Sila (note_ID, request_ID, content, submitter_ID, is_internal, created_at) VALUES (3473, 2749, 'Mock not eklendi. Test amacli. (Note 2)', 18, FALSE, '2026-07-11 19:03:35');
INSERT INTO requests_Sila (request_ID, creator_ID, title, description, status, type, generated_id, final_priority_score, created_at) VALUES (2750, 31, 'Raporlama modulu calismiyor - Mock Dev 18 - 29', 'Test ortaminda calisiyor ama canlida hata veriyor.', 'ASSIGNED', 'ENTEGRASYON_SIKINTILARI', 'M-0750', 77.5, '2026-07-06 15:03:35');
INSERT INTO priorities_Sila (priority_ID, request_ID, company_points, product_mgr_score, software_mgr_score, priority_score) VALUES (2750, 2750, 88.6, 3, 4, 77.5);
INSERT INTO workflows_Sila (task_ID, request_ID, developer_ID, workflow_status, assigned_by_ID, assigned_at) VALUES (2750, 2750, 18, 'ASSIGNED', 1, '2026-07-06 16:03:35');
INSERT INTO request_notes_Sila (note_ID, request_ID, content, submitter_ID, is_internal, created_at) VALUES (3474, 2750, 'Mock not eklendi. Test amacli. (Note 0)', 18, FALSE, '2026-07-06 17:03:35');
INSERT INTO request_notes_Sila (note_ID, request_ID, content, submitter_ID, is_internal, created_at) VALUES (3475, 2750, 'Mock not eklendi. Test amacli. (Note 1)', 1, FALSE, '2026-07-06 18:03:35');
INSERT INTO requests_Sila (request_ID, creator_ID, title, description, status, type, generated_id, final_priority_score, created_at) VALUES (2751, 31, 'Raporlama modulu calismiyor - Mock Dev 18 - 30', 'Performans cok dusuk.', 'COMPLETED', 'DİĞER', 'M-0751', 99.9, '2026-07-02 15:03:35');
INSERT INTO priorities_Sila (priority_ID, request_ID, company_points, product_mgr_score, software_mgr_score, priority_score) VALUES (2751, 2751, 99.7, 5, 5, 99.9);
INSERT INTO workflows_Sila (task_ID, request_ID, developer_ID, workflow_status, assigned_by_ID, assigned_at, resolved_at) VALUES (2751, 2751, 18, 'RESOLVED', 1, '2026-07-02 16:03:35', '2026-07-03 16:03:35');
INSERT INTO request_notes_Sila (note_ID, request_ID, content, submitter_ID, is_internal, created_at) VALUES (3476, 2751, 'Mock not eklendi. Test amacli. (Note 0)', 1, FALSE, '2026-07-02 17:03:35');
INSERT INTO request_notes_Sila (note_ID, request_ID, content, submitter_ID, is_internal, created_at) VALUES (3477, 2751, 'Mock not eklendi. Test amacli. (Note 1)', 18, FALSE, '2026-07-02 18:03:35');
INSERT INTO request_notes_Sila (note_ID, request_ID, content, submitter_ID, is_internal, created_at) VALUES (3478, 2751, 'Mock not eklendi. Test amacli. (Note 2)', 18, FALSE, '2026-07-02 19:03:35');
INSERT INTO requests_Sila (request_ID, creator_ID, title, description, status, type, generated_id, final_priority_score, created_at) VALUES (2752, 26, 'Sayfa yuklenmiyor - Mock Dev 18 - 31', 'Dun yapilan guncellemeden sonra bozuldu.', 'ASSIGNED', 'DİĞER', 'M-0752', 87.2, '2026-07-10 15:03:35');
INSERT INTO priorities_Sila (priority_ID, request_ID, company_points, product_mgr_score, software_mgr_score, priority_score) VALUES (2752, 2752, 82.9, 5, 4, 87.2);
INSERT INTO workflows_Sila (task_ID, request_ID, developer_ID, workflow_status, assigned_by_ID, assigned_at) VALUES (2752, 2752, 18, 'ASSIGNED', 1, '2026-07-10 16:03:35');
INSERT INTO request_notes_Sila (note_ID, request_ID, content, submitter_ID, is_internal, created_at) VALUES (3479, 2752, 'Mock not eklendi. Test amacli. (Note 0)', 1, FALSE, '2026-07-10 17:03:35');
INSERT INTO request_notes_Sila (note_ID, request_ID, content, submitter_ID, is_internal, created_at) VALUES (3480, 2752, 'Mock not eklendi. Test amacli. (Note 1)', 1, FALSE, '2026-07-10 18:03:35');
INSERT INTO request_notes_Sila (note_ID, request_ID, content, submitter_ID, is_internal, created_at) VALUES (3481, 2752, 'Mock not eklendi. Test amacli. (Note 2)', 18, FALSE, '2026-07-10 19:03:35');
INSERT INTO requests_Sila (request_ID, creator_ID, title, description, status, type, generated_id, final_priority_score, created_at) VALUES (2753, 31, '500 Internal Server Error - Mock Dev 18 - 32', 'Musteriler bu sorundan sikayetci, acil bakilmasi gerekiyor.', 'COMPLETED', 'BUG_DÜZELTME', 'M-0753', 73.5, '2026-07-08 15:03:35');
INSERT INTO priorities_Sila (priority_ID, request_ID, company_points, product_mgr_score, software_mgr_score, priority_score) VALUES (2753, 2753, 93.8, 3, 3, 73.5);
INSERT INTO workflows_Sila (task_ID, request_ID, developer_ID, workflow_status, assigned_by_ID, assigned_at, resolved_at) VALUES (2753, 2753, 18, 'RESOLVED', 1, '2026-07-08 16:03:35', '2026-07-10 16:03:35');
INSERT INTO request_notes_Sila (note_ID, request_ID, content, submitter_ID, is_internal, created_at) VALUES (3482, 2753, 'Mock not eklendi. Test amacli. (Note 0)', 1, FALSE, '2026-07-08 17:03:35');
INSERT INTO request_notes_Sila (note_ID, request_ID, content, submitter_ID, is_internal, created_at) VALUES (3483, 2753, 'Mock not eklendi. Test amacli. (Note 1)', 1, FALSE, '2026-07-08 18:03:35');
INSERT INTO requests_Sila (request_ID, creator_ID, title, description, status, type, generated_id, final_priority_score, created_at) VALUES (2754, 26, 'Arayuzde kayma var - Mock Dev 18 - 33', 'Performans cok dusuk.', 'ASSIGNED', 'SİSTEM_ÇÖKÜŞÜ', 'M-0754', 80.3, '2026-06-20 15:03:35');
INSERT INTO priorities_Sila (priority_ID, request_ID, company_points, product_mgr_score, software_mgr_score, priority_score) VALUES (2754, 2754, 80.9, 4, 4, 80.3);
INSERT INTO workflows_Sila (task_ID, request_ID, developer_ID, workflow_status, assigned_by_ID, assigned_at) VALUES (2754, 2754, 18, 'ASSIGNED', 1, '2026-06-20 16:03:35');
INSERT INTO request_notes_Sila (note_ID, request_ID, content, submitter_ID, is_internal, created_at) VALUES (3484, 2754, 'Mock not eklendi. Test amacli. (Note 0)', 1, TRUE, '2026-06-20 17:03:35');
INSERT INTO request_notes_Sila (note_ID, request_ID, content, submitter_ID, is_internal, created_at) VALUES (3485, 2754, 'Mock not eklendi. Test amacli. (Note 1)', 18, TRUE, '2026-06-20 18:03:35');
INSERT INTO request_notes_Sila (note_ID, request_ID, content, submitter_ID, is_internal, created_at) VALUES (3486, 2754, 'Mock not eklendi. Test amacli. (Note 2)', 18, TRUE, '2026-06-20 19:03:35');
INSERT INTO requests_Sila (request_ID, creator_ID, title, description, status, type, generated_id, final_priority_score, created_at) VALUES (2755, 32, 'Sifre sifirlama maili gelmiyor - Mock Dev 18 - 34', 'Test ortaminda calisiyor ama canlida hata veriyor.', 'ASSIGNED', 'ENTEGRASYON_SIKINTILARI', 'M-0755', 89.3, '2026-07-12 15:03:35');
INSERT INTO priorities_Sila (priority_ID, request_ID, company_points, product_mgr_score, software_mgr_score, priority_score) VALUES (2755, 2755, 88.3, 4, 5, 89.3);
INSERT INTO workflows_Sila (task_ID, request_ID, developer_ID, workflow_status, assigned_by_ID, assigned_at) VALUES (2755, 2755, 18, 'ASSIGNED', 1, '2026-07-12 16:03:35');
INSERT INTO request_notes_Sila (note_ID, request_ID, content, submitter_ID, is_internal, created_at) VALUES (3487, 2755, 'Mock not eklendi. Test amacli. (Note 0)', 18, FALSE, '2026-07-12 17:03:35');
INSERT INTO request_notes_Sila (note_ID, request_ID, content, submitter_ID, is_internal, created_at) VALUES (3488, 2755, 'Mock not eklendi. Test amacli. (Note 1)', 1, TRUE, '2026-07-12 18:03:35');
INSERT INTO requests_Sila (request_ID, creator_ID, title, description, status, type, generated_id, final_priority_score, created_at) VALUES (2756, 30, 'Kullanici girisi yavas - Mock Dev 18 - 35', 'Tasarim ekibi guncellemeyi talep etti.', 'COMPLETED', 'GELİŞTİRME', 'M-0756', 91.9, '2026-07-13 15:03:35');
INSERT INTO priorities_Sila (priority_ID, request_ID, company_points, product_mgr_score, software_mgr_score, priority_score) VALUES (2756, 2756, 94.8, 5, 4, 91.9);
INSERT INTO workflows_Sila (task_ID, request_ID, developer_ID, workflow_status, assigned_by_ID, assigned_at, resolved_at) VALUES (2756, 2756, 18, 'RESOLVED', 1, '2026-07-13 16:03:35', '2026-07-17 16:03:35');
INSERT INTO request_notes_Sila (note_ID, request_ID, content, submitter_ID, is_internal, created_at) VALUES (3489, 2756, 'Mock not eklendi. Test amacli. (Note 0)', 1, FALSE, '2026-07-13 17:03:35');
INSERT INTO request_notes_Sila (note_ID, request_ID, content, submitter_ID, is_internal, created_at) VALUES (3490, 2756, 'Mock not eklendi. Test amacli. (Note 1)', 1, TRUE, '2026-07-13 18:03:35');
INSERT INTO requests_Sila (request_ID, creator_ID, title, description, status, type, generated_id, final_priority_score, created_at) VALUES (2757, 33, 'Veritabani baglanti hatasi - Mock Dev 18 - 36', 'Dun yapilan guncellemeden sonra bozuldu.', 'ASSIGNED', 'DİĞER', 'M-0757', 68.0, '2026-07-19 15:03:35');
INSERT INTO priorities_Sila (priority_ID, request_ID, company_points, product_mgr_score, software_mgr_score, priority_score) VALUES (2757, 2757, 80.0, 3, 3, 68.0);
INSERT INTO workflows_Sila (task_ID, request_ID, developer_ID, workflow_status, assigned_by_ID, assigned_at) VALUES (2757, 2757, 18, 'ASSIGNED', 1, '2026-07-19 16:03:35');
INSERT INTO request_notes_Sila (note_ID, request_ID, content, submitter_ID, is_internal, created_at) VALUES (3491, 2757, 'Mock not eklendi. Test amacli. (Note 0)', 18, FALSE, '2026-07-19 17:03:35');
INSERT INTO request_notes_Sila (note_ID, request_ID, content, submitter_ID, is_internal, created_at) VALUES (3492, 2757, 'Mock not eklendi. Test amacli. (Note 1)', 1, TRUE, '2026-07-19 18:03:35');
INSERT INTO requests_Sila (request_ID, creator_ID, title, description, status, type, generated_id, final_priority_score, created_at) VALUES (2758, 27, 'Mobil uyumluluk sorunu - Mock Dev 18 - 37', 'Sistemin genelini etkileyen bir yavaslik soz konusu.', 'ASSIGNED', 'BUG_DÜZELTME', 'M-0758', 76.4, '2026-06-28 15:03:35');
INSERT INTO priorities_Sila (priority_ID, request_ID, company_points, product_mgr_score, software_mgr_score, priority_score) VALUES (2758, 2758, 85.9, 4, 3, 76.4);
INSERT INTO workflows_Sila (task_ID, request_ID, developer_ID, workflow_status, assigned_by_ID, assigned_at) VALUES (2758, 2758, 18, 'ASSIGNED', 1, '2026-06-28 16:03:35');
INSERT INTO request_notes_Sila (note_ID, request_ID, content, submitter_ID, is_internal, created_at) VALUES (3493, 2758, 'Mock not eklendi. Test amacli. (Note 0)', 1, FALSE, '2026-06-28 17:03:35');
INSERT INTO request_notes_Sila (note_ID, request_ID, content, submitter_ID, is_internal, created_at) VALUES (3494, 2758, 'Mock not eklendi. Test amacli. (Note 1)', 18, FALSE, '2026-06-28 18:03:35');
INSERT INTO request_notes_Sila (note_ID, request_ID, content, submitter_ID, is_internal, created_at) VALUES (3495, 2758, 'Mock not eklendi. Test amacli. (Note 2)', 1, TRUE, '2026-06-28 19:03:35');
INSERT INTO requests_Sila (request_ID, creator_ID, title, description, status, type, generated_id, final_priority_score, created_at) VALUES (2759, 34, 'Kullanici girisi yavas - Mock Dev 18 - 38', 'Veriler eksik geliyor, veritabani sorgusu optimize edilmeli.', 'ASSIGNED', 'SİSTEM_ÇÖKÜŞÜ', 'M-0759', 98.1, '2026-07-05 15:03:35');
INSERT INTO priorities_Sila (priority_ID, request_ID, company_points, product_mgr_score, software_mgr_score, priority_score) VALUES (2759, 2759, 95.4, 5, 5, 98.1);
INSERT INTO workflows_Sila (task_ID, request_ID, developer_ID, workflow_status, assigned_by_ID, assigned_at) VALUES (2759, 2759, 18, 'ASSIGNED', 1, '2026-07-05 16:03:35');
INSERT INTO request_notes_Sila (note_ID, request_ID, content, submitter_ID, is_internal, created_at) VALUES (3496, 2759, 'Mock not eklendi. Test amacli. (Note 0)', 1, TRUE, '2026-07-05 17:03:35');
INSERT INTO request_notes_Sila (note_ID, request_ID, content, submitter_ID, is_internal, created_at) VALUES (3497, 2759, 'Mock not eklendi. Test amacli. (Note 1)', 18, FALSE, '2026-07-05 18:03:35');
INSERT INTO requests_Sila (request_ID, creator_ID, title, description, status, type, generated_id, final_priority_score, created_at) VALUES (2760, 30, 'Arayuzde kayma var - Mock Dev 18 - 39', 'Loglarda NullPointerException gordum, ekteki dosyaya bakiniz.', 'ASSIGNED', 'GELİŞTİRME', 'M-0760', 74.2, '2026-07-18 15:03:35');
INSERT INTO priorities_Sila (priority_ID, request_ID, company_points, product_mgr_score, software_mgr_score, priority_score) VALUES (2760, 2760, 80.5, 3, 4, 74.2);
INSERT INTO workflows_Sila (task_ID, request_ID, developer_ID, workflow_status, assigned_by_ID, assigned_at) VALUES (2760, 2760, 18, 'ASSIGNED', 1, '2026-07-18 16:03:35');
INSERT INTO request_notes_Sila (note_ID, request_ID, content, submitter_ID, is_internal, created_at) VALUES (3498, 2760, 'Mock not eklendi. Test amacli. (Note 0)', 1, FALSE, '2026-07-18 17:03:35');
INSERT INTO requests_Sila (request_ID, creator_ID, title, description, status, type, generated_id, final_priority_score, created_at) VALUES (2761, 30, 'Veri kaybi yasaniyor - Mock Dev 18 - 40', 'Veriler eksik geliyor, veritabani sorgusu optimize edilmeli.', 'ASSIGNED', 'VERİ_KAYBI', 'M-0761', 93.3, '2026-06-21 15:03:35');
INSERT INTO priorities_Sila (priority_ID, request_ID, company_points, product_mgr_score, software_mgr_score, priority_score) VALUES (2761, 2761, 98.3, 5, 4, 93.3);
INSERT INTO workflows_Sila (task_ID, request_ID, developer_ID, workflow_status, assigned_by_ID, assigned_at) VALUES (2761, 2761, 18, 'ASSIGNED', 1, '2026-06-21 16:03:35');
INSERT INTO request_notes_Sila (note_ID, request_ID, content, submitter_ID, is_internal, created_at) VALUES (3499, 2761, 'Mock not eklendi. Test amacli. (Note 0)', 1, FALSE, '2026-06-21 17:03:35');
INSERT INTO requests_Sila (request_ID, creator_ID, title, description, status, type, generated_id, final_priority_score, created_at) VALUES (2762, 33, 'Yeni buton eklenmesi - Mock Dev 18 - 41', 'Veriler eksik geliyor, veritabani sorgusu optimize edilmeli.', 'ASSIGNED', 'ENTEGRASYON_SIKINTILARI', 'M-0762', 72.2, '2026-07-15 15:03:35');
INSERT INTO priorities_Sila (priority_ID, request_ID, company_points, product_mgr_score, software_mgr_score, priority_score) VALUES (2762, 2762, 75.6, 4, 3, 72.2);
INSERT INTO workflows_Sila (task_ID, request_ID, developer_ID, workflow_status, assigned_by_ID, assigned_at) VALUES (2762, 2762, 18, 'ASSIGNED', 1, '2026-07-15 16:03:35');
INSERT INTO request_notes_Sila (note_ID, request_ID, content, submitter_ID, is_internal, created_at) VALUES (3500, 2762, 'Mock not eklendi. Test amacli. (Note 0)', 18, TRUE, '2026-07-15 17:03:35');
INSERT INTO request_notes_Sila (note_ID, request_ID, content, submitter_ID, is_internal, created_at) VALUES (3501, 2762, 'Mock not eklendi. Test amacli. (Note 1)', 18, TRUE, '2026-07-15 18:03:35');
INSERT INTO request_notes_Sila (note_ID, request_ID, content, submitter_ID, is_internal, created_at) VALUES (3502, 2762, 'Mock not eklendi. Test amacli. (Note 2)', 18, TRUE, '2026-07-15 19:03:35');
INSERT INTO requests_Sila (request_ID, creator_ID, title, description, status, type, generated_id, final_priority_score, created_at) VALUES (2763, 29, 'Veri kaybi yasaniyor - Mock Dev 18 - 42', 'Veriler eksik geliyor, veritabani sorgusu optimize edilmeli.', 'ASSIGNED', 'DİĞER', 'M-0763', 88.3, '2026-07-08 15:03:35');
INSERT INTO priorities_Sila (priority_ID, request_ID, company_points, product_mgr_score, software_mgr_score, priority_score) VALUES (2763, 2763, 70.9, 5, 5, 88.3);
INSERT INTO workflows_Sila (task_ID, request_ID, developer_ID, workflow_status, assigned_by_ID, assigned_at) VALUES (2763, 2763, 18, 'ASSIGNED', 1, '2026-07-08 16:03:35');
INSERT INTO request_notes_Sila (note_ID, request_ID, content, submitter_ID, is_internal, created_at) VALUES (3503, 2763, 'Mock not eklendi. Test amacli. (Note 0)', 1, TRUE, '2026-07-08 17:03:35');
INSERT INTO request_notes_Sila (note_ID, request_ID, content, submitter_ID, is_internal, created_at) VALUES (3504, 2763, 'Mock not eklendi. Test amacli. (Note 1)', 1, TRUE, '2026-07-08 18:03:35');
INSERT INTO requests_Sila (request_ID, creator_ID, title, description, status, type, generated_id, final_priority_score, created_at) VALUES (2764, 32, 'Yeni buton eklenmesi - Mock Dev 18 - 43', 'Performans cok dusuk.', 'ASSIGNED', 'GELİŞTİRME', 'M-0764', 92.5, '2026-06-29 15:03:35');
INSERT INTO priorities_Sila (priority_ID, request_ID, company_points, product_mgr_score, software_mgr_score, priority_score) VALUES (2764, 2764, 96.2, 5, 4, 92.5);
INSERT INTO workflows_Sila (task_ID, request_ID, developer_ID, workflow_status, assigned_by_ID, assigned_at) VALUES (2764, 2764, 18, 'ASSIGNED', 1, '2026-06-29 16:03:35');
INSERT INTO request_notes_Sila (note_ID, request_ID, content, submitter_ID, is_internal, created_at) VALUES (3505, 2764, 'Mock not eklendi. Test amacli. (Note 0)', 1, TRUE, '2026-06-29 17:03:35');
INSERT INTO request_notes_Sila (note_ID, request_ID, content, submitter_ID, is_internal, created_at) VALUES (3506, 2764, 'Mock not eklendi. Test amacli. (Note 1)', 18, FALSE, '2026-06-29 18:03:35');
INSERT INTO request_notes_Sila (note_ID, request_ID, content, submitter_ID, is_internal, created_at) VALUES (3507, 2764, 'Mock not eklendi. Test amacli. (Note 2)', 1, FALSE, '2026-06-29 19:03:35');
INSERT INTO requests_Sila (request_ID, creator_ID, title, description, status, type, generated_id, final_priority_score, created_at) VALUES (2765, 32, 'Kullanici girisi yavas - Mock Dev 18 - 44', 'Performans cok dusuk.', 'COMPLETED', 'BUG_DÜZELTME', 'M-0765', 83.9, '2026-07-11 15:03:35');
INSERT INTO priorities_Sila (priority_ID, request_ID, company_points, product_mgr_score, software_mgr_score, priority_score) VALUES (2765, 2765, 89.9, 5, 3, 83.9);
INSERT INTO workflows_Sila (task_ID, request_ID, developer_ID, workflow_status, assigned_by_ID, assigned_at, resolved_at) VALUES (2765, 2765, 18, 'RESOLVED', 1, '2026-07-11 16:03:35', '2026-07-16 16:03:35');
INSERT INTO request_notes_Sila (note_ID, request_ID, content, submitter_ID, is_internal, created_at) VALUES (3508, 2765, 'Mock not eklendi. Test amacli. (Note 0)', 18, TRUE, '2026-07-11 17:03:35');
INSERT INTO requests_Sila (request_ID, creator_ID, title, description, status, type, generated_id, final_priority_score, created_at) VALUES (2766, 31, 'Veri kaybi yasaniyor - Mock Dev 18 - 45', 'Performans cok dusuk.', 'ASSIGNED', 'SİSTEM_ÇÖKÜŞÜ', 'M-0766', 73.8, '2026-07-03 15:03:35');
INSERT INTO priorities_Sila (priority_ID, request_ID, company_points, product_mgr_score, software_mgr_score, priority_score) VALUES (2766, 2766, 94.4, 3, 3, 73.8);
INSERT INTO workflows_Sila (task_ID, request_ID, developer_ID, workflow_status, assigned_by_ID, assigned_at) VALUES (2766, 2766, 18, 'ASSIGNED', 1, '2026-07-03 16:03:35');
INSERT INTO request_notes_Sila (note_ID, request_ID, content, submitter_ID, is_internal, created_at) VALUES (3509, 2766, 'Mock not eklendi. Test amacli. (Note 0)', 18, FALSE, '2026-07-03 17:03:35');
INSERT INTO request_notes_Sila (note_ID, request_ID, content, submitter_ID, is_internal, created_at) VALUES (3510, 2766, 'Mock not eklendi. Test amacli. (Note 1)', 18, FALSE, '2026-07-03 18:03:35');
INSERT INTO request_notes_Sila (note_ID, request_ID, content, submitter_ID, is_internal, created_at) VALUES (3511, 2766, 'Mock not eklendi. Test amacli. (Note 2)', 18, TRUE, '2026-07-03 19:03:35');
INSERT INTO requests_Sila (request_ID, creator_ID, title, description, status, type, generated_id, final_priority_score, created_at) VALUES (2767, 32, 'Yeni buton eklenmesi - Mock Dev 18 - 46', 'Veriler eksik geliyor, veritabani sorgusu optimize edilmeli.', 'COMPLETED', 'VERİ_KAYBI', 'M-0767', 70.6, '2026-07-03 15:03:35');
INSERT INTO priorities_Sila (priority_ID, request_ID, company_points, product_mgr_score, software_mgr_score, priority_score) VALUES (2767, 2767, 71.5, 4, 3, 70.6);
INSERT INTO workflows_Sila (task_ID, request_ID, developer_ID, workflow_status, assigned_by_ID, assigned_at, resolved_at) VALUES (2767, 2767, 18, 'RESOLVED', 1, '2026-07-03 16:03:35', '2026-07-06 16:03:35');
INSERT INTO request_notes_Sila (note_ID, request_ID, content, submitter_ID, is_internal, created_at) VALUES (3512, 2767, 'Mock not eklendi. Test amacli. (Note 0)', 18, FALSE, '2026-07-03 17:03:35');
INSERT INTO request_notes_Sila (note_ID, request_ID, content, submitter_ID, is_internal, created_at) VALUES (3513, 2767, 'Mock not eklendi. Test amacli. (Note 1)', 1, TRUE, '2026-07-03 18:03:35');
INSERT INTO requests_Sila (request_ID, creator_ID, title, description, status, type, generated_id, final_priority_score, created_at) VALUES (2768, 35, 'Yeni buton eklenmesi - Mock Dev 18 - 47', 'Tasarim ekibi guncellemeyi talep etti.', 'COMPLETED', 'DİĞER', 'M-0768', 87.6, '2026-06-26 15:03:35');
INSERT INTO priorities_Sila (priority_ID, request_ID, company_points, product_mgr_score, software_mgr_score, priority_score) VALUES (2768, 2768, 83.9, 5, 4, 87.6);
INSERT INTO workflows_Sila (task_ID, request_ID, developer_ID, workflow_status, assigned_by_ID, assigned_at, resolved_at) VALUES (2768, 2768, 18, 'RESOLVED', 1, '2026-06-26 16:03:35', '2026-06-27 16:03:35');
INSERT INTO request_notes_Sila (note_ID, request_ID, content, submitter_ID, is_internal, created_at) VALUES (3514, 2768, 'Mock not eklendi. Test amacli. (Note 0)', 18, TRUE, '2026-06-26 17:03:35');
INSERT INTO requests_Sila (request_ID, creator_ID, title, description, status, type, generated_id, final_priority_score, created_at) VALUES (2769, 32, 'Sifre sifirlama maili gelmiyor - Mock Dev 18 - 48', 'Tasarim ekibi guncellemeyi talep etti.', 'COMPLETED', 'GELİŞTİRME', 'M-0769', 80.1, '2026-06-25 15:03:35');
INSERT INTO priorities_Sila (priority_ID, request_ID, company_points, product_mgr_score, software_mgr_score, priority_score) VALUES (2769, 2769, 80.2, 5, 3, 80.1);
INSERT INTO workflows_Sila (task_ID, request_ID, developer_ID, workflow_status, assigned_by_ID, assigned_at, resolved_at) VALUES (2769, 2769, 18, 'RESOLVED', 1, '2026-06-25 16:03:35', '2026-06-26 16:03:35');
INSERT INTO request_notes_Sila (note_ID, request_ID, content, submitter_ID, is_internal, created_at) VALUES (3515, 2769, 'Mock not eklendi. Test amacli. (Note 0)', 18, FALSE, '2026-06-25 17:03:35');
INSERT INTO request_notes_Sila (note_ID, request_ID, content, submitter_ID, is_internal, created_at) VALUES (3516, 2769, 'Mock not eklendi. Test amacli. (Note 1)', 18, FALSE, '2026-06-25 18:03:35');
INSERT INTO request_notes_Sila (note_ID, request_ID, content, submitter_ID, is_internal, created_at) VALUES (3517, 2769, 'Mock not eklendi. Test amacli. (Note 2)', 18, FALSE, '2026-06-25 19:03:35');
INSERT INTO requests_Sila (request_ID, creator_ID, title, description, status, type, generated_id, final_priority_score, created_at) VALUES (2770, 27, 'Sifre sifirlama maili gelmiyor - Mock Dev 18 - 49', 'Dun yapilan guncellemeden sonra bozuldu.', 'ASSIGNED', 'DİĞER', 'M-0770', 75.2, '2026-06-24 15:03:35');
INSERT INTO priorities_Sila (priority_ID, request_ID, company_points, product_mgr_score, software_mgr_score, priority_score) VALUES (2770, 2770, 98.0, 3, 3, 75.2);
INSERT INTO workflows_Sila (task_ID, request_ID, developer_ID, workflow_status, assigned_by_ID, assigned_at) VALUES (2770, 2770, 18, 'ASSIGNED', 1, '2026-06-24 16:03:35');
INSERT INTO request_notes_Sila (note_ID, request_ID, content, submitter_ID, is_internal, created_at) VALUES (3518, 2770, 'Mock not eklendi. Test amacli. (Note 0)', 1, FALSE, '2026-06-24 17:03:35');
INSERT INTO request_notes_Sila (note_ID, request_ID, content, submitter_ID, is_internal, created_at) VALUES (3519, 2770, 'Mock not eklendi. Test amacli. (Note 1)', 18, TRUE, '2026-06-24 18:03:35');
INSERT INTO requests_Sila (request_ID, creator_ID, title, description, status, type, generated_id, final_priority_score, created_at) VALUES (2771, 32, 'Mobil uyumluluk sorunu - Mock Dev 18 - 50', 'Loglarda NullPointerException gordum, ekteki dosyaya bakiniz.', 'ASSIGNED', 'VERİ_KAYBI', 'M-0771', 70.9, '2026-07-09 15:03:35');
INSERT INTO priorities_Sila (priority_ID, request_ID, company_points, product_mgr_score, software_mgr_score, priority_score) VALUES (2771, 2771, 72.3, 4, 3, 70.9);
INSERT INTO workflows_Sila (task_ID, request_ID, developer_ID, workflow_status, assigned_by_ID, assigned_at) VALUES (2771, 2771, 18, 'ASSIGNED', 1, '2026-07-09 16:03:35');
INSERT INTO request_notes_Sila (note_ID, request_ID, content, submitter_ID, is_internal, created_at) VALUES (3520, 2771, 'Mock not eklendi. Test amacli. (Note 0)', 18, FALSE, '2026-07-09 17:03:35');
INSERT INTO request_notes_Sila (note_ID, request_ID, content, submitter_ID, is_internal, created_at) VALUES (3521, 2771, 'Mock not eklendi. Test amacli. (Note 1)', 18, TRUE, '2026-07-09 18:03:35');
INSERT INTO requests_Sila (request_ID, creator_ID, title, description, status, type, generated_id, final_priority_score, created_at) VALUES (2772, 34, 'Mobil uyumluluk sorunu - Mock Dev 18 - 51', 'Veriler eksik geliyor, veritabani sorgusu optimize edilmeli.', 'COMPLETED', 'BUG_DÜZELTME', 'M-0772', 79.0, '2026-07-13 15:03:35');
INSERT INTO priorities_Sila (priority_ID, request_ID, company_points, product_mgr_score, software_mgr_score, priority_score) VALUES (2772, 2772, 77.6, 3, 5, 79.0);
INSERT INTO workflows_Sila (task_ID, request_ID, developer_ID, workflow_status, assigned_by_ID, assigned_at, resolved_at) VALUES (2772, 2772, 18, 'RESOLVED', 1, '2026-07-13 16:03:35', '2026-07-15 16:03:35');
INSERT INTO request_notes_Sila (note_ID, request_ID, content, submitter_ID, is_internal, created_at) VALUES (3522, 2772, 'Mock not eklendi. Test amacli. (Note 0)', 18, FALSE, '2026-07-13 17:03:35');
INSERT INTO requests_Sila (request_ID, creator_ID, title, description, status, type, generated_id, final_priority_score, created_at) VALUES (2773, 34, '500 Internal Server Error - Mock Dev 18 - 52', 'Veriler eksik geliyor, veritabani sorgusu optimize edilmeli.', 'ASSIGNED', 'SİSTEM_ÇÖKÜŞÜ', 'M-0773', 86.4, '2026-06-21 15:03:35');
INSERT INTO priorities_Sila (priority_ID, request_ID, company_points, product_mgr_score, software_mgr_score, priority_score) VALUES (2773, 2773, 96.0, 5, 3, 86.4);
INSERT INTO workflows_Sila (task_ID, request_ID, developer_ID, workflow_status, assigned_by_ID, assigned_at) VALUES (2773, 2773, 18, 'ASSIGNED', 1, '2026-06-21 16:03:35');
INSERT INTO request_notes_Sila (note_ID, request_ID, content, submitter_ID, is_internal, created_at) VALUES (3523, 2773, 'Mock not eklendi. Test amacli. (Note 0)', 1, TRUE, '2026-06-21 17:03:35');
INSERT INTO request_notes_Sila (note_ID, request_ID, content, submitter_ID, is_internal, created_at) VALUES (3524, 2773, 'Mock not eklendi. Test amacli. (Note 1)', 18, FALSE, '2026-06-21 18:03:35');
INSERT INTO request_notes_Sila (note_ID, request_ID, content, submitter_ID, is_internal, created_at) VALUES (3525, 2773, 'Mock not eklendi. Test amacli. (Note 2)', 18, FALSE, '2026-06-21 19:03:35');
INSERT INTO requests_Sila (request_ID, creator_ID, title, description, status, type, generated_id, final_priority_score, created_at) VALUES (2774, 29, 'Yeni buton eklenmesi - Mock Dev 18 - 53', 'Dun yapilan guncellemeden sonra bozuldu.', 'COMPLETED', 'GELİŞTİRME', 'M-0774', 76.8, '2026-07-08 15:03:35');
INSERT INTO priorities_Sila (priority_ID, request_ID, company_points, product_mgr_score, software_mgr_score, priority_score) VALUES (2774, 2774, 87.0, 4, 3, 76.8);
INSERT INTO workflows_Sila (task_ID, request_ID, developer_ID, workflow_status, assigned_by_ID, assigned_at, resolved_at) VALUES (2774, 2774, 18, 'RESOLVED', 1, '2026-07-08 16:03:35', '2026-07-09 16:03:35');
INSERT INTO request_notes_Sila (note_ID, request_ID, content, submitter_ID, is_internal, created_at) VALUES (3526, 2774, 'Mock not eklendi. Test amacli. (Note 0)', 18, TRUE, '2026-07-08 17:03:35');
INSERT INTO requests_Sila (request_ID, creator_ID, title, description, status, type, generated_id, final_priority_score, created_at) VALUES (2775, 30, '500 Internal Server Error - Mock Dev 18 - 54', 'Musteriler bu sorundan sikayetci, acil bakilmasi gerekiyor.', 'COMPLETED', 'BUG_DÜZELTME', 'M-0775', 86.7, '2026-06-24 15:03:35');
INSERT INTO priorities_Sila (priority_ID, request_ID, company_points, product_mgr_score, software_mgr_score, priority_score) VALUES (2775, 2775, 96.7, 4, 4, 86.7);
INSERT INTO workflows_Sila (task_ID, request_ID, developer_ID, workflow_status, assigned_by_ID, assigned_at, resolved_at) VALUES (2775, 2775, 18, 'RESOLVED', 1, '2026-06-24 16:03:35', '2026-06-28 16:03:35');
INSERT INTO request_notes_Sila (note_ID, request_ID, content, submitter_ID, is_internal, created_at) VALUES (3527, 2775, 'Mock not eklendi. Test amacli. (Note 0)', 18, TRUE, '2026-06-24 17:03:35');
INSERT INTO request_notes_Sila (note_ID, request_ID, content, submitter_ID, is_internal, created_at) VALUES (3528, 2775, 'Mock not eklendi. Test amacli. (Note 1)', 1, FALSE, '2026-06-24 18:03:35');
INSERT INTO requests_Sila (request_ID, creator_ID, title, description, status, type, generated_id, final_priority_score, created_at) VALUES (2776, 27, 'Kullanici girisi yavas - Mock Dev 18 - 55', 'Loglarda NullPointerException gordum, ekteki dosyaya bakiniz.', 'ASSIGNED', 'ENTEGRASYON_SIKINTILARI', 'M-0776', 87.0, '2026-06-20 15:03:35');
INSERT INTO priorities_Sila (priority_ID, request_ID, company_points, product_mgr_score, software_mgr_score, priority_score) VALUES (2776, 2776, 97.6, 5, 3, 87.0);
INSERT INTO workflows_Sila (task_ID, request_ID, developer_ID, workflow_status, assigned_by_ID, assigned_at) VALUES (2776, 2776, 18, 'ASSIGNED', 1, '2026-06-20 16:03:35');
INSERT INTO request_notes_Sila (note_ID, request_ID, content, submitter_ID, is_internal, created_at) VALUES (3529, 2776, 'Mock not eklendi. Test amacli. (Note 0)', 1, FALSE, '2026-06-20 17:03:35');
INSERT INTO requests_Sila (request_ID, creator_ID, title, description, status, type, generated_id, final_priority_score, created_at) VALUES (2777, 35, 'Kullanici girisi yavas - Mock Dev 18 - 56', 'Performans cok dusuk.', 'ASSIGNED', 'GELİŞTİRME', 'M-0777', 99.0, '2026-07-07 15:03:35');
INSERT INTO priorities_Sila (priority_ID, request_ID, company_points, product_mgr_score, software_mgr_score, priority_score) VALUES (2777, 2777, 97.4, 5, 5, 99.0);
INSERT INTO workflows_Sila (task_ID, request_ID, developer_ID, workflow_status, assigned_by_ID, assigned_at) VALUES (2777, 2777, 18, 'ASSIGNED', 1, '2026-07-07 16:03:35');
INSERT INTO request_notes_Sila (note_ID, request_ID, content, submitter_ID, is_internal, created_at) VALUES (3530, 2777, 'Mock not eklendi. Test amacli. (Note 0)', 18, FALSE, '2026-07-07 17:03:35');
INSERT INTO requests_Sila (request_ID, creator_ID, title, description, status, type, generated_id, final_priority_score, created_at) VALUES (2778, 35, 'Veritabani baglanti hatasi - Mock Dev 18 - 57', 'Test ortaminda calisiyor ama canlida hata veriyor.', 'COMPLETED', 'DİĞER', 'M-0778', 74.6, '2026-07-03 15:03:35');
INSERT INTO priorities_Sila (priority_ID, request_ID, company_points, product_mgr_score, software_mgr_score, priority_score) VALUES (2778, 2778, 81.4, 4, 3, 74.6);
INSERT INTO workflows_Sila (task_ID, request_ID, developer_ID, workflow_status, assigned_by_ID, assigned_at, resolved_at) VALUES (2778, 2778, 18, 'RESOLVED', 1, '2026-07-03 16:03:35', '2026-07-08 16:03:35');
INSERT INTO request_notes_Sila (note_ID, request_ID, content, submitter_ID, is_internal, created_at) VALUES (3531, 2778, 'Mock not eklendi. Test amacli. (Note 0)', 1, TRUE, '2026-07-03 17:03:35');
INSERT INTO request_notes_Sila (note_ID, request_ID, content, submitter_ID, is_internal, created_at) VALUES (3532, 2778, 'Mock not eklendi. Test amacli. (Note 1)', 18, FALSE, '2026-07-03 18:03:35');
INSERT INTO requests_Sila (request_ID, creator_ID, title, description, status, type, generated_id, final_priority_score, created_at) VALUES (2779, 34, 'Yeni buton eklenmesi - Mock Dev 18 - 58', 'Loglarda NullPointerException gordum, ekteki dosyaya bakiniz.', 'ASSIGNED', 'DİĞER', 'M-0779', 76.8, '2026-07-03 15:03:35');
INSERT INTO priorities_Sila (priority_ID, request_ID, company_points, product_mgr_score, software_mgr_score, priority_score) VALUES (2779, 2779, 72.0, 4, 4, 76.8);
INSERT INTO workflows_Sila (task_ID, request_ID, developer_ID, workflow_status, assigned_by_ID, assigned_at) VALUES (2779, 2779, 18, 'ASSIGNED', 1, '2026-07-03 16:03:35');
INSERT INTO request_notes_Sila (note_ID, request_ID, content, submitter_ID, is_internal, created_at) VALUES (3533, 2779, 'Mock not eklendi. Test amacli. (Note 0)', 1, FALSE, '2026-07-03 17:03:35');
INSERT INTO requests_Sila (request_ID, creator_ID, title, description, status, type, generated_id, final_priority_score, created_at) VALUES (2780, 32, 'Yeni buton eklenmesi - Mock Dev 18 - 59', 'Test ortaminda calisiyor ama canlida hata veriyor.', 'ASSIGNED', 'VERİ_KAYBI', 'M-0780', 79.1, '2026-07-02 15:03:35');
INSERT INTO priorities_Sila (priority_ID, request_ID, company_points, product_mgr_score, software_mgr_score, priority_score) VALUES (2780, 2780, 77.8, 3, 5, 79.1);
INSERT INTO workflows_Sila (task_ID, request_ID, developer_ID, workflow_status, assigned_by_ID, assigned_at) VALUES (2780, 2780, 18, 'ASSIGNED', 1, '2026-07-02 16:03:35');
INSERT INTO request_notes_Sila (note_ID, request_ID, content, submitter_ID, is_internal, created_at) VALUES (3534, 2780, 'Mock not eklendi. Test amacli. (Note 0)', 18, TRUE, '2026-07-02 17:03:35');
INSERT INTO request_notes_Sila (note_ID, request_ID, content, submitter_ID, is_internal, created_at) VALUES (3535, 2780, 'Mock not eklendi. Test amacli. (Note 1)', 18, TRUE, '2026-07-02 18:03:35');
INSERT INTO request_notes_Sila (note_ID, request_ID, content, submitter_ID, is_internal, created_at) VALUES (3536, 2780, 'Mock not eklendi. Test amacli. (Note 2)', 18, FALSE, '2026-07-02 19:03:35');
INSERT INTO requests_Sila (request_ID, creator_ID, title, description, status, type, generated_id, final_priority_score, created_at) VALUES (2781, 28, 'Veri kaybi yasaniyor - Mock Dev 18 - 60', 'Veriler eksik geliyor, veritabani sorgusu optimize edilmeli.', 'COMPLETED', 'GELİŞTİRME', 'M-0781', 87.1, '2026-07-17 15:03:35');
INSERT INTO priorities_Sila (priority_ID, request_ID, company_points, product_mgr_score, software_mgr_score, priority_score) VALUES (2781, 2781, 82.8, 4, 5, 87.1);
INSERT INTO workflows_Sila (task_ID, request_ID, developer_ID, workflow_status, assigned_by_ID, assigned_at, resolved_at) VALUES (2781, 2781, 18, 'RESOLVED', 1, '2026-07-17 16:03:35', '2026-07-20 16:03:35');
INSERT INTO request_notes_Sila (note_ID, request_ID, content, submitter_ID, is_internal, created_at) VALUES (3537, 2781, 'Mock not eklendi. Test amacli. (Note 0)', 1, TRUE, '2026-07-17 17:03:35');
INSERT INTO requests_Sila (request_ID, creator_ID, title, description, status, type, generated_id, final_priority_score, created_at) VALUES (2782, 26, 'Raporlama modulu calismiyor - Mock Dev 18 - 61', 'Test ortaminda calisiyor ama canlida hata veriyor.', 'COMPLETED', 'VERİ_KAYBI', 'M-0782', 76.4, '2026-06-24 15:03:35');
INSERT INTO priorities_Sila (priority_ID, request_ID, company_points, product_mgr_score, software_mgr_score, priority_score) VALUES (2782, 2782, 86.1, 4, 3, 76.4);
INSERT INTO workflows_Sila (task_ID, request_ID, developer_ID, workflow_status, assigned_by_ID, assigned_at, resolved_at) VALUES (2782, 2782, 18, 'RESOLVED', 1, '2026-06-24 16:03:35', '2026-06-29 16:03:35');
INSERT INTO request_notes_Sila (note_ID, request_ID, content, submitter_ID, is_internal, created_at) VALUES (3538, 2782, 'Mock not eklendi. Test amacli. (Note 0)', 1, TRUE, '2026-06-24 17:03:35');
INSERT INTO request_notes_Sila (note_ID, request_ID, content, submitter_ID, is_internal, created_at) VALUES (3539, 2782, 'Mock not eklendi. Test amacli. (Note 1)', 1, FALSE, '2026-06-24 18:03:35');
INSERT INTO request_notes_Sila (note_ID, request_ID, content, submitter_ID, is_internal, created_at) VALUES (3540, 2782, 'Mock not eklendi. Test amacli. (Note 2)', 1, TRUE, '2026-06-24 19:03:35');
INSERT INTO requests_Sila (request_ID, creator_ID, title, description, status, type, generated_id, final_priority_score, created_at) VALUES (2783, 35, 'Arayuzde kayma var - Mock Dev 19 - 0', 'Veriler eksik geliyor, veritabani sorgusu optimize edilmeli.', 'COMPLETED', 'DİĞER', 'M-0783', 77.9, '2026-07-05 15:03:35');
INSERT INTO priorities_Sila (priority_ID, request_ID, company_points, product_mgr_score, software_mgr_score, priority_score) VALUES (2783, 2783, 89.8, 4, 3, 77.9);
INSERT INTO workflows_Sila (task_ID, request_ID, developer_ID, workflow_status, assigned_by_ID, assigned_at, resolved_at) VALUES (2783, 2783, 19, 'RESOLVED', 1, '2026-07-05 16:03:35', '2026-07-10 16:03:35');
INSERT INTO request_notes_Sila (note_ID, request_ID, content, submitter_ID, is_internal, created_at) VALUES (3541, 2783, 'Mock not eklendi. Test amacli. (Note 0)', 1, TRUE, '2026-07-05 17:03:35');
INSERT INTO requests_Sila (request_ID, creator_ID, title, description, status, type, generated_id, final_priority_score, created_at) VALUES (2784, 29, 'Arayuzde kayma var - Mock Dev 19 - 1', 'Performans cok dusuk.', 'ASSIGNED', 'ENTEGRASYON_SIKINTILARI', 'M-0784', 70.1, '2026-07-10 15:03:35');
INSERT INTO priorities_Sila (priority_ID, request_ID, company_points, product_mgr_score, software_mgr_score, priority_score) VALUES (2784, 2784, 70.3, 3, 4, 70.1);
INSERT INTO workflows_Sila (task_ID, request_ID, developer_ID, workflow_status, assigned_by_ID, assigned_at) VALUES (2784, 2784, 19, 'ASSIGNED', 1, '2026-07-10 16:03:35');
INSERT INTO request_notes_Sila (note_ID, request_ID, content, submitter_ID, is_internal, created_at) VALUES (3542, 2784, 'Mock not eklendi. Test amacli. (Note 0)', 1, TRUE, '2026-07-10 17:03:35');
INSERT INTO request_notes_Sila (note_ID, request_ID, content, submitter_ID, is_internal, created_at) VALUES (3543, 2784, 'Mock not eklendi. Test amacli. (Note 1)', 19, TRUE, '2026-07-10 18:03:35');
INSERT INTO requests_Sila (request_ID, creator_ID, title, description, status, type, generated_id, final_priority_score, created_at) VALUES (2785, 26, 'Kullanici girisi yavas - Mock Dev 19 - 2', 'Dun yapilan guncellemeden sonra bozuldu.', 'COMPLETED', 'VERİ_KAYBI', 'M-0785', 78.0, '2026-07-09 15:03:35');
INSERT INTO priorities_Sila (priority_ID, request_ID, company_points, product_mgr_score, software_mgr_score, priority_score) VALUES (2785, 2785, 75.1, 5, 3, 78.0);
INSERT INTO workflows_Sila (task_ID, request_ID, developer_ID, workflow_status, assigned_by_ID, assigned_at, resolved_at) VALUES (2785, 2785, 19, 'RESOLVED', 1, '2026-07-09 16:03:35', '2026-07-12 16:03:35');
INSERT INTO request_notes_Sila (note_ID, request_ID, content, submitter_ID, is_internal, created_at) VALUES (3544, 2785, 'Mock not eklendi. Test amacli. (Note 0)', 19, FALSE, '2026-07-09 17:03:35');
INSERT INTO request_notes_Sila (note_ID, request_ID, content, submitter_ID, is_internal, created_at) VALUES (3545, 2785, 'Mock not eklendi. Test amacli. (Note 1)', 19, FALSE, '2026-07-09 18:03:35');
INSERT INTO requests_Sila (request_ID, creator_ID, title, description, status, type, generated_id, final_priority_score, created_at) VALUES (2786, 34, 'Sifre sifirlama maili gelmiyor - Mock Dev 19 - 3', 'Musteriler bu sorundan sikayetci, acil bakilmasi gerekiyor.', 'ASSIGNED', 'GELİŞTİRME', 'M-0786', 82.3, '2026-07-16 15:03:35');
INSERT INTO priorities_Sila (priority_ID, request_ID, company_points, product_mgr_score, software_mgr_score, priority_score) VALUES (2786, 2786, 70.9, 5, 4, 82.3);
INSERT INTO workflows_Sila (task_ID, request_ID, developer_ID, workflow_status, assigned_by_ID, assigned_at) VALUES (2786, 2786, 19, 'ASSIGNED', 1, '2026-07-16 16:03:35');
INSERT INTO request_notes_Sila (note_ID, request_ID, content, submitter_ID, is_internal, created_at) VALUES (3546, 2786, 'Mock not eklendi. Test amacli. (Note 0)', 19, FALSE, '2026-07-16 17:03:35');
INSERT INTO requests_Sila (request_ID, creator_ID, title, description, status, type, generated_id, final_priority_score, created_at) VALUES (2787, 26, 'Yeni buton eklenmesi - Mock Dev 19 - 4', 'Test ortaminda calisiyor ama canlida hata veriyor.', 'COMPLETED', 'SİSTEM_ÇÖKÜŞÜ', 'M-0787', 88.8, '2026-07-01 15:03:35');
INSERT INTO priorities_Sila (priority_ID, request_ID, company_points, product_mgr_score, software_mgr_score, priority_score) VALUES (2787, 2787, 87.0, 4, 5, 88.8);
INSERT INTO workflows_Sila (task_ID, request_ID, developer_ID, workflow_status, assigned_by_ID, assigned_at, resolved_at) VALUES (2787, 2787, 19, 'RESOLVED', 1, '2026-07-01 16:03:35', '2026-07-02 16:03:35');
INSERT INTO request_notes_Sila (note_ID, request_ID, content, submitter_ID, is_internal, created_at) VALUES (3547, 2787, 'Mock not eklendi. Test amacli. (Note 0)', 1, FALSE, '2026-07-01 17:03:35');
INSERT INTO requests_Sila (request_ID, creator_ID, title, description, status, type, generated_id, final_priority_score, created_at) VALUES (2788, 27, 'Kullanici girisi yavas - Mock Dev 19 - 5', 'Veriler eksik geliyor, veritabani sorgusu optimize edilmeli.', 'COMPLETED', 'GELİŞTİRME', 'M-0788', 79.8, '2026-06-29 15:03:35');
INSERT INTO priorities_Sila (priority_ID, request_ID, company_points, product_mgr_score, software_mgr_score, priority_score) VALUES (2788, 2788, 79.5, 4, 4, 79.8);
INSERT INTO workflows_Sila (task_ID, request_ID, developer_ID, workflow_status, assigned_by_ID, assigned_at, resolved_at) VALUES (2788, 2788, 19, 'RESOLVED', 1, '2026-06-29 16:03:35', '2026-07-03 16:03:35');
INSERT INTO request_notes_Sila (note_ID, request_ID, content, submitter_ID, is_internal, created_at) VALUES (3548, 2788, 'Mock not eklendi. Test amacli. (Note 0)', 1, FALSE, '2026-06-29 17:03:35');
INSERT INTO request_notes_Sila (note_ID, request_ID, content, submitter_ID, is_internal, created_at) VALUES (3549, 2788, 'Mock not eklendi. Test amacli. (Note 1)', 1, TRUE, '2026-06-29 18:03:35');
INSERT INTO request_notes_Sila (note_ID, request_ID, content, submitter_ID, is_internal, created_at) VALUES (3550, 2788, 'Mock not eklendi. Test amacli. (Note 2)', 19, TRUE, '2026-06-29 19:03:35');
INSERT INTO requests_Sila (request_ID, creator_ID, title, description, status, type, generated_id, final_priority_score, created_at) VALUES (2789, 35, 'Kullanici girisi yavas - Mock Dev 19 - 6', 'Veriler eksik geliyor, veritabani sorgusu optimize edilmeli.', 'COMPLETED', 'ENTEGRASYON_SIKINTILARI', 'M-0789', 76.0, '2026-07-09 15:03:35');
INSERT INTO priorities_Sila (priority_ID, request_ID, company_points, product_mgr_score, software_mgr_score, priority_score) VALUES (2789, 2789, 85.1, 3, 4, 76.0);
INSERT INTO workflows_Sila (task_ID, request_ID, developer_ID, workflow_status, assigned_by_ID, assigned_at, resolved_at) VALUES (2789, 2789, 19, 'RESOLVED', 1, '2026-07-09 16:03:35', '2026-07-10 16:03:35');
INSERT INTO request_notes_Sila (note_ID, request_ID, content, submitter_ID, is_internal, created_at) VALUES (3551, 2789, 'Mock not eklendi. Test amacli. (Note 0)', 1, FALSE, '2026-07-09 17:03:35');
INSERT INTO requests_Sila (request_ID, creator_ID, title, description, status, type, generated_id, final_priority_score, created_at) VALUES (2790, 27, 'Veri kaybi yasaniyor - Mock Dev 19 - 7', 'Musteriler bu sorundan sikayetci, acil bakilmasi gerekiyor.', 'COMPLETED', 'ENTEGRASYON_SIKINTILARI', 'M-0790', 77.9, '2026-07-10 15:03:35');
INSERT INTO priorities_Sila (priority_ID, request_ID, company_points, product_mgr_score, software_mgr_score, priority_score) VALUES (2790, 2790, 74.8, 5, 3, 77.9);
INSERT INTO workflows_Sila (task_ID, request_ID, developer_ID, workflow_status, assigned_by_ID, assigned_at, resolved_at) VALUES (2790, 2790, 19, 'RESOLVED', 1, '2026-07-10 16:03:35', '2026-07-15 16:03:35');
INSERT INTO request_notes_Sila (note_ID, request_ID, content, submitter_ID, is_internal, created_at) VALUES (3552, 2790, 'Mock not eklendi. Test amacli. (Note 0)', 19, TRUE, '2026-07-10 17:03:35');
INSERT INTO requests_Sila (request_ID, creator_ID, title, description, status, type, generated_id, final_priority_score, created_at) VALUES (2791, 27, 'Arayuzde kayma var - Mock Dev 19 - 8', 'Tasarim ekibi guncellemeyi talep etti.', 'ASSIGNED', 'YENİ_ÖZELLİK_EKLEME', 'M-0791', 89.3, '2026-06-25 15:03:35');
INSERT INTO priorities_Sila (priority_ID, request_ID, company_points, product_mgr_score, software_mgr_score, priority_score) VALUES (2791, 2791, 88.2, 5, 4, 89.3);
INSERT INTO workflows_Sila (task_ID, request_ID, developer_ID, workflow_status, assigned_by_ID, assigned_at) VALUES (2791, 2791, 19, 'ASSIGNED', 1, '2026-06-25 16:03:35');
INSERT INTO request_notes_Sila (note_ID, request_ID, content, submitter_ID, is_internal, created_at) VALUES (3553, 2791, 'Mock not eklendi. Test amacli. (Note 0)', 19, FALSE, '2026-06-25 17:03:35');
INSERT INTO requests_Sila (request_ID, creator_ID, title, description, status, type, generated_id, final_priority_score, created_at) VALUES (2792, 28, 'Veritabani baglanti hatasi - Mock Dev 19 - 9', 'Sistemin genelini etkileyen bir yavaslik soz konusu.', 'COMPLETED', 'GELİŞTİRME', 'M-0792', 93.3, '2026-06-26 15:03:35');
INSERT INTO priorities_Sila (priority_ID, request_ID, company_points, product_mgr_score, software_mgr_score, priority_score) VALUES (2792, 2792, 83.2, 5, 5, 93.3);
INSERT INTO workflows_Sila (task_ID, request_ID, developer_ID, workflow_status, assigned_by_ID, assigned_at, resolved_at) VALUES (2792, 2792, 19, 'RESOLVED', 1, '2026-06-26 16:03:35', '2026-06-27 16:03:35');
INSERT INTO request_notes_Sila (note_ID, request_ID, content, submitter_ID, is_internal, created_at) VALUES (3554, 2792, 'Mock not eklendi. Test amacli. (Note 0)', 19, TRUE, '2026-06-26 17:03:35');
INSERT INTO requests_Sila (request_ID, creator_ID, title, description, status, type, generated_id, final_priority_score, created_at) VALUES (2793, 32, '500 Internal Server Error - Mock Dev 19 - 10', 'Musteriler bu sorundan sikayetci, acil bakilmasi gerekiyor.', 'ASSIGNED', 'YENİ_ÖZELLİK_EKLEME', 'M-0793', 75.2, '2026-07-15 15:03:35');
INSERT INTO priorities_Sila (priority_ID, request_ID, company_points, product_mgr_score, software_mgr_score, priority_score) VALUES (2793, 2793, 83.0, 4, 3, 75.2);
INSERT INTO workflows_Sila (task_ID, request_ID, developer_ID, workflow_status, assigned_by_ID, assigned_at) VALUES (2793, 2793, 19, 'ASSIGNED', 1, '2026-07-15 16:03:35');
INSERT INTO request_notes_Sila (note_ID, request_ID, content, submitter_ID, is_internal, created_at) VALUES (3555, 2793, 'Mock not eklendi. Test amacli. (Note 0)', 19, FALSE, '2026-07-15 17:03:35');
INSERT INTO request_notes_Sila (note_ID, request_ID, content, submitter_ID, is_internal, created_at) VALUES (3556, 2793, 'Mock not eklendi. Test amacli. (Note 1)', 19, TRUE, '2026-07-15 18:03:35');
INSERT INTO requests_Sila (request_ID, creator_ID, title, description, status, type, generated_id, final_priority_score, created_at) VALUES (2794, 29, 'Raporlama modulu calismiyor - Mock Dev 19 - 11', 'Performans cok dusuk.', 'ASSIGNED', 'VERİ_KAYBI', 'M-0794', 76.1, '2026-07-03 15:03:35');
INSERT INTO priorities_Sila (priority_ID, request_ID, company_points, product_mgr_score, software_mgr_score, priority_score) VALUES (2794, 2794, 85.3, 4, 3, 76.1);
INSERT INTO workflows_Sila (task_ID, request_ID, developer_ID, workflow_status, assigned_by_ID, assigned_at) VALUES (2794, 2794, 19, 'ASSIGNED', 1, '2026-07-03 16:03:35');
INSERT INTO request_notes_Sila (note_ID, request_ID, content, submitter_ID, is_internal, created_at) VALUES (3557, 2794, 'Mock not eklendi. Test amacli. (Note 0)', 1, FALSE, '2026-07-03 17:03:35');
INSERT INTO request_notes_Sila (note_ID, request_ID, content, submitter_ID, is_internal, created_at) VALUES (3558, 2794, 'Mock not eklendi. Test amacli. (Note 1)', 1, FALSE, '2026-07-03 18:03:35');
INSERT INTO request_notes_Sila (note_ID, request_ID, content, submitter_ID, is_internal, created_at) VALUES (3559, 2794, 'Mock not eklendi. Test amacli. (Note 2)', 19, FALSE, '2026-07-03 19:03:35');
INSERT INTO requests_Sila (request_ID, creator_ID, title, description, status, type, generated_id, final_priority_score, created_at) VALUES (2795, 28, 'Kullanici girisi yavas - Mock Dev 19 - 12', 'Loglarda NullPointerException gordum, ekteki dosyaya bakiniz.', 'ASSIGNED', 'SİSTEM_ÇÖKÜŞÜ', 'M-0795', 71.1, '2026-06-23 15:03:35');
INSERT INTO priorities_Sila (priority_ID, request_ID, company_points, product_mgr_score, software_mgr_score, priority_score) VALUES (2795, 2795, 87.8, 3, 3, 71.1);
INSERT INTO workflows_Sila (task_ID, request_ID, developer_ID, workflow_status, assigned_by_ID, assigned_at) VALUES (2795, 2795, 19, 'ASSIGNED', 1, '2026-06-23 16:03:35');
INSERT INTO request_notes_Sila (note_ID, request_ID, content, submitter_ID, is_internal, created_at) VALUES (3560, 2795, 'Mock not eklendi. Test amacli. (Note 0)', 19, TRUE, '2026-06-23 17:03:35');
INSERT INTO request_notes_Sila (note_ID, request_ID, content, submitter_ID, is_internal, created_at) VALUES (3561, 2795, 'Mock not eklendi. Test amacli. (Note 1)', 1, FALSE, '2026-06-23 18:03:35');
INSERT INTO requests_Sila (request_ID, creator_ID, title, description, status, type, generated_id, final_priority_score, created_at) VALUES (2796, 28, 'Yeni buton eklenmesi - Mock Dev 19 - 13', 'Sistemin genelini etkileyen bir yavaslik soz konusu.', 'COMPLETED', 'SİSTEM_ÇÖKÜŞÜ', 'M-0796', 86.9, '2026-07-16 15:03:35');
INSERT INTO priorities_Sila (priority_ID, request_ID, company_points, product_mgr_score, software_mgr_score, priority_score) VALUES (2796, 2796, 97.3, 3, 5, 86.9);
INSERT INTO workflows_Sila (task_ID, request_ID, developer_ID, workflow_status, assigned_by_ID, assigned_at, resolved_at) VALUES (2796, 2796, 19, 'RESOLVED', 1, '2026-07-16 16:03:35', '2026-07-18 16:03:35');
INSERT INTO request_notes_Sila (note_ID, request_ID, content, submitter_ID, is_internal, created_at) VALUES (3562, 2796, 'Mock not eklendi. Test amacli. (Note 0)', 19, TRUE, '2026-07-16 17:03:35');
INSERT INTO requests_Sila (request_ID, creator_ID, title, description, status, type, generated_id, final_priority_score, created_at) VALUES (2797, 35, 'Sayfa yuklenmiyor - Mock Dev 19 - 14', 'Loglarda NullPointerException gordum, ekteki dosyaya bakiniz.', 'ASSIGNED', 'BUG_DÜZELTME', 'M-0797', 87.4, '2026-07-11 15:03:35');
INSERT INTO priorities_Sila (priority_ID, request_ID, company_points, product_mgr_score, software_mgr_score, priority_score) VALUES (2797, 2797, 83.6, 4, 5, 87.4);
INSERT INTO workflows_Sila (task_ID, request_ID, developer_ID, workflow_status, assigned_by_ID, assigned_at) VALUES (2797, 2797, 19, 'ASSIGNED', 1, '2026-07-11 16:03:35');
INSERT INTO request_notes_Sila (note_ID, request_ID, content, submitter_ID, is_internal, created_at) VALUES (3563, 2797, 'Mock not eklendi. Test amacli. (Note 0)', 19, FALSE, '2026-07-11 17:03:35');
INSERT INTO request_notes_Sila (note_ID, request_ID, content, submitter_ID, is_internal, created_at) VALUES (3564, 2797, 'Mock not eklendi. Test amacli. (Note 1)', 19, FALSE, '2026-07-11 18:03:35');
INSERT INTO request_notes_Sila (note_ID, request_ID, content, submitter_ID, is_internal, created_at) VALUES (3565, 2797, 'Mock not eklendi. Test amacli. (Note 2)', 19, FALSE, '2026-07-11 19:03:35');
INSERT INTO requests_Sila (request_ID, creator_ID, title, description, status, type, generated_id, final_priority_score, created_at) VALUES (2798, 33, 'Arayuzde kayma var - Mock Dev 19 - 15', 'Tasarim ekibi guncellemeyi talep etti.', 'ASSIGNED', 'ENTEGRASYON_SIKINTILARI', 'M-0798', 99.6, '2026-07-05 15:03:35');
INSERT INTO priorities_Sila (priority_ID, request_ID, company_points, product_mgr_score, software_mgr_score, priority_score) VALUES (2798, 2798, 98.9, 5, 5, 99.6);
INSERT INTO workflows_Sila (task_ID, request_ID, developer_ID, workflow_status, assigned_by_ID, assigned_at) VALUES (2798, 2798, 19, 'ASSIGNED', 1, '2026-07-05 16:03:35');
INSERT INTO request_notes_Sila (note_ID, request_ID, content, submitter_ID, is_internal, created_at) VALUES (3566, 2798, 'Mock not eklendi. Test amacli. (Note 0)', 1, FALSE, '2026-07-05 17:03:35');
INSERT INTO requests_Sila (request_ID, creator_ID, title, description, status, type, generated_id, final_priority_score, created_at) VALUES (2799, 33, 'Veri kaybi yasaniyor - Mock Dev 19 - 16', 'Test ortaminda calisiyor ama canlida hata veriyor.', 'COMPLETED', 'ENTEGRASYON_SIKINTILARI', 'M-0799', 80.7, '2026-06-30 15:03:35');
INSERT INTO priorities_Sila (priority_ID, request_ID, company_points, product_mgr_score, software_mgr_score, priority_score) VALUES (2799, 2799, 96.9, 3, 4, 80.7);
INSERT INTO workflows_Sila (task_ID, request_ID, developer_ID, workflow_status, assigned_by_ID, assigned_at, resolved_at) VALUES (2799, 2799, 19, 'RESOLVED', 1, '2026-06-30 16:03:35', '2026-07-04 16:03:35');
INSERT INTO request_notes_Sila (note_ID, request_ID, content, submitter_ID, is_internal, created_at) VALUES (3567, 2799, 'Mock not eklendi. Test amacli. (Note 0)', 1, FALSE, '2026-06-30 17:03:35');
INSERT INTO request_notes_Sila (note_ID, request_ID, content, submitter_ID, is_internal, created_at) VALUES (3568, 2799, 'Mock not eklendi. Test amacli. (Note 1)', 19, TRUE, '2026-06-30 18:03:35');
INSERT INTO requests_Sila (request_ID, creator_ID, title, description, status, type, generated_id, final_priority_score, created_at) VALUES (2800, 31, 'Veritabani baglanti hatasi - Mock Dev 19 - 17', 'Musteriler bu sorundan sikayetci, acil bakilmasi gerekiyor.', 'COMPLETED', 'VERİ_KAYBI', 'M-0800', 72.6, '2026-06-30 15:03:35');
INSERT INTO priorities_Sila (priority_ID, request_ID, company_points, product_mgr_score, software_mgr_score, priority_score) VALUES (2800, 2800, 91.5, 3, 3, 72.6);
INSERT INTO workflows_Sila (task_ID, request_ID, developer_ID, workflow_status, assigned_by_ID, assigned_at, resolved_at) VALUES (2800, 2800, 19, 'RESOLVED', 1, '2026-06-30 16:03:35', '2026-07-03 16:03:35');
INSERT INTO request_notes_Sila (note_ID, request_ID, content, submitter_ID, is_internal, created_at) VALUES (3569, 2800, 'Mock not eklendi. Test amacli. (Note 0)', 1, TRUE, '2026-06-30 17:03:35');
INSERT INTO request_notes_Sila (note_ID, request_ID, content, submitter_ID, is_internal, created_at) VALUES (3570, 2800, 'Mock not eklendi. Test amacli. (Note 1)', 1, FALSE, '2026-06-30 18:03:35');
INSERT INTO requests_Sila (request_ID, creator_ID, title, description, status, type, generated_id, final_priority_score, created_at) VALUES (2801, 26, 'Sayfa yuklenmiyor - Mock Dev 19 - 18', 'Sistemin genelini etkileyen bir yavaslik soz konusu.', 'COMPLETED', 'GELİŞTİRME', 'M-0801', 91.2, '2026-06-28 15:03:35');
INSERT INTO priorities_Sila (priority_ID, request_ID, company_points, product_mgr_score, software_mgr_score, priority_score) VALUES (2801, 2801, 93.0, 4, 5, 91.2);
INSERT INTO workflows_Sila (task_ID, request_ID, developer_ID, workflow_status, assigned_by_ID, assigned_at, resolved_at) VALUES (2801, 2801, 19, 'RESOLVED', 1, '2026-06-28 16:03:35', '2026-07-02 16:03:35');
INSERT INTO request_notes_Sila (note_ID, request_ID, content, submitter_ID, is_internal, created_at) VALUES (3571, 2801, 'Mock not eklendi. Test amacli. (Note 0)', 1, FALSE, '2026-06-28 17:03:35');
INSERT INTO requests_Sila (request_ID, creator_ID, title, description, status, type, generated_id, final_priority_score, created_at) VALUES (2802, 32, 'Mobil uyumluluk sorunu - Mock Dev 19 - 19', 'Test ortaminda calisiyor ama canlida hata veriyor.', 'COMPLETED', 'DİĞER', 'M-0802', 87.6, '2026-07-07 15:03:35');
INSERT INTO priorities_Sila (priority_ID, request_ID, company_points, product_mgr_score, software_mgr_score, priority_score) VALUES (2802, 2802, 99.0, 3, 5, 87.6);
INSERT INTO workflows_Sila (task_ID, request_ID, developer_ID, workflow_status, assigned_by_ID, assigned_at, resolved_at) VALUES (2802, 2802, 19, 'RESOLVED', 1, '2026-07-07 16:03:35', '2026-07-12 16:03:35');
INSERT INTO request_notes_Sila (note_ID, request_ID, content, submitter_ID, is_internal, created_at) VALUES (3572, 2802, 'Mock not eklendi. Test amacli. (Note 0)', 1, FALSE, '2026-07-07 17:03:35');
INSERT INTO request_notes_Sila (note_ID, request_ID, content, submitter_ID, is_internal, created_at) VALUES (3573, 2802, 'Mock not eklendi. Test amacli. (Note 1)', 1, FALSE, '2026-07-07 18:03:35');
INSERT INTO requests_Sila (request_ID, creator_ID, title, description, status, type, generated_id, final_priority_score, created_at) VALUES (2803, 34, 'Veri kaybi yasaniyor - Mock Dev 19 - 20', 'Dun yapilan guncellemeden sonra bozuldu.', 'COMPLETED', 'ENTEGRASYON_SIKINTILARI', 'M-0803', 93.5, '2026-07-19 15:03:35');
INSERT INTO priorities_Sila (priority_ID, request_ID, company_points, product_mgr_score, software_mgr_score, priority_score) VALUES (2803, 2803, 98.9, 5, 4, 93.5);
INSERT INTO workflows_Sila (task_ID, request_ID, developer_ID, workflow_status, assigned_by_ID, assigned_at, resolved_at) VALUES (2803, 2803, 19, 'RESOLVED', 1, '2026-07-19 16:03:35', '2026-07-21 16:03:35');
INSERT INTO request_notes_Sila (note_ID, request_ID, content, submitter_ID, is_internal, created_at) VALUES (3574, 2803, 'Mock not eklendi. Test amacli. (Note 0)', 19, TRUE, '2026-07-19 17:03:35');
INSERT INTO request_notes_Sila (note_ID, request_ID, content, submitter_ID, is_internal, created_at) VALUES (3575, 2803, 'Mock not eklendi. Test amacli. (Note 1)', 19, FALSE, '2026-07-19 18:03:35');
INSERT INTO request_notes_Sila (note_ID, request_ID, content, submitter_ID, is_internal, created_at) VALUES (3576, 2803, 'Mock not eklendi. Test amacli. (Note 2)', 19, FALSE, '2026-07-19 19:03:35');
INSERT INTO requests_Sila (request_ID, creator_ID, title, description, status, type, generated_id, final_priority_score, created_at) VALUES (2804, 31, '500 Internal Server Error - Mock Dev 19 - 21', 'Performans cok dusuk.', 'ASSIGNED', 'GELİŞTİRME', 'M-0804', 65.1, '2026-07-07 15:03:35');
INSERT INTO priorities_Sila (priority_ID, request_ID, company_points, product_mgr_score, software_mgr_score, priority_score) VALUES (2804, 2804, 72.8, 3, 3, 65.1);
INSERT INTO workflows_Sila (task_ID, request_ID, developer_ID, workflow_status, assigned_by_ID, assigned_at) VALUES (2804, 2804, 19, 'ASSIGNED', 1, '2026-07-07 16:03:35');
INSERT INTO request_notes_Sila (note_ID, request_ID, content, submitter_ID, is_internal, created_at) VALUES (3577, 2804, 'Mock not eklendi. Test amacli. (Note 0)', 19, FALSE, '2026-07-07 17:03:35');
INSERT INTO requests_Sila (request_ID, creator_ID, title, description, status, type, generated_id, final_priority_score, created_at) VALUES (2805, 29, 'Arayuzde kayma var - Mock Dev 19 - 22', 'Tasarim ekibi guncellemeyi talep etti.', 'COMPLETED', 'YENİ_ÖZELLİK_EKLEME', 'M-0805', 90.5, '2026-07-12 15:03:35');
INSERT INTO priorities_Sila (priority_ID, request_ID, company_points, product_mgr_score, software_mgr_score, priority_score) VALUES (2805, 2805, 76.1, 5, 5, 90.5);
INSERT INTO workflows_Sila (task_ID, request_ID, developer_ID, workflow_status, assigned_by_ID, assigned_at, resolved_at) VALUES (2805, 2805, 19, 'RESOLVED', 1, '2026-07-12 16:03:35', '2026-07-13 16:03:35');
INSERT INTO request_notes_Sila (note_ID, request_ID, content, submitter_ID, is_internal, created_at) VALUES (3578, 2805, 'Mock not eklendi. Test amacli. (Note 0)', 19, FALSE, '2026-07-12 17:03:35');
INSERT INTO request_notes_Sila (note_ID, request_ID, content, submitter_ID, is_internal, created_at) VALUES (3579, 2805, 'Mock not eklendi. Test amacli. (Note 1)', 19, FALSE, '2026-07-12 18:03:35');
INSERT INTO request_notes_Sila (note_ID, request_ID, content, submitter_ID, is_internal, created_at) VALUES (3580, 2805, 'Mock not eklendi. Test amacli. (Note 2)', 19, TRUE, '2026-07-12 19:03:35');
INSERT INTO requests_Sila (request_ID, creator_ID, title, description, status, type, generated_id, final_priority_score, created_at) VALUES (2806, 28, 'Yeni buton eklenmesi - Mock Dev 19 - 23', 'Test ortaminda calisiyor ama canlida hata veriyor.', 'COMPLETED', 'SİSTEM_ÇÖKÜŞÜ', 'M-0806', 85.3, '2026-06-20 15:03:35');
INSERT INTO priorities_Sila (priority_ID, request_ID, company_points, product_mgr_score, software_mgr_score, priority_score) VALUES (2806, 2806, 93.3, 3, 5, 85.3);
INSERT INTO workflows_Sila (task_ID, request_ID, developer_ID, workflow_status, assigned_by_ID, assigned_at, resolved_at) VALUES (2806, 2806, 19, 'RESOLVED', 1, '2026-06-20 16:03:35', '2026-06-25 16:03:35');
INSERT INTO request_notes_Sila (note_ID, request_ID, content, submitter_ID, is_internal, created_at) VALUES (3581, 2806, 'Mock not eklendi. Test amacli. (Note 0)', 19, TRUE, '2026-06-20 17:03:35');
INSERT INTO request_notes_Sila (note_ID, request_ID, content, submitter_ID, is_internal, created_at) VALUES (3582, 2806, 'Mock not eklendi. Test amacli. (Note 1)', 1, TRUE, '2026-06-20 18:03:35');
INSERT INTO request_notes_Sila (note_ID, request_ID, content, submitter_ID, is_internal, created_at) VALUES (3583, 2806, 'Mock not eklendi. Test amacli. (Note 2)', 1, FALSE, '2026-06-20 19:03:35');
INSERT INTO requests_Sila (request_ID, creator_ID, title, description, status, type, generated_id, final_priority_score, created_at) VALUES (2807, 31, 'Yeni buton eklenmesi - Mock Dev 19 - 24', 'Test ortaminda calisiyor ama canlida hata veriyor.', 'COMPLETED', 'BUG_DÜZELTME', 'M-0807', 84.6, '2026-07-07 15:03:35');
INSERT INTO priorities_Sila (priority_ID, request_ID, company_points, product_mgr_score, software_mgr_score, priority_score) VALUES (2807, 2807, 91.5, 5, 3, 84.6);
INSERT INTO workflows_Sila (task_ID, request_ID, developer_ID, workflow_status, assigned_by_ID, assigned_at, resolved_at) VALUES (2807, 2807, 19, 'RESOLVED', 1, '2026-07-07 16:03:35', '2026-07-09 16:03:35');
INSERT INTO request_notes_Sila (note_ID, request_ID, content, submitter_ID, is_internal, created_at) VALUES (3584, 2807, 'Mock not eklendi. Test amacli. (Note 0)', 19, TRUE, '2026-07-07 17:03:35');
INSERT INTO request_notes_Sila (note_ID, request_ID, content, submitter_ID, is_internal, created_at) VALUES (3585, 2807, 'Mock not eklendi. Test amacli. (Note 1)', 1, FALSE, '2026-07-07 18:03:35');
INSERT INTO requests_Sila (request_ID, creator_ID, title, description, status, type, generated_id, final_priority_score, created_at) VALUES (2808, 27, 'Yeni buton eklenmesi - Mock Dev 19 - 25', 'Veriler eksik geliyor, veritabani sorgusu optimize edilmeli.', 'ASSIGNED', 'SİSTEM_ÇÖKÜŞÜ', 'M-0808', 98.8, '2026-07-10 15:03:35');
INSERT INTO priorities_Sila (priority_ID, request_ID, company_points, product_mgr_score, software_mgr_score, priority_score) VALUES (2808, 2808, 96.9, 5, 5, 98.8);
INSERT INTO workflows_Sila (task_ID, request_ID, developer_ID, workflow_status, assigned_by_ID, assigned_at) VALUES (2808, 2808, 19, 'ASSIGNED', 1, '2026-07-10 16:03:35');
INSERT INTO request_notes_Sila (note_ID, request_ID, content, submitter_ID, is_internal, created_at) VALUES (3586, 2808, 'Mock not eklendi. Test amacli. (Note 0)', 1, TRUE, '2026-07-10 17:03:35');
INSERT INTO request_notes_Sila (note_ID, request_ID, content, submitter_ID, is_internal, created_at) VALUES (3587, 2808, 'Mock not eklendi. Test amacli. (Note 1)', 1, FALSE, '2026-07-10 18:03:35');
INSERT INTO requests_Sila (request_ID, creator_ID, title, description, status, type, generated_id, final_priority_score, created_at) VALUES (2809, 34, 'Kullanici girisi yavas - Mock Dev 19 - 26', 'Loglarda NullPointerException gordum, ekteki dosyaya bakiniz.', 'ASSIGNED', 'ENTEGRASYON_SIKINTILARI', 'M-0809', 64.3, '2026-07-12 15:03:35');
INSERT INTO priorities_Sila (priority_ID, request_ID, company_points, product_mgr_score, software_mgr_score, priority_score) VALUES (2809, 2809, 70.7, 3, 3, 64.3);
INSERT INTO workflows_Sila (task_ID, request_ID, developer_ID, workflow_status, assigned_by_ID, assigned_at) VALUES (2809, 2809, 19, 'ASSIGNED', 1, '2026-07-12 16:03:35');
INSERT INTO request_notes_Sila (note_ID, request_ID, content, submitter_ID, is_internal, created_at) VALUES (3588, 2809, 'Mock not eklendi. Test amacli. (Note 0)', 1, FALSE, '2026-07-12 17:03:35');
INSERT INTO requests_Sila (request_ID, creator_ID, title, description, status, type, generated_id, final_priority_score, created_at) VALUES (2810, 33, 'Sayfa yuklenmiyor - Mock Dev 19 - 27', 'Sistemin genelini etkileyen bir yavaslik soz konusu.', 'ASSIGNED', 'ENTEGRASYON_SIKINTILARI', 'M-0810', 90.3, '2026-06-21 15:03:35');
INSERT INTO priorities_Sila (priority_ID, request_ID, company_points, product_mgr_score, software_mgr_score, priority_score) VALUES (2810, 2810, 90.6, 5, 4, 90.3);
INSERT INTO workflows_Sila (task_ID, request_ID, developer_ID, workflow_status, assigned_by_ID, assigned_at) VALUES (2810, 2810, 19, 'ASSIGNED', 1, '2026-06-21 16:03:35');
INSERT INTO request_notes_Sila (note_ID, request_ID, content, submitter_ID, is_internal, created_at) VALUES (3589, 2810, 'Mock not eklendi. Test amacli. (Note 0)', 19, TRUE, '2026-06-21 17:03:35');
INSERT INTO request_notes_Sila (note_ID, request_ID, content, submitter_ID, is_internal, created_at) VALUES (3590, 2810, 'Mock not eklendi. Test amacli. (Note 1)', 1, FALSE, '2026-06-21 18:03:35');
INSERT INTO request_notes_Sila (note_ID, request_ID, content, submitter_ID, is_internal, created_at) VALUES (3591, 2810, 'Mock not eklendi. Test amacli. (Note 2)', 19, FALSE, '2026-06-21 19:03:35');
INSERT INTO requests_Sila (request_ID, creator_ID, title, description, status, type, generated_id, final_priority_score, created_at) VALUES (2811, 34, 'Kullanici girisi yavas - Mock Dev 19 - 28', 'Performans cok dusuk.', 'COMPLETED', 'ENTEGRASYON_SIKINTILARI', 'M-0811', 77.2, '2026-07-03 15:03:35');
INSERT INTO priorities_Sila (priority_ID, request_ID, company_points, product_mgr_score, software_mgr_score, priority_score) VALUES (2811, 2811, 73.1, 5, 3, 77.2);
INSERT INTO workflows_Sila (task_ID, request_ID, developer_ID, workflow_status, assigned_by_ID, assigned_at, resolved_at) VALUES (2811, 2811, 19, 'RESOLVED', 1, '2026-07-03 16:03:35', '2026-07-06 16:03:35');
INSERT INTO request_notes_Sila (note_ID, request_ID, content, submitter_ID, is_internal, created_at) VALUES (3592, 2811, 'Mock not eklendi. Test amacli. (Note 0)', 1, FALSE, '2026-07-03 17:03:35');
INSERT INTO requests_Sila (request_ID, creator_ID, title, description, status, type, generated_id, final_priority_score, created_at) VALUES (2812, 33, 'Veri kaybi yasaniyor - Mock Dev 19 - 29', 'Dun yapilan guncellemeden sonra bozuldu.', 'COMPLETED', 'VERİ_KAYBI', 'M-0812', 74.2, '2026-07-06 15:03:35');
INSERT INTO priorities_Sila (priority_ID, request_ID, company_points, product_mgr_score, software_mgr_score, priority_score) VALUES (2812, 2812, 80.4, 4, 3, 74.2);
INSERT INTO workflows_Sila (task_ID, request_ID, developer_ID, workflow_status, assigned_by_ID, assigned_at, resolved_at) VALUES (2812, 2812, 19, 'RESOLVED', 1, '2026-07-06 16:03:35', '2026-07-11 16:03:35');
INSERT INTO request_notes_Sila (note_ID, request_ID, content, submitter_ID, is_internal, created_at) VALUES (3593, 2812, 'Mock not eklendi. Test amacli. (Note 0)', 19, FALSE, '2026-07-06 17:03:35');
INSERT INTO request_notes_Sila (note_ID, request_ID, content, submitter_ID, is_internal, created_at) VALUES (3594, 2812, 'Mock not eklendi. Test amacli. (Note 1)', 19, FALSE, '2026-07-06 18:03:35');
INSERT INTO request_notes_Sila (note_ID, request_ID, content, submitter_ID, is_internal, created_at) VALUES (3595, 2812, 'Mock not eklendi. Test amacli. (Note 2)', 1, FALSE, '2026-07-06 19:03:35');
INSERT INTO requests_Sila (request_ID, creator_ID, title, description, status, type, generated_id, final_priority_score, created_at) VALUES (2813, 32, '500 Internal Server Error - Mock Dev 19 - 30', 'Musteriler bu sorundan sikayetci, acil bakilmasi gerekiyor.', 'COMPLETED', 'VERİ_KAYBI', 'M-0813', 78.6, '2026-06-20 15:03:35');
INSERT INTO priorities_Sila (priority_ID, request_ID, company_points, product_mgr_score, software_mgr_score, priority_score) VALUES (2813, 2813, 76.5, 4, 4, 78.6);
INSERT INTO workflows_Sila (task_ID, request_ID, developer_ID, workflow_status, assigned_by_ID, assigned_at, resolved_at) VALUES (2813, 2813, 19, 'RESOLVED', 1, '2026-06-20 16:03:35', '2026-06-22 16:03:35');
INSERT INTO request_notes_Sila (note_ID, request_ID, content, submitter_ID, is_internal, created_at) VALUES (3596, 2813, 'Mock not eklendi. Test amacli. (Note 0)', 19, TRUE, '2026-06-20 17:03:35');
INSERT INTO request_notes_Sila (note_ID, request_ID, content, submitter_ID, is_internal, created_at) VALUES (3597, 2813, 'Mock not eklendi. Test amacli. (Note 1)', 1, TRUE, '2026-06-20 18:03:35');
INSERT INTO requests_Sila (request_ID, creator_ID, title, description, status, type, generated_id, final_priority_score, created_at) VALUES (2814, 31, '500 Internal Server Error - Mock Dev 19 - 31', 'Loglarda NullPointerException gordum, ekteki dosyaya bakiniz.', 'ASSIGNED', 'GELİŞTİRME', 'M-0814', 77.3, '2026-07-18 15:03:35');
INSERT INTO priorities_Sila (priority_ID, request_ID, company_points, product_mgr_score, software_mgr_score, priority_score) VALUES (2814, 2814, 88.2, 3, 4, 77.3);
INSERT INTO workflows_Sila (task_ID, request_ID, developer_ID, workflow_status, assigned_by_ID, assigned_at) VALUES (2814, 2814, 19, 'ASSIGNED', 1, '2026-07-18 16:03:35');
INSERT INTO request_notes_Sila (note_ID, request_ID, content, submitter_ID, is_internal, created_at) VALUES (3598, 2814, 'Mock not eklendi. Test amacli. (Note 0)', 19, TRUE, '2026-07-18 17:03:35');
INSERT INTO request_notes_Sila (note_ID, request_ID, content, submitter_ID, is_internal, created_at) VALUES (3599, 2814, 'Mock not eklendi. Test amacli. (Note 1)', 1, TRUE, '2026-07-18 18:03:35');
INSERT INTO requests_Sila (request_ID, creator_ID, title, description, status, type, generated_id, final_priority_score, created_at) VALUES (2815, 26, 'Yeni buton eklenmesi - Mock Dev 19 - 32', 'Veriler eksik geliyor, veritabani sorgusu optimize edilmeli.', 'ASSIGNED', 'YENİ_ÖZELLİK_EKLEME', 'M-0815', 94.9, '2026-06-20 15:03:35');
INSERT INTO priorities_Sila (priority_ID, request_ID, company_points, product_mgr_score, software_mgr_score, priority_score) VALUES (2815, 2815, 87.3, 5, 5, 94.9);
INSERT INTO workflows_Sila (task_ID, request_ID, developer_ID, workflow_status, assigned_by_ID, assigned_at) VALUES (2815, 2815, 19, 'ASSIGNED', 1, '2026-06-20 16:03:35');
INSERT INTO request_notes_Sila (note_ID, request_ID, content, submitter_ID, is_internal, created_at) VALUES (3600, 2815, 'Mock not eklendi. Test amacli. (Note 0)', 19, FALSE, '2026-06-20 17:03:35');
INSERT INTO request_notes_Sila (note_ID, request_ID, content, submitter_ID, is_internal, created_at) VALUES (3601, 2815, 'Mock not eklendi. Test amacli. (Note 1)', 19, TRUE, '2026-06-20 18:03:35');
INSERT INTO requests_Sila (request_ID, creator_ID, title, description, status, type, generated_id, final_priority_score, created_at) VALUES (2816, 31, 'Arayuzde kayma var - Mock Dev 19 - 33', 'Test ortaminda calisiyor ama canlida hata veriyor.', 'COMPLETED', 'BUG_DÜZELTME', 'M-0816', 79.3, '2026-07-09 15:03:35');
INSERT INTO priorities_Sila (priority_ID, request_ID, company_points, product_mgr_score, software_mgr_score, priority_score) VALUES (2816, 2816, 93.4, 3, 4, 79.3);
INSERT INTO workflows_Sila (task_ID, request_ID, developer_ID, workflow_status, assigned_by_ID, assigned_at, resolved_at) VALUES (2816, 2816, 19, 'RESOLVED', 1, '2026-07-09 16:03:35', '2026-07-10 16:03:35');
INSERT INTO request_notes_Sila (note_ID, request_ID, content, submitter_ID, is_internal, created_at) VALUES (3602, 2816, 'Mock not eklendi. Test amacli. (Note 0)', 1, TRUE, '2026-07-09 17:03:35');
INSERT INTO request_notes_Sila (note_ID, request_ID, content, submitter_ID, is_internal, created_at) VALUES (3603, 2816, 'Mock not eklendi. Test amacli. (Note 1)', 19, TRUE, '2026-07-09 18:03:35');
INSERT INTO request_notes_Sila (note_ID, request_ID, content, submitter_ID, is_internal, created_at) VALUES (3604, 2816, 'Mock not eklendi. Test amacli. (Note 2)', 19, FALSE, '2026-07-09 19:03:35');
INSERT INTO requests_Sila (request_ID, creator_ID, title, description, status, type, generated_id, final_priority_score, created_at) VALUES (2817, 35, 'Yeni buton eklenmesi - Mock Dev 19 - 34', 'Performans cok dusuk.', 'ASSIGNED', 'GELİŞTİRME', 'M-0817', 79.3, '2026-07-02 15:03:35');
INSERT INTO priorities_Sila (priority_ID, request_ID, company_points, product_mgr_score, software_mgr_score, priority_score) VALUES (2817, 2817, 78.3, 4, 4, 79.3);
INSERT INTO workflows_Sila (task_ID, request_ID, developer_ID, workflow_status, assigned_by_ID, assigned_at) VALUES (2817, 2817, 19, 'ASSIGNED', 1, '2026-07-02 16:03:35');
INSERT INTO request_notes_Sila (note_ID, request_ID, content, submitter_ID, is_internal, created_at) VALUES (3605, 2817, 'Mock not eklendi. Test amacli. (Note 0)', 19, FALSE, '2026-07-02 17:03:35');
INSERT INTO requests_Sila (request_ID, creator_ID, title, description, status, type, generated_id, final_priority_score, created_at) VALUES (2818, 30, 'Sayfa yuklenmiyor - Mock Dev 19 - 35', 'Performans cok dusuk.', 'ASSIGNED', 'BUG_DÜZELTME', 'M-0818', 88.5, '2026-06-23 15:03:35');
INSERT INTO priorities_Sila (priority_ID, request_ID, company_points, product_mgr_score, software_mgr_score, priority_score) VALUES (2818, 2818, 71.1, 5, 5, 88.5);
INSERT INTO workflows_Sila (task_ID, request_ID, developer_ID, workflow_status, assigned_by_ID, assigned_at) VALUES (2818, 2818, 19, 'ASSIGNED', 1, '2026-06-23 16:03:35');
INSERT INTO request_notes_Sila (note_ID, request_ID, content, submitter_ID, is_internal, created_at) VALUES (3606, 2818, 'Mock not eklendi. Test amacli. (Note 0)', 1, FALSE, '2026-06-23 17:03:35');
INSERT INTO request_notes_Sila (note_ID, request_ID, content, submitter_ID, is_internal, created_at) VALUES (3607, 2818, 'Mock not eklendi. Test amacli. (Note 1)', 19, TRUE, '2026-06-23 18:03:35');
INSERT INTO requests_Sila (request_ID, creator_ID, title, description, status, type, generated_id, final_priority_score, created_at) VALUES (2819, 33, 'Sifre sifirlama maili gelmiyor - Mock Dev 19 - 36', 'Tasarim ekibi guncellemeyi talep etti.', 'ASSIGNED', 'YENİ_ÖZELLİK_EKLEME', 'M-0819', 92.7, '2026-06-22 15:03:35');
INSERT INTO priorities_Sila (priority_ID, request_ID, company_points, product_mgr_score, software_mgr_score, priority_score) VALUES (2819, 2819, 96.8, 5, 4, 92.7);
INSERT INTO workflows_Sila (task_ID, request_ID, developer_ID, workflow_status, assigned_by_ID, assigned_at) VALUES (2819, 2819, 19, 'ASSIGNED', 1, '2026-06-22 16:03:35');
INSERT INTO request_notes_Sila (note_ID, request_ID, content, submitter_ID, is_internal, created_at) VALUES (3608, 2819, 'Mock not eklendi. Test amacli. (Note 0)', 1, FALSE, '2026-06-22 17:03:35');
INSERT INTO requests_Sila (request_ID, creator_ID, title, description, status, type, generated_id, final_priority_score, created_at) VALUES (2820, 28, 'Raporlama modulu calismiyor - Mock Dev 19 - 37', 'Musteriler bu sorundan sikayetci, acil bakilmasi gerekiyor.', 'ASSIGNED', 'VERİ_KAYBI', 'M-0820', 93.2, '2026-06-24 15:03:35');
INSERT INTO priorities_Sila (priority_ID, request_ID, company_points, product_mgr_score, software_mgr_score, priority_score) VALUES (2820, 2820, 98.1, 5, 4, 93.2);
INSERT INTO workflows_Sila (task_ID, request_ID, developer_ID, workflow_status, assigned_by_ID, assigned_at) VALUES (2820, 2820, 19, 'ASSIGNED', 1, '2026-06-24 16:03:35');
INSERT INTO request_notes_Sila (note_ID, request_ID, content, submitter_ID, is_internal, created_at) VALUES (3609, 2820, 'Mock not eklendi. Test amacli. (Note 0)', 1, TRUE, '2026-06-24 17:03:35');
INSERT INTO request_notes_Sila (note_ID, request_ID, content, submitter_ID, is_internal, created_at) VALUES (3610, 2820, 'Mock not eklendi. Test amacli. (Note 1)', 1, FALSE, '2026-06-24 18:03:35');
INSERT INTO request_notes_Sila (note_ID, request_ID, content, submitter_ID, is_internal, created_at) VALUES (3611, 2820, 'Mock not eklendi. Test amacli. (Note 2)', 19, TRUE, '2026-06-24 19:03:35');
INSERT INTO requests_Sila (request_ID, creator_ID, title, description, status, type, generated_id, final_priority_score, created_at) VALUES (2821, 30, 'Yeni buton eklenmesi - Mock Dev 19 - 38', 'Test ortaminda calisiyor ama canlida hata veriyor.', 'ASSIGNED', 'VERİ_KAYBI', 'M-0821', 76.1, '2026-07-01 15:03:35');
INSERT INTO priorities_Sila (priority_ID, request_ID, company_points, product_mgr_score, software_mgr_score, priority_score) VALUES (2821, 2821, 70.2, 4, 4, 76.1);
INSERT INTO workflows_Sila (task_ID, request_ID, developer_ID, workflow_status, assigned_by_ID, assigned_at) VALUES (2821, 2821, 19, 'ASSIGNED', 1, '2026-07-01 16:03:35');
INSERT INTO request_notes_Sila (note_ID, request_ID, content, submitter_ID, is_internal, created_at) VALUES (3612, 2821, 'Mock not eklendi. Test amacli. (Note 0)', 19, FALSE, '2026-07-01 17:03:35');
INSERT INTO request_notes_Sila (note_ID, request_ID, content, submitter_ID, is_internal, created_at) VALUES (3613, 2821, 'Mock not eklendi. Test amacli. (Note 1)', 1, TRUE, '2026-07-01 18:03:35');
INSERT INTO request_notes_Sila (note_ID, request_ID, content, submitter_ID, is_internal, created_at) VALUES (3614, 2821, 'Mock not eklendi. Test amacli. (Note 2)', 1, TRUE, '2026-07-01 19:03:35');
INSERT INTO requests_Sila (request_ID, creator_ID, title, description, status, type, generated_id, final_priority_score, created_at) VALUES (2822, 32, '500 Internal Server Error - Mock Dev 19 - 39', 'Veriler eksik geliyor, veritabani sorgusu optimize edilmeli.', 'ASSIGNED', 'BUG_DÜZELTME', 'M-0822', 81.7, '2026-07-14 15:03:35');
INSERT INTO priorities_Sila (priority_ID, request_ID, company_points, product_mgr_score, software_mgr_score, priority_score) VALUES (2822, 2822, 84.1, 3, 5, 81.7);
INSERT INTO workflows_Sila (task_ID, request_ID, developer_ID, workflow_status, assigned_by_ID, assigned_at) VALUES (2822, 2822, 19, 'ASSIGNED', 1, '2026-07-14 16:03:35');
INSERT INTO request_notes_Sila (note_ID, request_ID, content, submitter_ID, is_internal, created_at) VALUES (3615, 2822, 'Mock not eklendi. Test amacli. (Note 0)', 1, FALSE, '2026-07-14 17:03:35');
INSERT INTO request_notes_Sila (note_ID, request_ID, content, submitter_ID, is_internal, created_at) VALUES (3616, 2822, 'Mock not eklendi. Test amacli. (Note 1)', 19, TRUE, '2026-07-14 18:03:35');
INSERT INTO request_notes_Sila (note_ID, request_ID, content, submitter_ID, is_internal, created_at) VALUES (3617, 2822, 'Mock not eklendi. Test amacli. (Note 2)', 1, TRUE, '2026-07-14 19:03:35');
INSERT INTO requests_Sila (request_ID, creator_ID, title, description, status, type, generated_id, final_priority_score, created_at) VALUES (2823, 35, 'Raporlama modulu calismiyor - Mock Dev 19 - 40', 'Tasarim ekibi guncellemeyi talep etti.', 'COMPLETED', 'BUG_DÜZELTME', 'M-0823', 82.1, '2026-07-05 15:03:35');
INSERT INTO priorities_Sila (priority_ID, request_ID, company_points, product_mgr_score, software_mgr_score, priority_score) VALUES (2823, 2823, 85.2, 5, 3, 82.1);
INSERT INTO workflows_Sila (task_ID, request_ID, developer_ID, workflow_status, assigned_by_ID, assigned_at, resolved_at) VALUES (2823, 2823, 19, 'RESOLVED', 1, '2026-07-05 16:03:35', '2026-07-06 16:03:35');
INSERT INTO request_notes_Sila (note_ID, request_ID, content, submitter_ID, is_internal, created_at) VALUES (3618, 2823, 'Mock not eklendi. Test amacli. (Note 0)', 19, FALSE, '2026-07-05 17:03:35');
INSERT INTO request_notes_Sila (note_ID, request_ID, content, submitter_ID, is_internal, created_at) VALUES (3619, 2823, 'Mock not eklendi. Test amacli. (Note 1)', 19, FALSE, '2026-07-05 18:03:35');
INSERT INTO request_notes_Sila (note_ID, request_ID, content, submitter_ID, is_internal, created_at) VALUES (3620, 2823, 'Mock not eklendi. Test amacli. (Note 2)', 19, FALSE, '2026-07-05 19:03:35');
INSERT INTO requests_Sila (request_ID, creator_ID, title, description, status, type, generated_id, final_priority_score, created_at) VALUES (2824, 26, 'Yeni buton eklenmesi - Mock Dev 19 - 41', 'Loglarda NullPointerException gordum, ekteki dosyaya bakiniz.', 'COMPLETED', 'GELİŞTİRME', 'M-0824', 77.5, '2026-06-30 15:03:35');
INSERT INTO priorities_Sila (priority_ID, request_ID, company_points, product_mgr_score, software_mgr_score, priority_score) VALUES (2824, 2824, 88.7, 3, 4, 77.5);
INSERT INTO workflows_Sila (task_ID, request_ID, developer_ID, workflow_status, assigned_by_ID, assigned_at, resolved_at) VALUES (2824, 2824, 19, 'RESOLVED', 1, '2026-06-30 16:03:35', '2026-07-04 16:03:35');
INSERT INTO request_notes_Sila (note_ID, request_ID, content, submitter_ID, is_internal, created_at) VALUES (3621, 2824, 'Mock not eklendi. Test amacli. (Note 0)', 1, FALSE, '2026-06-30 17:03:35');
INSERT INTO request_notes_Sila (note_ID, request_ID, content, submitter_ID, is_internal, created_at) VALUES (3622, 2824, 'Mock not eklendi. Test amacli. (Note 1)', 1, TRUE, '2026-06-30 18:03:35');
INSERT INTO request_notes_Sila (note_ID, request_ID, content, submitter_ID, is_internal, created_at) VALUES (3623, 2824, 'Mock not eklendi. Test amacli. (Note 2)', 19, FALSE, '2026-06-30 19:03:35');
INSERT INTO requests_Sila (request_ID, creator_ID, title, description, status, type, generated_id, final_priority_score, created_at) VALUES (2825, 34, 'Arayuzde kayma var - Mock Dev 19 - 42', 'Performans cok dusuk.', 'ASSIGNED', 'ENTEGRASYON_SIKINTILARI', 'M-0825', 86.9, '2026-06-24 15:03:35');
INSERT INTO priorities_Sila (priority_ID, request_ID, company_points, product_mgr_score, software_mgr_score, priority_score) VALUES (2825, 2825, 82.2, 4, 5, 86.9);
INSERT INTO workflows_Sila (task_ID, request_ID, developer_ID, workflow_status, assigned_by_ID, assigned_at) VALUES (2825, 2825, 19, 'ASSIGNED', 1, '2026-06-24 16:03:35');
INSERT INTO request_notes_Sila (note_ID, request_ID, content, submitter_ID, is_internal, created_at) VALUES (3624, 2825, 'Mock not eklendi. Test amacli. (Note 0)', 1, FALSE, '2026-06-24 17:03:35');
INSERT INTO requests_Sila (request_ID, creator_ID, title, description, status, type, generated_id, final_priority_score, created_at) VALUES (2826, 29, 'Sayfa yuklenmiyor - Mock Dev 19 - 43', 'Performans cok dusuk.', 'COMPLETED', 'GELİŞTİRME', 'M-0826', 72.4, '2026-07-13 15:03:35');
INSERT INTO priorities_Sila (priority_ID, request_ID, company_points, product_mgr_score, software_mgr_score, priority_score) VALUES (2826, 2826, 75.9, 4, 3, 72.4);
INSERT INTO workflows_Sila (task_ID, request_ID, developer_ID, workflow_status, assigned_by_ID, assigned_at, resolved_at) VALUES (2826, 2826, 19, 'RESOLVED', 1, '2026-07-13 16:03:35', '2026-07-18 16:03:35');
INSERT INTO request_notes_Sila (note_ID, request_ID, content, submitter_ID, is_internal, created_at) VALUES (3625, 2826, 'Mock not eklendi. Test amacli. (Note 0)', 1, TRUE, '2026-07-13 17:03:35');
INSERT INTO request_notes_Sila (note_ID, request_ID, content, submitter_ID, is_internal, created_at) VALUES (3626, 2826, 'Mock not eklendi. Test amacli. (Note 1)', 1, FALSE, '2026-07-13 18:03:35');
INSERT INTO request_notes_Sila (note_ID, request_ID, content, submitter_ID, is_internal, created_at) VALUES (3627, 2826, 'Mock not eklendi. Test amacli. (Note 2)', 19, FALSE, '2026-07-13 19:03:35');
INSERT INTO requests_Sila (request_ID, creator_ID, title, description, status, type, generated_id, final_priority_score, created_at) VALUES (2827, 28, 'Veri kaybi yasaniyor - Mock Dev 19 - 44', 'Performans cok dusuk.', 'COMPLETED', 'VERİ_KAYBI', 'M-0827', 84.5, '2026-07-19 15:03:35');
INSERT INTO priorities_Sila (priority_ID, request_ID, company_points, product_mgr_score, software_mgr_score, priority_score) VALUES (2827, 2827, 91.3, 5, 3, 84.5);
INSERT INTO workflows_Sila (task_ID, request_ID, developer_ID, workflow_status, assigned_by_ID, assigned_at, resolved_at) VALUES (2827, 2827, 19, 'RESOLVED', 1, '2026-07-19 16:03:35', '2026-07-20 16:03:35');
INSERT INTO request_notes_Sila (note_ID, request_ID, content, submitter_ID, is_internal, created_at) VALUES (3628, 2827, 'Mock not eklendi. Test amacli. (Note 0)', 19, TRUE, '2026-07-19 17:03:35');
INSERT INTO request_notes_Sila (note_ID, request_ID, content, submitter_ID, is_internal, created_at) VALUES (3629, 2827, 'Mock not eklendi. Test amacli. (Note 1)', 19, TRUE, '2026-07-19 18:03:35');
INSERT INTO requests_Sila (request_ID, creator_ID, title, description, status, type, generated_id, final_priority_score, created_at) VALUES (2828, 35, 'Mobil uyumluluk sorunu - Mock Dev 20 - 0', 'Dun yapilan guncellemeden sonra bozuldu.', 'ASSIGNED', 'ENTEGRASYON_SIKINTILARI', 'M-0828', 97.2, '2026-07-16 15:03:35');
INSERT INTO priorities_Sila (priority_ID, request_ID, company_points, product_mgr_score, software_mgr_score, priority_score) VALUES (2828, 2828, 93.0, 5, 5, 97.2);
INSERT INTO workflows_Sila (task_ID, request_ID, developer_ID, workflow_status, assigned_by_ID, assigned_at) VALUES (2828, 2828, 20, 'ASSIGNED', 1, '2026-07-16 16:03:35');
INSERT INTO request_notes_Sila (note_ID, request_ID, content, submitter_ID, is_internal, created_at) VALUES (3630, 2828, 'Mock not eklendi. Test amacli. (Note 0)', 20, FALSE, '2026-07-16 17:03:35');
INSERT INTO requests_Sila (request_ID, creator_ID, title, description, status, type, generated_id, final_priority_score, created_at) VALUES (2829, 29, 'Veri kaybi yasaniyor - Mock Dev 20 - 1', 'Veriler eksik geliyor, veritabani sorgusu optimize edilmeli.', 'COMPLETED', 'DİĞER', 'M-0829', 82.0, '2026-06-29 15:03:35');
INSERT INTO priorities_Sila (priority_ID, request_ID, company_points, product_mgr_score, software_mgr_score, priority_score) VALUES (2829, 2829, 99.9, 3, 4, 82.0);
INSERT INTO workflows_Sila (task_ID, request_ID, developer_ID, workflow_status, assigned_by_ID, assigned_at, resolved_at) VALUES (2829, 2829, 20, 'RESOLVED', 1, '2026-06-29 16:03:35', '2026-06-30 16:03:35');
INSERT INTO request_notes_Sila (note_ID, request_ID, content, submitter_ID, is_internal, created_at) VALUES (3631, 2829, 'Mock not eklendi. Test amacli. (Note 0)', 1, FALSE, '2026-06-29 17:03:35');
INSERT INTO request_notes_Sila (note_ID, request_ID, content, submitter_ID, is_internal, created_at) VALUES (3632, 2829, 'Mock not eklendi. Test amacli. (Note 1)', 20, TRUE, '2026-06-29 18:03:35');
INSERT INTO request_notes_Sila (note_ID, request_ID, content, submitter_ID, is_internal, created_at) VALUES (3633, 2829, 'Mock not eklendi. Test amacli. (Note 2)', 1, FALSE, '2026-06-29 19:03:35');
INSERT INTO requests_Sila (request_ID, creator_ID, title, description, status, type, generated_id, final_priority_score, created_at) VALUES (2830, 34, 'Sayfa yuklenmiyor - Mock Dev 20 - 2', 'Veriler eksik geliyor, veritabani sorgusu optimize edilmeli.', 'ASSIGNED', 'SİSTEM_ÇÖKÜŞÜ', 'M-0830', 85.9, '2026-07-03 15:03:35');
INSERT INTO priorities_Sila (priority_ID, request_ID, company_points, product_mgr_score, software_mgr_score, priority_score) VALUES (2830, 2830, 79.8, 5, 4, 85.9);
INSERT INTO workflows_Sila (task_ID, request_ID, developer_ID, workflow_status, assigned_by_ID, assigned_at) VALUES (2830, 2830, 20, 'ASSIGNED', 1, '2026-07-03 16:03:35');
INSERT INTO request_notes_Sila (note_ID, request_ID, content, submitter_ID, is_internal, created_at) VALUES (3634, 2830, 'Mock not eklendi. Test amacli. (Note 0)', 1, FALSE, '2026-07-03 17:03:35');
INSERT INTO request_notes_Sila (note_ID, request_ID, content, submitter_ID, is_internal, created_at) VALUES (3635, 2830, 'Mock not eklendi. Test amacli. (Note 1)', 1, TRUE, '2026-07-03 18:03:35');
INSERT INTO request_notes_Sila (note_ID, request_ID, content, submitter_ID, is_internal, created_at) VALUES (3636, 2830, 'Mock not eklendi. Test amacli. (Note 2)', 1, FALSE, '2026-07-03 19:03:35');
INSERT INTO requests_Sila (request_ID, creator_ID, title, description, status, type, generated_id, final_priority_score, created_at) VALUES (2831, 30, 'Sayfa yuklenmiyor - Mock Dev 20 - 3', 'Loglarda NullPointerException gordum, ekteki dosyaya bakiniz.', 'ASSIGNED', 'DİĞER', 'M-0831', 85.3, '2026-06-30 15:03:35');
INSERT INTO priorities_Sila (priority_ID, request_ID, company_points, product_mgr_score, software_mgr_score, priority_score) VALUES (2831, 2831, 93.4, 3, 5, 85.3);
INSERT INTO workflows_Sila (task_ID, request_ID, developer_ID, workflow_status, assigned_by_ID, assigned_at) VALUES (2831, 2831, 20, 'ASSIGNED', 1, '2026-06-30 16:03:35');
INSERT INTO request_notes_Sila (note_ID, request_ID, content, submitter_ID, is_internal, created_at) VALUES (3637, 2831, 'Mock not eklendi. Test amacli. (Note 0)', 20, FALSE, '2026-06-30 17:03:35');
INSERT INTO request_notes_Sila (note_ID, request_ID, content, submitter_ID, is_internal, created_at) VALUES (3638, 2831, 'Mock not eklendi. Test amacli. (Note 1)', 20, TRUE, '2026-06-30 18:03:35');
INSERT INTO requests_Sila (request_ID, creator_ID, title, description, status, type, generated_id, final_priority_score, created_at) VALUES (2832, 33, 'Veritabani baglanti hatasi - Mock Dev 20 - 4', 'Performans cok dusuk.', 'ASSIGNED', 'GELİŞTİRME', 'M-0832', 88.8, '2026-07-11 15:03:35');
INSERT INTO priorities_Sila (priority_ID, request_ID, company_points, product_mgr_score, software_mgr_score, priority_score) VALUES (2832, 2832, 86.9, 5, 4, 88.8);
INSERT INTO workflows_Sila (task_ID, request_ID, developer_ID, workflow_status, assigned_by_ID, assigned_at) VALUES (2832, 2832, 20, 'ASSIGNED', 1, '2026-07-11 16:03:35');
INSERT INTO request_notes_Sila (note_ID, request_ID, content, submitter_ID, is_internal, created_at) VALUES (3639, 2832, 'Mock not eklendi. Test amacli. (Note 0)', 20, TRUE, '2026-07-11 17:03:35');
INSERT INTO requests_Sila (request_ID, creator_ID, title, description, status, type, generated_id, final_priority_score, created_at) VALUES (2833, 34, 'Kullanici girisi yavas - Mock Dev 20 - 5', 'Veriler eksik geliyor, veritabani sorgusu optimize edilmeli.', 'ASSIGNED', 'ENTEGRASYON_SIKINTILARI', 'M-0833', 85.8, '2026-07-03 15:03:35');
INSERT INTO priorities_Sila (priority_ID, request_ID, company_points, product_mgr_score, software_mgr_score, priority_score) VALUES (2833, 2833, 94.6, 3, 5, 85.8);
INSERT INTO workflows_Sila (task_ID, request_ID, developer_ID, workflow_status, assigned_by_ID, assigned_at) VALUES (2833, 2833, 20, 'ASSIGNED', 1, '2026-07-03 16:03:35');
INSERT INTO request_notes_Sila (note_ID, request_ID, content, submitter_ID, is_internal, created_at) VALUES (3640, 2833, 'Mock not eklendi. Test amacli. (Note 0)', 1, TRUE, '2026-07-03 17:03:35');
INSERT INTO requests_Sila (request_ID, creator_ID, title, description, status, type, generated_id, final_priority_score, created_at) VALUES (2834, 31, 'Sayfa yuklenmiyor - Mock Dev 20 - 6', 'Sistemin genelini etkileyen bir yavaslik soz konusu.', 'ASSIGNED', 'DİĞER', 'M-0834', 87.6, '2026-07-06 15:03:35');
INSERT INTO priorities_Sila (priority_ID, request_ID, company_points, product_mgr_score, software_mgr_score, priority_score) VALUES (2834, 2834, 99.1, 4, 4, 87.6);
INSERT INTO workflows_Sila (task_ID, request_ID, developer_ID, workflow_status, assigned_by_ID, assigned_at) VALUES (2834, 2834, 20, 'ASSIGNED', 1, '2026-07-06 16:03:35');
INSERT INTO request_notes_Sila (note_ID, request_ID, content, submitter_ID, is_internal, created_at) VALUES (3641, 2834, 'Mock not eklendi. Test amacli. (Note 0)', 1, FALSE, '2026-07-06 17:03:35');
INSERT INTO requests_Sila (request_ID, creator_ID, title, description, status, type, generated_id, final_priority_score, created_at) VALUES (2835, 35, 'Yeni buton eklenmesi - Mock Dev 20 - 7', 'Test ortaminda calisiyor ama canlida hata veriyor.', 'COMPLETED', 'BUG_DÜZELTME', 'M-0835', 87.1, '2026-07-18 15:03:35');
INSERT INTO priorities_Sila (priority_ID, request_ID, company_points, product_mgr_score, software_mgr_score, priority_score) VALUES (2835, 2835, 97.9, 3, 5, 87.1);
INSERT INTO workflows_Sila (task_ID, request_ID, developer_ID, workflow_status, assigned_by_ID, assigned_at, resolved_at) VALUES (2835, 2835, 20, 'RESOLVED', 1, '2026-07-18 16:03:35', '2026-07-19 16:03:35');
INSERT INTO request_notes_Sila (note_ID, request_ID, content, submitter_ID, is_internal, created_at) VALUES (3642, 2835, 'Mock not eklendi. Test amacli. (Note 0)', 1, FALSE, '2026-07-18 17:03:35');
INSERT INTO requests_Sila (request_ID, creator_ID, title, description, status, type, generated_id, final_priority_score, created_at) VALUES (2836, 34, 'Sifre sifirlama maili gelmiyor - Mock Dev 20 - 8', 'Loglarda NullPointerException gordum, ekteki dosyaya bakiniz.', 'COMPLETED', 'GELİŞTİRME', 'M-0836', 86.9, '2026-06-21 15:03:35');
INSERT INTO priorities_Sila (priority_ID, request_ID, company_points, product_mgr_score, software_mgr_score, priority_score) VALUES (2836, 2836, 97.3, 5, 3, 86.9);
INSERT INTO workflows_Sila (task_ID, request_ID, developer_ID, workflow_status, assigned_by_ID, assigned_at, resolved_at) VALUES (2836, 2836, 20, 'RESOLVED', 1, '2026-06-21 16:03:35', '2026-06-25 16:03:35');
INSERT INTO request_notes_Sila (note_ID, request_ID, content, submitter_ID, is_internal, created_at) VALUES (3643, 2836, 'Mock not eklendi. Test amacli. (Note 0)', 1, FALSE, '2026-06-21 17:03:35');
INSERT INTO request_notes_Sila (note_ID, request_ID, content, submitter_ID, is_internal, created_at) VALUES (3644, 2836, 'Mock not eklendi. Test amacli. (Note 1)', 1, FALSE, '2026-06-21 18:03:35');
INSERT INTO requests_Sila (request_ID, creator_ID, title, description, status, type, generated_id, final_priority_score, created_at) VALUES (2837, 26, 'Arayuzde kayma var - Mock Dev 20 - 9', 'Performans cok dusuk.', 'ASSIGNED', 'VERİ_KAYBI', 'M-0837', 70.1, '2026-07-17 15:03:35');
INSERT INTO priorities_Sila (priority_ID, request_ID, company_points, product_mgr_score, software_mgr_score, priority_score) VALUES (2837, 2837, 70.2, 3, 4, 70.1);
INSERT INTO workflows_Sila (task_ID, request_ID, developer_ID, workflow_status, assigned_by_ID, assigned_at) VALUES (2837, 2837, 20, 'ASSIGNED', 1, '2026-07-17 16:03:35');
INSERT INTO request_notes_Sila (note_ID, request_ID, content, submitter_ID, is_internal, created_at) VALUES (3645, 2837, 'Mock not eklendi. Test amacli. (Note 0)', 1, FALSE, '2026-07-17 17:03:35');
INSERT INTO request_notes_Sila (note_ID, request_ID, content, submitter_ID, is_internal, created_at) VALUES (3646, 2837, 'Mock not eklendi. Test amacli. (Note 1)', 1, TRUE, '2026-07-17 18:03:35');
INSERT INTO requests_Sila (request_ID, creator_ID, title, description, status, type, generated_id, final_priority_score, created_at) VALUES (2838, 26, 'Kullanici girisi yavas - Mock Dev 20 - 10', 'Tasarim ekibi guncellemeyi talep etti.', 'ASSIGNED', 'YENİ_ÖZELLİK_EKLEME', 'M-0838', 93.9, '2026-07-19 15:03:35');
INSERT INTO priorities_Sila (priority_ID, request_ID, company_points, product_mgr_score, software_mgr_score, priority_score) VALUES (2838, 2838, 84.8, 5, 5, 93.9);
INSERT INTO workflows_Sila (task_ID, request_ID, developer_ID, workflow_status, assigned_by_ID, assigned_at) VALUES (2838, 2838, 20, 'ASSIGNED', 1, '2026-07-19 16:03:35');
INSERT INTO request_notes_Sila (note_ID, request_ID, content, submitter_ID, is_internal, created_at) VALUES (3647, 2838, 'Mock not eklendi. Test amacli. (Note 0)', 1, TRUE, '2026-07-19 17:03:35');
INSERT INTO request_notes_Sila (note_ID, request_ID, content, submitter_ID, is_internal, created_at) VALUES (3648, 2838, 'Mock not eklendi. Test amacli. (Note 1)', 1, FALSE, '2026-07-19 18:03:35');
INSERT INTO requests_Sila (request_ID, creator_ID, title, description, status, type, generated_id, final_priority_score, created_at) VALUES (2839, 31, 'Sayfa yuklenmiyor - Mock Dev 20 - 11', 'Sistemin genelini etkileyen bir yavaslik soz konusu.', 'ASSIGNED', 'VERİ_KAYBI', 'M-0839', 80.4, '2026-07-10 15:03:35');
INSERT INTO priorities_Sila (priority_ID, request_ID, company_points, product_mgr_score, software_mgr_score, priority_score) VALUES (2839, 2839, 96.1, 4, 3, 80.4);
INSERT INTO workflows_Sila (task_ID, request_ID, developer_ID, workflow_status, assigned_by_ID, assigned_at) VALUES (2839, 2839, 20, 'ASSIGNED', 1, '2026-07-10 16:03:35');
INSERT INTO request_notes_Sila (note_ID, request_ID, content, submitter_ID, is_internal, created_at) VALUES (3649, 2839, 'Mock not eklendi. Test amacli. (Note 0)', 1, FALSE, '2026-07-10 17:03:35');
INSERT INTO request_notes_Sila (note_ID, request_ID, content, submitter_ID, is_internal, created_at) VALUES (3650, 2839, 'Mock not eklendi. Test amacli. (Note 1)', 20, FALSE, '2026-07-10 18:03:35');
INSERT INTO request_notes_Sila (note_ID, request_ID, content, submitter_ID, is_internal, created_at) VALUES (3651, 2839, 'Mock not eklendi. Test amacli. (Note 2)', 20, TRUE, '2026-07-10 19:03:35');
INSERT INTO requests_Sila (request_ID, creator_ID, title, description, status, type, generated_id, final_priority_score, created_at) VALUES (2840, 33, 'Raporlama modulu calismiyor - Mock Dev 20 - 12', 'Loglarda NullPointerException gordum, ekteki dosyaya bakiniz.', 'COMPLETED', 'ENTEGRASYON_SIKINTILARI', 'M-0840', 82.6, '2026-07-17 15:03:35');
INSERT INTO priorities_Sila (priority_ID, request_ID, company_points, product_mgr_score, software_mgr_score, priority_score) VALUES (2840, 2840, 86.5, 3, 5, 82.6);
INSERT INTO workflows_Sila (task_ID, request_ID, developer_ID, workflow_status, assigned_by_ID, assigned_at, resolved_at) VALUES (2840, 2840, 20, 'RESOLVED', 1, '2026-07-17 16:03:35', '2026-07-19 16:03:35');
INSERT INTO request_notes_Sila (note_ID, request_ID, content, submitter_ID, is_internal, created_at) VALUES (3652, 2840, 'Mock not eklendi. Test amacli. (Note 0)', 20, TRUE, '2026-07-17 17:03:35');
INSERT INTO request_notes_Sila (note_ID, request_ID, content, submitter_ID, is_internal, created_at) VALUES (3653, 2840, 'Mock not eklendi. Test amacli. (Note 1)', 20, FALSE, '2026-07-17 18:03:35');
INSERT INTO requests_Sila (request_ID, creator_ID, title, description, status, type, generated_id, final_priority_score, created_at) VALUES (2841, 31, '500 Internal Server Error - Mock Dev 20 - 13', 'Sistemin genelini etkileyen bir yavaslik soz konusu.', 'COMPLETED', 'BUG_DÜZELTME', 'M-0841', 94.4, '2026-07-06 15:03:35');
INSERT INTO priorities_Sila (priority_ID, request_ID, company_points, product_mgr_score, software_mgr_score, priority_score) VALUES (2841, 2841, 85.9, 5, 5, 94.4);
INSERT INTO workflows_Sila (task_ID, request_ID, developer_ID, workflow_status, assigned_by_ID, assigned_at, resolved_at) VALUES (2841, 2841, 20, 'RESOLVED', 1, '2026-07-06 16:03:35', '2026-07-10 16:03:35');
INSERT INTO request_notes_Sila (note_ID, request_ID, content, submitter_ID, is_internal, created_at) VALUES (3654, 2841, 'Mock not eklendi. Test amacli. (Note 0)', 20, TRUE, '2026-07-06 17:03:35');
INSERT INTO requests_Sila (request_ID, creator_ID, title, description, status, type, generated_id, final_priority_score, created_at) VALUES (2842, 31, 'Arayuzde kayma var - Mock Dev 20 - 14', 'Veriler eksik geliyor, veritabani sorgusu optimize edilmeli.', 'COMPLETED', 'YENİ_ÖZELLİK_EKLEME', 'M-0842', 93.6, '2026-07-17 15:03:35');
INSERT INTO priorities_Sila (priority_ID, request_ID, company_points, product_mgr_score, software_mgr_score, priority_score) VALUES (2842, 2842, 83.9, 5, 5, 93.6);
INSERT INTO workflows_Sila (task_ID, request_ID, developer_ID, workflow_status, assigned_by_ID, assigned_at, resolved_at) VALUES (2842, 2842, 20, 'RESOLVED', 1, '2026-07-17 16:03:35', '2026-07-22 16:03:35');
INSERT INTO request_notes_Sila (note_ID, request_ID, content, submitter_ID, is_internal, created_at) VALUES (3655, 2842, 'Mock not eklendi. Test amacli. (Note 0)', 20, FALSE, '2026-07-17 17:03:35');
INSERT INTO requests_Sila (request_ID, creator_ID, title, description, status, type, generated_id, final_priority_score, created_at) VALUES (2843, 32, 'Veri kaybi yasaniyor - Mock Dev 20 - 15', 'Dun yapilan guncellemeden sonra bozuldu.', 'COMPLETED', 'BUG_DÜZELTME', 'M-0843', 78.3, '2026-06-29 15:03:35');
INSERT INTO priorities_Sila (priority_ID, request_ID, company_points, product_mgr_score, software_mgr_score, priority_score) VALUES (2843, 2843, 90.8, 4, 3, 78.3);
INSERT INTO workflows_Sila (task_ID, request_ID, developer_ID, workflow_status, assigned_by_ID, assigned_at, resolved_at) VALUES (2843, 2843, 20, 'RESOLVED', 1, '2026-06-29 16:03:35', '2026-07-03 16:03:35');
INSERT INTO request_notes_Sila (note_ID, request_ID, content, submitter_ID, is_internal, created_at) VALUES (3656, 2843, 'Mock not eklendi. Test amacli. (Note 0)', 1, TRUE, '2026-06-29 17:03:35');
INSERT INTO request_notes_Sila (note_ID, request_ID, content, submitter_ID, is_internal, created_at) VALUES (3657, 2843, 'Mock not eklendi. Test amacli. (Note 1)', 20, TRUE, '2026-06-29 18:03:35');
INSERT INTO requests_Sila (request_ID, creator_ID, title, description, status, type, generated_id, final_priority_score, created_at) VALUES (2844, 26, 'Veri kaybi yasaniyor - Mock Dev 20 - 16', 'Veriler eksik geliyor, veritabani sorgusu optimize edilmeli.', 'COMPLETED', 'SİSTEM_ÇÖKÜŞÜ', 'M-0844', 91.3, '2026-06-25 15:03:35');
INSERT INTO priorities_Sila (priority_ID, request_ID, company_points, product_mgr_score, software_mgr_score, priority_score) VALUES (2844, 2844, 78.3, 5, 5, 91.3);
INSERT INTO workflows_Sila (task_ID, request_ID, developer_ID, workflow_status, assigned_by_ID, assigned_at, resolved_at) VALUES (2844, 2844, 20, 'RESOLVED', 1, '2026-06-25 16:03:35', '2026-06-28 16:03:35');
INSERT INTO request_notes_Sila (note_ID, request_ID, content, submitter_ID, is_internal, created_at) VALUES (3658, 2844, 'Mock not eklendi. Test amacli. (Note 0)', 1, TRUE, '2026-06-25 17:03:35');
INSERT INTO request_notes_Sila (note_ID, request_ID, content, submitter_ID, is_internal, created_at) VALUES (3659, 2844, 'Mock not eklendi. Test amacli. (Note 1)', 20, TRUE, '2026-06-25 18:03:35');
INSERT INTO requests_Sila (request_ID, creator_ID, title, description, status, type, generated_id, final_priority_score, created_at) VALUES (2845, 28, 'Yeni buton eklenmesi - Mock Dev 20 - 17', 'Dun yapilan guncellemeden sonra bozuldu.', 'ASSIGNED', 'SİSTEM_ÇÖKÜŞÜ', 'M-0845', 79.5, '2026-07-04 15:03:35');
INSERT INTO priorities_Sila (priority_ID, request_ID, company_points, product_mgr_score, software_mgr_score, priority_score) VALUES (2845, 2845, 93.7, 3, 4, 79.5);
INSERT INTO workflows_Sila (task_ID, request_ID, developer_ID, workflow_status, assigned_by_ID, assigned_at) VALUES (2845, 2845, 20, 'ASSIGNED', 1, '2026-07-04 16:03:35');
INSERT INTO request_notes_Sila (note_ID, request_ID, content, submitter_ID, is_internal, created_at) VALUES (3660, 2845, 'Mock not eklendi. Test amacli. (Note 0)', 20, FALSE, '2026-07-04 17:03:35');
INSERT INTO request_notes_Sila (note_ID, request_ID, content, submitter_ID, is_internal, created_at) VALUES (3661, 2845, 'Mock not eklendi. Test amacli. (Note 1)', 20, TRUE, '2026-07-04 18:03:35');
INSERT INTO request_notes_Sila (note_ID, request_ID, content, submitter_ID, is_internal, created_at) VALUES (3662, 2845, 'Mock not eklendi. Test amacli. (Note 2)', 1, TRUE, '2026-07-04 19:03:35');
INSERT INTO requests_Sila (request_ID, creator_ID, title, description, status, type, generated_id, final_priority_score, created_at) VALUES (2846, 28, 'Raporlama modulu calismiyor - Mock Dev 20 - 18', 'Dun yapilan guncellemeden sonra bozuldu.', 'COMPLETED', 'SİSTEM_ÇÖKÜŞÜ', 'M-0846', 81.7, '2026-07-09 15:03:35');
INSERT INTO priorities_Sila (priority_ID, request_ID, company_points, product_mgr_score, software_mgr_score, priority_score) VALUES (2846, 2846, 84.2, 5, 3, 81.7);
INSERT INTO workflows_Sila (task_ID, request_ID, developer_ID, workflow_status, assigned_by_ID, assigned_at, resolved_at) VALUES (2846, 2846, 20, 'RESOLVED', 1, '2026-07-09 16:03:35', '2026-07-14 16:03:35');
INSERT INTO request_notes_Sila (note_ID, request_ID, content, submitter_ID, is_internal, created_at) VALUES (3663, 2846, 'Mock not eklendi. Test amacli. (Note 0)', 20, TRUE, '2026-07-09 17:03:35');
INSERT INTO request_notes_Sila (note_ID, request_ID, content, submitter_ID, is_internal, created_at) VALUES (3664, 2846, 'Mock not eklendi. Test amacli. (Note 1)', 20, FALSE, '2026-07-09 18:03:35');
INSERT INTO requests_Sila (request_ID, creator_ID, title, description, status, type, generated_id, final_priority_score, created_at) VALUES (2847, 33, 'Sayfa yuklenmiyor - Mock Dev 20 - 19', 'Dun yapilan guncellemeden sonra bozuldu.', 'ASSIGNED', 'DİĞER', 'M-0847', 76.6, '2026-06-30 15:03:35');
INSERT INTO priorities_Sila (priority_ID, request_ID, company_points, product_mgr_score, software_mgr_score, priority_score) VALUES (2847, 2847, 71.4, 4, 4, 76.6);
INSERT INTO workflows_Sila (task_ID, request_ID, developer_ID, workflow_status, assigned_by_ID, assigned_at) VALUES (2847, 2847, 20, 'ASSIGNED', 1, '2026-06-30 16:03:35');
INSERT INTO request_notes_Sila (note_ID, request_ID, content, submitter_ID, is_internal, created_at) VALUES (3665, 2847, 'Mock not eklendi. Test amacli. (Note 0)', 20, FALSE, '2026-06-30 17:03:35');
INSERT INTO request_notes_Sila (note_ID, request_ID, content, submitter_ID, is_internal, created_at) VALUES (3666, 2847, 'Mock not eklendi. Test amacli. (Note 1)', 20, FALSE, '2026-06-30 18:03:35');
INSERT INTO requests_Sila (request_ID, creator_ID, title, description, status, type, generated_id, final_priority_score, created_at) VALUES (2848, 26, 'Raporlama modulu calismiyor - Mock Dev 20 - 20', 'Tasarim ekibi guncellemeyi talep etti.', 'ASSIGNED', 'BUG_DÜZELTME', 'M-0848', 70.8, '2026-06-28 15:03:35');
INSERT INTO priorities_Sila (priority_ID, request_ID, company_points, product_mgr_score, software_mgr_score, priority_score) VALUES (2848, 2848, 87.0, 3, 3, 70.8);
INSERT INTO workflows_Sila (task_ID, request_ID, developer_ID, workflow_status, assigned_by_ID, assigned_at) VALUES (2848, 2848, 20, 'ASSIGNED', 1, '2026-06-28 16:03:35');
INSERT INTO request_notes_Sila (note_ID, request_ID, content, submitter_ID, is_internal, created_at) VALUES (3667, 2848, 'Mock not eklendi. Test amacli. (Note 0)', 20, TRUE, '2026-06-28 17:03:35');
INSERT INTO request_notes_Sila (note_ID, request_ID, content, submitter_ID, is_internal, created_at) VALUES (3668, 2848, 'Mock not eklendi. Test amacli. (Note 1)', 20, TRUE, '2026-06-28 18:03:35');
INSERT INTO requests_Sila (request_ID, creator_ID, title, description, status, type, generated_id, final_priority_score, created_at) VALUES (2849, 27, 'Veri kaybi yasaniyor - Mock Dev 20 - 21', 'Performans cok dusuk.', 'COMPLETED', 'VERİ_KAYBI', 'M-0849', 99.4, '2026-07-14 15:03:35');
INSERT INTO priorities_Sila (priority_ID, request_ID, company_points, product_mgr_score, software_mgr_score, priority_score) VALUES (2849, 2849, 98.4, 5, 5, 99.4);
INSERT INTO workflows_Sila (task_ID, request_ID, developer_ID, workflow_status, assigned_by_ID, assigned_at, resolved_at) VALUES (2849, 2849, 20, 'RESOLVED', 1, '2026-07-14 16:03:35', '2026-07-15 16:03:35');
INSERT INTO request_notes_Sila (note_ID, request_ID, content, submitter_ID, is_internal, created_at) VALUES (3669, 2849, 'Mock not eklendi. Test amacli. (Note 0)', 1, FALSE, '2026-07-14 17:03:35');
INSERT INTO request_notes_Sila (note_ID, request_ID, content, submitter_ID, is_internal, created_at) VALUES (3670, 2849, 'Mock not eklendi. Test amacli. (Note 1)', 1, FALSE, '2026-07-14 18:03:35');
INSERT INTO request_notes_Sila (note_ID, request_ID, content, submitter_ID, is_internal, created_at) VALUES (3671, 2849, 'Mock not eklendi. Test amacli. (Note 2)', 1, TRUE, '2026-07-14 19:03:35');
INSERT INTO requests_Sila (request_ID, creator_ID, title, description, status, type, generated_id, final_priority_score, created_at) VALUES (2850, 30, 'Raporlama modulu calismiyor - Mock Dev 20 - 22', 'Dun yapilan guncellemeden sonra bozuldu.', 'ASSIGNED', 'YENİ_ÖZELLİK_EKLEME', 'M-0850', 87.1, '2026-07-17 15:03:35');
INSERT INTO priorities_Sila (priority_ID, request_ID, company_points, product_mgr_score, software_mgr_score, priority_score) VALUES (2850, 2850, 97.7, 5, 3, 87.1);
INSERT INTO workflows_Sila (task_ID, request_ID, developer_ID, workflow_status, assigned_by_ID, assigned_at) VALUES (2850, 2850, 20, 'ASSIGNED', 1, '2026-07-17 16:03:35');
INSERT INTO request_notes_Sila (note_ID, request_ID, content, submitter_ID, is_internal, created_at) VALUES (3672, 2850, 'Mock not eklendi. Test amacli. (Note 0)', 20, TRUE, '2026-07-17 17:03:35');
INSERT INTO requests_Sila (request_ID, creator_ID, title, description, status, type, generated_id, final_priority_score, created_at) VALUES (2851, 31, 'Sifre sifirlama maili gelmiyor - Mock Dev 20 - 23', 'Tasarim ekibi guncellemeyi talep etti.', 'COMPLETED', 'BUG_DÜZELTME', 'M-0851', 71.5, '2026-07-14 15:03:35');
INSERT INTO priorities_Sila (priority_ID, request_ID, company_points, product_mgr_score, software_mgr_score, priority_score) VALUES (2851, 2851, 73.8, 3, 4, 71.5);
INSERT INTO workflows_Sila (task_ID, request_ID, developer_ID, workflow_status, assigned_by_ID, assigned_at, resolved_at) VALUES (2851, 2851, 20, 'RESOLVED', 1, '2026-07-14 16:03:35', '2026-07-17 16:03:35');
INSERT INTO request_notes_Sila (note_ID, request_ID, content, submitter_ID, is_internal, created_at) VALUES (3673, 2851, 'Mock not eklendi. Test amacli. (Note 0)', 1, FALSE, '2026-07-14 17:03:35');
INSERT INTO requests_Sila (request_ID, creator_ID, title, description, status, type, generated_id, final_priority_score, created_at) VALUES (2852, 32, 'Arayuzde kayma var - Mock Dev 20 - 24', 'Sistemin genelini etkileyen bir yavaslik soz konusu.', 'ASSIGNED', 'SİSTEM_ÇÖKÜŞÜ', 'M-0852', 80.4, '2026-06-24 15:03:35');
INSERT INTO priorities_Sila (priority_ID, request_ID, company_points, product_mgr_score, software_mgr_score, priority_score) VALUES (2852, 2852, 81.0, 4, 4, 80.4);
INSERT INTO workflows_Sila (task_ID, request_ID, developer_ID, workflow_status, assigned_by_ID, assigned_at) VALUES (2852, 2852, 20, 'ASSIGNED', 1, '2026-06-24 16:03:35');
INSERT INTO request_notes_Sila (note_ID, request_ID, content, submitter_ID, is_internal, created_at) VALUES (3674, 2852, 'Mock not eklendi. Test amacli. (Note 0)', 1, TRUE, '2026-06-24 17:03:35');
INSERT INTO request_notes_Sila (note_ID, request_ID, content, submitter_ID, is_internal, created_at) VALUES (3675, 2852, 'Mock not eklendi. Test amacli. (Note 1)', 1, FALSE, '2026-06-24 18:03:35');
INSERT INTO request_notes_Sila (note_ID, request_ID, content, submitter_ID, is_internal, created_at) VALUES (3676, 2852, 'Mock not eklendi. Test amacli. (Note 2)', 1, FALSE, '2026-06-24 19:03:35');
INSERT INTO requests_Sila (request_ID, creator_ID, title, description, status, type, generated_id, final_priority_score, created_at) VALUES (2853, 32, 'Mobil uyumluluk sorunu - Mock Dev 20 - 25', 'Tasarim ekibi guncellemeyi talep etti.', 'ASSIGNED', 'VERİ_KAYBI', 'M-0853', 99.6, '2026-07-10 15:03:35');
INSERT INTO priorities_Sila (priority_ID, request_ID, company_points, product_mgr_score, software_mgr_score, priority_score) VALUES (2853, 2853, 99.1, 5, 5, 99.6);
INSERT INTO workflows_Sila (task_ID, request_ID, developer_ID, workflow_status, assigned_by_ID, assigned_at) VALUES (2853, 2853, 20, 'ASSIGNED', 1, '2026-07-10 16:03:35');
INSERT INTO request_notes_Sila (note_ID, request_ID, content, submitter_ID, is_internal, created_at) VALUES (3677, 2853, 'Mock not eklendi. Test amacli. (Note 0)', 1, TRUE, '2026-07-10 17:03:35');
INSERT INTO requests_Sila (request_ID, creator_ID, title, description, status, type, generated_id, final_priority_score, created_at) VALUES (2854, 32, 'Sifre sifirlama maili gelmiyor - Mock Dev 20 - 26', 'Performans cok dusuk.', 'ASSIGNED', 'DİĞER', 'M-0854', 78.3, '2026-07-10 15:03:35');
INSERT INTO priorities_Sila (priority_ID, request_ID, company_points, product_mgr_score, software_mgr_score, priority_score) VALUES (2854, 2854, 90.8, 3, 4, 78.3);
INSERT INTO workflows_Sila (task_ID, request_ID, developer_ID, workflow_status, assigned_by_ID, assigned_at) VALUES (2854, 2854, 20, 'ASSIGNED', 1, '2026-07-10 16:03:35');
INSERT INTO request_notes_Sila (note_ID, request_ID, content, submitter_ID, is_internal, created_at) VALUES (3678, 2854, 'Mock not eklendi. Test amacli. (Note 0)', 20, TRUE, '2026-07-10 17:03:35');
INSERT INTO request_notes_Sila (note_ID, request_ID, content, submitter_ID, is_internal, created_at) VALUES (3679, 2854, 'Mock not eklendi. Test amacli. (Note 1)', 1, FALSE, '2026-07-10 18:03:35');
INSERT INTO requests_Sila (request_ID, creator_ID, title, description, status, type, generated_id, final_priority_score, created_at) VALUES (2855, 27, 'Arayuzde kayma var - Mock Dev 20 - 27', 'Performans cok dusuk.', 'ASSIGNED', 'ENTEGRASYON_SIKINTILARI', 'M-0855', 87.3, '2026-07-10 15:03:35');
INSERT INTO priorities_Sila (priority_ID, request_ID, company_points, product_mgr_score, software_mgr_score, priority_score) VALUES (2855, 2855, 98.3, 4, 4, 87.3);
INSERT INTO workflows_Sila (task_ID, request_ID, developer_ID, workflow_status, assigned_by_ID, assigned_at) VALUES (2855, 2855, 20, 'ASSIGNED', 1, '2026-07-10 16:03:35');
INSERT INTO request_notes_Sila (note_ID, request_ID, content, submitter_ID, is_internal, created_at) VALUES (3680, 2855, 'Mock not eklendi. Test amacli. (Note 0)', 1, FALSE, '2026-07-10 17:03:35');
INSERT INTO request_notes_Sila (note_ID, request_ID, content, submitter_ID, is_internal, created_at) VALUES (3681, 2855, 'Mock not eklendi. Test amacli. (Note 1)', 20, FALSE, '2026-07-10 18:03:35');
INSERT INTO requests_Sila (request_ID, creator_ID, title, description, status, type, generated_id, final_priority_score, created_at) VALUES (2856, 32, 'Sifre sifirlama maili gelmiyor - Mock Dev 20 - 28', 'Performans cok dusuk.', 'COMPLETED', 'VERİ_KAYBI', 'M-0856', 78.5, '2026-07-08 15:03:35');
INSERT INTO priorities_Sila (priority_ID, request_ID, company_points, product_mgr_score, software_mgr_score, priority_score) VALUES (2856, 2856, 76.2, 3, 5, 78.5);
INSERT INTO workflows_Sila (task_ID, request_ID, developer_ID, workflow_status, assigned_by_ID, assigned_at, resolved_at) VALUES (2856, 2856, 20, 'RESOLVED', 1, '2026-07-08 16:03:35', '2026-07-12 16:03:35');
INSERT INTO request_notes_Sila (note_ID, request_ID, content, submitter_ID, is_internal, created_at) VALUES (3682, 2856, 'Mock not eklendi. Test amacli. (Note 0)', 20, FALSE, '2026-07-08 17:03:35');
INSERT INTO request_notes_Sila (note_ID, request_ID, content, submitter_ID, is_internal, created_at) VALUES (3683, 2856, 'Mock not eklendi. Test amacli. (Note 1)', 1, FALSE, '2026-07-08 18:03:35');
INSERT INTO requests_Sila (request_ID, creator_ID, title, description, status, type, generated_id, final_priority_score, created_at) VALUES (2857, 30, 'Sifre sifirlama maili gelmiyor - Mock Dev 20 - 29', 'Tasarim ekibi guncellemeyi talep etti.', 'COMPLETED', 'GELİŞTİRME', 'M-0857', 78.7, '2026-06-29 15:03:35');
INSERT INTO priorities_Sila (priority_ID, request_ID, company_points, product_mgr_score, software_mgr_score, priority_score) VALUES (2857, 2857, 91.7, 3, 4, 78.7);
INSERT INTO workflows_Sila (task_ID, request_ID, developer_ID, workflow_status, assigned_by_ID, assigned_at, resolved_at) VALUES (2857, 2857, 20, 'RESOLVED', 1, '2026-06-29 16:03:35', '2026-07-04 16:03:35');
INSERT INTO request_notes_Sila (note_ID, request_ID, content, submitter_ID, is_internal, created_at) VALUES (3684, 2857, 'Mock not eklendi. Test amacli. (Note 0)', 20, FALSE, '2026-06-29 17:03:35');
INSERT INTO requests_Sila (request_ID, creator_ID, title, description, status, type, generated_id, final_priority_score, created_at) VALUES (2858, 31, 'Veritabani baglanti hatasi - Mock Dev 20 - 30', 'Dun yapilan guncellemeden sonra bozuldu.', 'ASSIGNED', 'VERİ_KAYBI', 'M-0858', 76.3, '2026-06-22 15:03:35');
INSERT INTO priorities_Sila (priority_ID, request_ID, company_points, product_mgr_score, software_mgr_score, priority_score) VALUES (2858, 2858, 70.8, 4, 4, 76.3);
INSERT INTO workflows_Sila (task_ID, request_ID, developer_ID, workflow_status, assigned_by_ID, assigned_at) VALUES (2858, 2858, 20, 'ASSIGNED', 1, '2026-06-22 16:03:35');
INSERT INTO request_notes_Sila (note_ID, request_ID, content, submitter_ID, is_internal, created_at) VALUES (3685, 2858, 'Mock not eklendi. Test amacli. (Note 0)', 20, TRUE, '2026-06-22 17:03:35');
INSERT INTO requests_Sila (request_ID, creator_ID, title, description, status, type, generated_id, final_priority_score, created_at) VALUES (2859, 29, 'Yeni buton eklenmesi - Mock Dev 20 - 31', 'Veriler eksik geliyor, veritabani sorgusu optimize edilmeli.', 'ASSIGNED', 'GELİŞTİRME', 'M-0859', 72.8, '2026-07-19 15:03:35');
INSERT INTO priorities_Sila (priority_ID, request_ID, company_points, product_mgr_score, software_mgr_score, priority_score) VALUES (2859, 2859, 92.0, 3, 3, 72.8);
INSERT INTO workflows_Sila (task_ID, request_ID, developer_ID, workflow_status, assigned_by_ID, assigned_at) VALUES (2859, 2859, 20, 'ASSIGNED', 1, '2026-07-19 16:03:35');
INSERT INTO request_notes_Sila (note_ID, request_ID, content, submitter_ID, is_internal, created_at) VALUES (3686, 2859, 'Mock not eklendi. Test amacli. (Note 0)', 1, TRUE, '2026-07-19 17:03:35');
INSERT INTO requests_Sila (request_ID, creator_ID, title, description, status, type, generated_id, final_priority_score, created_at) VALUES (2860, 35, 'Arayuzde kayma var - Mock Dev 20 - 32', 'Loglarda NullPointerException gordum, ekteki dosyaya bakiniz.', 'ASSIGNED', 'YENİ_ÖZELLİK_EKLEME', 'M-0860', 86.6, '2026-06-28 15:03:35');
INSERT INTO priorities_Sila (priority_ID, request_ID, company_points, product_mgr_score, software_mgr_score, priority_score) VALUES (2860, 2860, 96.6, 4, 4, 86.6);
INSERT INTO workflows_Sila (task_ID, request_ID, developer_ID, workflow_status, assigned_by_ID, assigned_at) VALUES (2860, 2860, 20, 'ASSIGNED', 1, '2026-06-28 16:03:35');
INSERT INTO request_notes_Sila (note_ID, request_ID, content, submitter_ID, is_internal, created_at) VALUES (3687, 2860, 'Mock not eklendi. Test amacli. (Note 0)', 1, FALSE, '2026-06-28 17:03:35');
INSERT INTO requests_Sila (request_ID, creator_ID, title, description, status, type, generated_id, final_priority_score, created_at) VALUES (2861, 26, 'Sifre sifirlama maili gelmiyor - Mock Dev 20 - 33', 'Dun yapilan guncellemeden sonra bozuldu.', 'ASSIGNED', 'YENİ_ÖZELLİK_EKLEME', 'M-0861', 78.2, '2026-07-06 15:03:35');
INSERT INTO priorities_Sila (priority_ID, request_ID, company_points, product_mgr_score, software_mgr_score, priority_score) VALUES (2861, 2861, 90.6, 3, 4, 78.2);
INSERT INTO workflows_Sila (task_ID, request_ID, developer_ID, workflow_status, assigned_by_ID, assigned_at) VALUES (2861, 2861, 20, 'ASSIGNED', 1, '2026-07-06 16:03:35');
INSERT INTO request_notes_Sila (note_ID, request_ID, content, submitter_ID, is_internal, created_at) VALUES (3688, 2861, 'Mock not eklendi. Test amacli. (Note 0)', 1, TRUE, '2026-07-06 17:03:35');
INSERT INTO request_notes_Sila (note_ID, request_ID, content, submitter_ID, is_internal, created_at) VALUES (3689, 2861, 'Mock not eklendi. Test amacli. (Note 1)', 1, TRUE, '2026-07-06 18:03:35');
INSERT INTO requests_Sila (request_ID, creator_ID, title, description, status, type, generated_id, final_priority_score, created_at) VALUES (2862, 35, 'Veritabani baglanti hatasi - Mock Dev 20 - 34', 'Performans cok dusuk.', 'COMPLETED', 'YENİ_ÖZELLİK_EKLEME', 'M-0862', 73.9, '2026-06-27 15:03:35');
INSERT INTO priorities_Sila (priority_ID, request_ID, company_points, product_mgr_score, software_mgr_score, priority_score) VALUES (2862, 2862, 79.6, 3, 4, 73.9);
INSERT INTO workflows_Sila (task_ID, request_ID, developer_ID, workflow_status, assigned_by_ID, assigned_at, resolved_at) VALUES (2862, 2862, 20, 'RESOLVED', 1, '2026-06-27 16:03:35', '2026-06-28 16:03:35');
INSERT INTO request_notes_Sila (note_ID, request_ID, content, submitter_ID, is_internal, created_at) VALUES (3690, 2862, 'Mock not eklendi. Test amacli. (Note 0)', 20, TRUE, '2026-06-27 17:03:35');
INSERT INTO request_notes_Sila (note_ID, request_ID, content, submitter_ID, is_internal, created_at) VALUES (3691, 2862, 'Mock not eklendi. Test amacli. (Note 1)', 20, TRUE, '2026-06-27 18:03:35');
INSERT INTO requests_Sila (request_ID, creator_ID, title, description, status, type, generated_id, final_priority_score, created_at) VALUES (2863, 35, 'Veri kaybi yasaniyor - Mock Dev 20 - 35', 'Tasarim ekibi guncellemeyi talep etti.', 'ASSIGNED', 'SİSTEM_ÇÖKÜŞÜ', 'M-0863', 94.9, '2026-06-26 15:03:35');
INSERT INTO priorities_Sila (priority_ID, request_ID, company_points, product_mgr_score, software_mgr_score, priority_score) VALUES (2863, 2863, 87.2, 5, 5, 94.9);
INSERT INTO workflows_Sila (task_ID, request_ID, developer_ID, workflow_status, assigned_by_ID, assigned_at) VALUES (2863, 2863, 20, 'ASSIGNED', 1, '2026-06-26 16:03:35');
INSERT INTO request_notes_Sila (note_ID, request_ID, content, submitter_ID, is_internal, created_at) VALUES (3692, 2863, 'Mock not eklendi. Test amacli. (Note 0)', 1, FALSE, '2026-06-26 17:03:35');
INSERT INTO request_notes_Sila (note_ID, request_ID, content, submitter_ID, is_internal, created_at) VALUES (3693, 2863, 'Mock not eklendi. Test amacli. (Note 1)', 1, FALSE, '2026-06-26 18:03:35');
INSERT INTO requests_Sila (request_ID, creator_ID, title, description, status, type, generated_id, final_priority_score, created_at) VALUES (2864, 27, 'Veritabani baglanti hatasi - Mock Dev 20 - 36', 'Performans cok dusuk.', 'ASSIGNED', 'BUG_DÜZELTME', 'M-0864', 80.5, '2026-07-06 15:03:35');
INSERT INTO priorities_Sila (priority_ID, request_ID, company_points, product_mgr_score, software_mgr_score, priority_score) VALUES (2864, 2864, 81.2, 5, 3, 80.5);
INSERT INTO workflows_Sila (task_ID, request_ID, developer_ID, workflow_status, assigned_by_ID, assigned_at) VALUES (2864, 2864, 20, 'ASSIGNED', 1, '2026-07-06 16:03:35');
INSERT INTO request_notes_Sila (note_ID, request_ID, content, submitter_ID, is_internal, created_at) VALUES (3694, 2864, 'Mock not eklendi. Test amacli. (Note 0)', 1, TRUE, '2026-07-06 17:03:35');
INSERT INTO requests_Sila (request_ID, creator_ID, title, description, status, type, generated_id, final_priority_score, created_at) VALUES (2865, 33, 'Raporlama modulu calismiyor - Mock Dev 20 - 37', 'Performans cok dusuk.', 'ASSIGNED', 'ENTEGRASYON_SIKINTILARI', 'M-0865', 70.4, '2026-06-24 15:03:35');
INSERT INTO priorities_Sila (priority_ID, request_ID, company_points, product_mgr_score, software_mgr_score, priority_score) VALUES (2865, 2865, 71.0, 3, 4, 70.4);
INSERT INTO workflows_Sila (task_ID, request_ID, developer_ID, workflow_status, assigned_by_ID, assigned_at) VALUES (2865, 2865, 20, 'ASSIGNED', 1, '2026-06-24 16:03:35');
INSERT INTO request_notes_Sila (note_ID, request_ID, content, submitter_ID, is_internal, created_at) VALUES (3695, 2865, 'Mock not eklendi. Test amacli. (Note 0)', 20, FALSE, '2026-06-24 17:03:35');
INSERT INTO request_notes_Sila (note_ID, request_ID, content, submitter_ID, is_internal, created_at) VALUES (3696, 2865, 'Mock not eklendi. Test amacli. (Note 1)', 20, FALSE, '2026-06-24 18:03:35');
INSERT INTO request_notes_Sila (note_ID, request_ID, content, submitter_ID, is_internal, created_at) VALUES (3697, 2865, 'Mock not eklendi. Test amacli. (Note 2)', 20, TRUE, '2026-06-24 19:03:35');
INSERT INTO requests_Sila (request_ID, creator_ID, title, description, status, type, generated_id, final_priority_score, created_at) VALUES (2866, 35, 'Arayuzde kayma var - Mock Dev 20 - 38', 'Tasarim ekibi guncellemeyi talep etti.', 'ASSIGNED', 'SİSTEM_ÇÖKÜŞÜ', 'M-0866', 84.0, '2026-06-29 15:03:35');
INSERT INTO priorities_Sila (priority_ID, request_ID, company_points, product_mgr_score, software_mgr_score, priority_score) VALUES (2866, 2866, 90.1, 4, 4, 84.0);
INSERT INTO workflows_Sila (task_ID, request_ID, developer_ID, workflow_status, assigned_by_ID, assigned_at) VALUES (2866, 2866, 20, 'ASSIGNED', 1, '2026-06-29 16:03:35');
INSERT INTO request_notes_Sila (note_ID, request_ID, content, submitter_ID, is_internal, created_at) VALUES (3698, 2866, 'Mock not eklendi. Test amacli. (Note 0)', 20, FALSE, '2026-06-29 17:03:35');
INSERT INTO request_notes_Sila (note_ID, request_ID, content, submitter_ID, is_internal, created_at) VALUES (3699, 2866, 'Mock not eklendi. Test amacli. (Note 1)', 1, FALSE, '2026-06-29 18:03:35');
INSERT INTO request_notes_Sila (note_ID, request_ID, content, submitter_ID, is_internal, created_at) VALUES (3700, 2866, 'Mock not eklendi. Test amacli. (Note 2)', 1, FALSE, '2026-06-29 19:03:35');
INSERT INTO requests_Sila (request_ID, creator_ID, title, description, status, type, generated_id, final_priority_score, created_at) VALUES (2867, 27, '500 Internal Server Error - Mock Dev 20 - 39', 'Veriler eksik geliyor, veritabani sorgusu optimize edilmeli.', 'COMPLETED', 'BUG_DÜZELTME', 'M-0867', 83.5, '2026-06-29 15:03:35');
INSERT INTO priorities_Sila (priority_ID, request_ID, company_points, product_mgr_score, software_mgr_score, priority_score) VALUES (2867, 2867, 88.7, 4, 4, 83.5);
INSERT INTO workflows_Sila (task_ID, request_ID, developer_ID, workflow_status, assigned_by_ID, assigned_at, resolved_at) VALUES (2867, 2867, 20, 'RESOLVED', 1, '2026-06-29 16:03:35', '2026-07-03 16:03:35');
INSERT INTO request_notes_Sila (note_ID, request_ID, content, submitter_ID, is_internal, created_at) VALUES (3701, 2867, 'Mock not eklendi. Test amacli. (Note 0)', 20, TRUE, '2026-06-29 17:03:35');
INSERT INTO requests_Sila (request_ID, creator_ID, title, description, status, type, generated_id, final_priority_score, created_at) VALUES (2868, 27, 'Sayfa yuklenmiyor - Mock Dev 20 - 40', 'Dun yapilan guncellemeden sonra bozuldu.', 'COMPLETED', 'ENTEGRASYON_SIKINTILARI', 'M-0868', 76.0, '2026-06-22 15:03:35');
INSERT INTO priorities_Sila (priority_ID, request_ID, company_points, product_mgr_score, software_mgr_score, priority_score) VALUES (2868, 2868, 70.0, 5, 3, 76.0);
INSERT INTO workflows_Sila (task_ID, request_ID, developer_ID, workflow_status, assigned_by_ID, assigned_at, resolved_at) VALUES (2868, 2868, 20, 'RESOLVED', 1, '2026-06-22 16:03:35', '2026-06-26 16:03:35');
INSERT INTO request_notes_Sila (note_ID, request_ID, content, submitter_ID, is_internal, created_at) VALUES (3702, 2868, 'Mock not eklendi. Test amacli. (Note 0)', 1, FALSE, '2026-06-22 17:03:35');
INSERT INTO requests_Sila (request_ID, creator_ID, title, description, status, type, generated_id, final_priority_score, created_at) VALUES (2869, 34, 'Kullanici girisi yavas - Mock Dev 20 - 41', 'Musteriler bu sorundan sikayetci, acil bakilmasi gerekiyor.', 'ASSIGNED', 'SİSTEM_ÇÖKÜŞÜ', 'M-0869', 84.5, '2026-07-17 15:03:35');
INSERT INTO priorities_Sila (priority_ID, request_ID, company_points, product_mgr_score, software_mgr_score, priority_score) VALUES (2869, 2869, 76.3, 5, 4, 84.5);
INSERT INTO workflows_Sila (task_ID, request_ID, developer_ID, workflow_status, assigned_by_ID, assigned_at) VALUES (2869, 2869, 20, 'ASSIGNED', 1, '2026-07-17 16:03:35');
INSERT INTO request_notes_Sila (note_ID, request_ID, content, submitter_ID, is_internal, created_at) VALUES (3703, 2869, 'Mock not eklendi. Test amacli. (Note 0)', 20, TRUE, '2026-07-17 17:03:35');
INSERT INTO request_notes_Sila (note_ID, request_ID, content, submitter_ID, is_internal, created_at) VALUES (3704, 2869, 'Mock not eklendi. Test amacli. (Note 1)', 1, FALSE, '2026-07-17 18:03:35');
INSERT INTO requests_Sila (request_ID, creator_ID, title, description, status, type, generated_id, final_priority_score, created_at) VALUES (2870, 27, 'Sayfa yuklenmiyor - Mock Dev 20 - 42', 'Tasarim ekibi guncellemeyi talep etti.', 'COMPLETED', 'YENİ_ÖZELLİK_EKLEME', 'M-0870', 74.4, '2026-07-08 15:03:35');
INSERT INTO priorities_Sila (priority_ID, request_ID, company_points, product_mgr_score, software_mgr_score, priority_score) VALUES (2870, 2870, 81.1, 3, 4, 74.4);
INSERT INTO workflows_Sila (task_ID, request_ID, developer_ID, workflow_status, assigned_by_ID, assigned_at, resolved_at) VALUES (2870, 2870, 20, 'RESOLVED', 1, '2026-07-08 16:03:35', '2026-07-10 16:03:35');
INSERT INTO request_notes_Sila (note_ID, request_ID, content, submitter_ID, is_internal, created_at) VALUES (3705, 2870, 'Mock not eklendi. Test amacli. (Note 0)', 1, FALSE, '2026-07-08 17:03:35');
INSERT INTO request_notes_Sila (note_ID, request_ID, content, submitter_ID, is_internal, created_at) VALUES (3706, 2870, 'Mock not eklendi. Test amacli. (Note 1)', 1, FALSE, '2026-07-08 18:03:35');
INSERT INTO requests_Sila (request_ID, creator_ID, title, description, status, type, generated_id, final_priority_score, created_at) VALUES (2871, 34, 'Yeni buton eklenmesi - Mock Dev 20 - 43', 'Tasarim ekibi guncellemeyi talep etti.', 'COMPLETED', 'ENTEGRASYON_SIKINTILARI', 'M-0871', 92.8, '2026-07-14 15:03:35');
INSERT INTO priorities_Sila (priority_ID, request_ID, company_points, product_mgr_score, software_mgr_score, priority_score) VALUES (2871, 2871, 97.0, 4, 5, 92.8);
INSERT INTO workflows_Sila (task_ID, request_ID, developer_ID, workflow_status, assigned_by_ID, assigned_at, resolved_at) VALUES (2871, 2871, 20, 'RESOLVED', 1, '2026-07-14 16:03:35', '2026-07-17 16:03:35');
INSERT INTO request_notes_Sila (note_ID, request_ID, content, submitter_ID, is_internal, created_at) VALUES (3707, 2871, 'Mock not eklendi. Test amacli. (Note 0)', 1, FALSE, '2026-07-14 17:03:35');
INSERT INTO request_notes_Sila (note_ID, request_ID, content, submitter_ID, is_internal, created_at) VALUES (3708, 2871, 'Mock not eklendi. Test amacli. (Note 1)', 20, FALSE, '2026-07-14 18:03:35');
INSERT INTO request_notes_Sila (note_ID, request_ID, content, submitter_ID, is_internal, created_at) VALUES (3709, 2871, 'Mock not eklendi. Test amacli. (Note 2)', 1, TRUE, '2026-07-14 19:03:35');
INSERT INTO requests_Sila (request_ID, creator_ID, title, description, status, type, generated_id, final_priority_score, created_at) VALUES (2872, 27, '500 Internal Server Error - Mock Dev 20 - 44', 'Performans cok dusuk.', 'ASSIGNED', 'SİSTEM_ÇÖKÜŞÜ', 'M-0872', 85.8, '2026-07-05 15:03:35');
INSERT INTO priorities_Sila (priority_ID, request_ID, company_points, product_mgr_score, software_mgr_score, priority_score) VALUES (2872, 2872, 79.5, 5, 4, 85.8);
INSERT INTO workflows_Sila (task_ID, request_ID, developer_ID, workflow_status, assigned_by_ID, assigned_at) VALUES (2872, 2872, 20, 'ASSIGNED', 1, '2026-07-05 16:03:35');
INSERT INTO request_notes_Sila (note_ID, request_ID, content, submitter_ID, is_internal, created_at) VALUES (3710, 2872, 'Mock not eklendi. Test amacli. (Note 0)', 20, TRUE, '2026-07-05 17:03:35');
INSERT INTO requests_Sila (request_ID, creator_ID, title, description, status, type, generated_id, final_priority_score, created_at) VALUES (2873, 30, 'Arayuzde kayma var - Mock Dev 20 - 45', 'Test ortaminda calisiyor ama canlida hata veriyor.', 'COMPLETED', 'BUG_DÜZELTME', 'M-0873', 82.7, '2026-07-05 15:03:35');
INSERT INTO priorities_Sila (priority_ID, request_ID, company_points, product_mgr_score, software_mgr_score, priority_score) VALUES (2873, 2873, 71.7, 4, 5, 82.7);
INSERT INTO workflows_Sila (task_ID, request_ID, developer_ID, workflow_status, assigned_by_ID, assigned_at, resolved_at) VALUES (2873, 2873, 20, 'RESOLVED', 1, '2026-07-05 16:03:35', '2026-07-07 16:03:35');
INSERT INTO request_notes_Sila (note_ID, request_ID, content, submitter_ID, is_internal, created_at) VALUES (3711, 2873, 'Mock not eklendi. Test amacli. (Note 0)', 1, FALSE, '2026-07-05 17:03:35');
INSERT INTO request_notes_Sila (note_ID, request_ID, content, submitter_ID, is_internal, created_at) VALUES (3712, 2873, 'Mock not eklendi. Test amacli. (Note 1)', 20, TRUE, '2026-07-05 18:03:35');
INSERT INTO requests_Sila (request_ID, creator_ID, title, description, status, type, generated_id, final_priority_score, created_at) VALUES (2874, 34, 'Veri kaybi yasaniyor - Mock Dev 20 - 46', 'Tasarim ekibi guncellemeyi talep etti.', 'ASSIGNED', 'SİSTEM_ÇÖKÜŞÜ', 'M-0874', 95.0, '2026-06-21 15:03:35');
INSERT INTO priorities_Sila (priority_ID, request_ID, company_points, product_mgr_score, software_mgr_score, priority_score) VALUES (2874, 2874, 87.6, 5, 5, 95.0);
INSERT INTO workflows_Sila (task_ID, request_ID, developer_ID, workflow_status, assigned_by_ID, assigned_at) VALUES (2874, 2874, 20, 'ASSIGNED', 1, '2026-06-21 16:03:35');
INSERT INTO request_notes_Sila (note_ID, request_ID, content, submitter_ID, is_internal, created_at) VALUES (3713, 2874, 'Mock not eklendi. Test amacli. (Note 0)', 20, TRUE, '2026-06-21 17:03:35');
INSERT INTO request_notes_Sila (note_ID, request_ID, content, submitter_ID, is_internal, created_at) VALUES (3714, 2874, 'Mock not eklendi. Test amacli. (Note 1)', 1, TRUE, '2026-06-21 18:03:35');
INSERT INTO request_notes_Sila (note_ID, request_ID, content, submitter_ID, is_internal, created_at) VALUES (3715, 2874, 'Mock not eklendi. Test amacli. (Note 2)', 1, FALSE, '2026-06-21 19:03:35');
INSERT INTO requests_Sila (request_ID, creator_ID, title, description, status, type, generated_id, final_priority_score, created_at) VALUES (2875, 33, 'Veri kaybi yasaniyor - Mock Dev 20 - 47', 'Dun yapilan guncellemeden sonra bozuldu.', 'COMPLETED', 'GELİŞTİRME', 'M-0875', 66.6, '2026-07-14 15:03:35');
INSERT INTO priorities_Sila (priority_ID, request_ID, company_points, product_mgr_score, software_mgr_score, priority_score) VALUES (2875, 2875, 76.4, 3, 3, 66.6);
INSERT INTO workflows_Sila (task_ID, request_ID, developer_ID, workflow_status, assigned_by_ID, assigned_at, resolved_at) VALUES (2875, 2875, 20, 'RESOLVED', 1, '2026-07-14 16:03:35', '2026-07-16 16:03:35');
INSERT INTO request_notes_Sila (note_ID, request_ID, content, submitter_ID, is_internal, created_at) VALUES (3716, 2875, 'Mock not eklendi. Test amacli. (Note 0)', 20, TRUE, '2026-07-14 17:03:35');
INSERT INTO requests_Sila (request_ID, creator_ID, title, description, status, type, generated_id, final_priority_score, created_at) VALUES (2876, 33, 'Yeni buton eklenmesi - Mock Dev 20 - 48', 'Tasarim ekibi guncellemeyi talep etti.', 'ASSIGNED', 'ENTEGRASYON_SIKINTILARI', 'M-0876', 64.4, '2026-06-28 15:03:35');
INSERT INTO priorities_Sila (priority_ID, request_ID, company_points, product_mgr_score, software_mgr_score, priority_score) VALUES (2876, 2876, 70.9, 3, 3, 64.4);
INSERT INTO workflows_Sila (task_ID, request_ID, developer_ID, workflow_status, assigned_by_ID, assigned_at) VALUES (2876, 2876, 20, 'ASSIGNED', 1, '2026-06-28 16:03:35');
INSERT INTO request_notes_Sila (note_ID, request_ID, content, submitter_ID, is_internal, created_at) VALUES (3717, 2876, 'Mock not eklendi. Test amacli. (Note 0)', 1, TRUE, '2026-06-28 17:03:35');
INSERT INTO request_notes_Sila (note_ID, request_ID, content, submitter_ID, is_internal, created_at) VALUES (3718, 2876, 'Mock not eklendi. Test amacli. (Note 1)', 1, FALSE, '2026-06-28 18:03:35');
INSERT INTO requests_Sila (request_ID, creator_ID, title, description, status, type, generated_id, final_priority_score, created_at) VALUES (2877, 30, 'Yeni buton eklenmesi - Mock Dev 20 - 49', 'Veriler eksik geliyor, veritabani sorgusu optimize edilmeli.', 'ASSIGNED', 'BUG_DÜZELTME', 'M-0877', 74.3, '2026-06-23 15:03:35');
INSERT INTO priorities_Sila (priority_ID, request_ID, company_points, product_mgr_score, software_mgr_score, priority_score) VALUES (2877, 2877, 80.7, 4, 3, 74.3);
INSERT INTO workflows_Sila (task_ID, request_ID, developer_ID, workflow_status, assigned_by_ID, assigned_at) VALUES (2877, 2877, 20, 'ASSIGNED', 1, '2026-06-23 16:03:35');
INSERT INTO request_notes_Sila (note_ID, request_ID, content, submitter_ID, is_internal, created_at) VALUES (3719, 2877, 'Mock not eklendi. Test amacli. (Note 0)', 20, FALSE, '2026-06-23 17:03:35');
INSERT INTO request_notes_Sila (note_ID, request_ID, content, submitter_ID, is_internal, created_at) VALUES (3720, 2877, 'Mock not eklendi. Test amacli. (Note 1)', 20, TRUE, '2026-06-23 18:03:35');
INSERT INTO requests_Sila (request_ID, creator_ID, title, description, status, type, generated_id, final_priority_score, created_at) VALUES (2878, 28, '500 Internal Server Error - Mock Dev 20 - 50', 'Tasarim ekibi guncellemeyi talep etti.', 'ASSIGNED', 'DİĞER', 'M-0878', 80.6, '2026-06-29 15:03:35');
INSERT INTO priorities_Sila (priority_ID, request_ID, company_points, product_mgr_score, software_mgr_score, priority_score) VALUES (2878, 2878, 81.4, 4, 4, 80.6);
INSERT INTO workflows_Sila (task_ID, request_ID, developer_ID, workflow_status, assigned_by_ID, assigned_at) VALUES (2878, 2878, 20, 'ASSIGNED', 1, '2026-06-29 16:03:35');
INSERT INTO request_notes_Sila (note_ID, request_ID, content, submitter_ID, is_internal, created_at) VALUES (3721, 2878, 'Mock not eklendi. Test amacli. (Note 0)', 1, TRUE, '2026-06-29 17:03:35');
INSERT INTO requests_Sila (request_ID, creator_ID, title, description, status, type, generated_id, final_priority_score, created_at) VALUES (2879, 33, 'Sayfa yuklenmiyor - Mock Dev 20 - 51', 'Dun yapilan guncellemeden sonra bozuldu.', 'ASSIGNED', 'VERİ_KAYBI', 'M-0879', 80.4, '2026-07-17 15:03:35');
INSERT INTO priorities_Sila (priority_ID, request_ID, company_points, product_mgr_score, software_mgr_score, priority_score) VALUES (2879, 2879, 96.0, 4, 3, 80.4);
INSERT INTO workflows_Sila (task_ID, request_ID, developer_ID, workflow_status, assigned_by_ID, assigned_at) VALUES (2879, 2879, 20, 'ASSIGNED', 1, '2026-07-17 16:03:35');
INSERT INTO request_notes_Sila (note_ID, request_ID, content, submitter_ID, is_internal, created_at) VALUES (3722, 2879, 'Mock not eklendi. Test amacli. (Note 0)', 20, FALSE, '2026-07-17 17:03:35');
INSERT INTO requests_Sila (request_ID, creator_ID, title, description, status, type, generated_id, final_priority_score, created_at) VALUES (2880, 33, 'Sifre sifirlama maili gelmiyor - Mock Dev 20 - 52', 'Test ortaminda calisiyor ama canlida hata veriyor.', 'ASSIGNED', 'YENİ_ÖZELLİK_EKLEME', 'M-0880', 92.4, '2026-06-24 15:03:35');
INSERT INTO priorities_Sila (priority_ID, request_ID, company_points, product_mgr_score, software_mgr_score, priority_score) VALUES (2880, 2880, 96.0, 5, 4, 92.4);
INSERT INTO workflows_Sila (task_ID, request_ID, developer_ID, workflow_status, assigned_by_ID, assigned_at) VALUES (2880, 2880, 20, 'ASSIGNED', 1, '2026-06-24 16:03:35');
INSERT INTO request_notes_Sila (note_ID, request_ID, content, submitter_ID, is_internal, created_at) VALUES (3723, 2880, 'Mock not eklendi. Test amacli. (Note 0)', 20, FALSE, '2026-06-24 17:03:35');
INSERT INTO request_notes_Sila (note_ID, request_ID, content, submitter_ID, is_internal, created_at) VALUES (3724, 2880, 'Mock not eklendi. Test amacli. (Note 1)', 20, TRUE, '2026-06-24 18:03:35');
INSERT INTO request_notes_Sila (note_ID, request_ID, content, submitter_ID, is_internal, created_at) VALUES (3725, 2880, 'Mock not eklendi. Test amacli. (Note 2)', 20, FALSE, '2026-06-24 19:03:35');
INSERT INTO requests_Sila (request_ID, creator_ID, title, description, status, type, generated_id, final_priority_score, created_at) VALUES (2881, 31, 'Raporlama modulu calismiyor - Mock Dev 20 - 53', 'Loglarda NullPointerException gordum, ekteki dosyaya bakiniz.', 'COMPLETED', 'BUG_DÜZELTME', 'M-0881', 87.6, '2026-06-26 15:03:35');
INSERT INTO priorities_Sila (priority_ID, request_ID, company_points, product_mgr_score, software_mgr_score, priority_score) VALUES (2881, 2881, 98.9, 5, 3, 87.6);
INSERT INTO workflows_Sila (task_ID, request_ID, developer_ID, workflow_status, assigned_by_ID, assigned_at, resolved_at) VALUES (2881, 2881, 20, 'RESOLVED', 1, '2026-06-26 16:03:35', '2026-07-01 16:03:35');
INSERT INTO request_notes_Sila (note_ID, request_ID, content, submitter_ID, is_internal, created_at) VALUES (3726, 2881, 'Mock not eklendi. Test amacli. (Note 0)', 20, FALSE, '2026-06-26 17:03:35');
INSERT INTO requests_Sila (request_ID, creator_ID, title, description, status, type, generated_id, final_priority_score, created_at) VALUES (2882, 35, 'Mobil uyumluluk sorunu - Mock Dev 20 - 54', 'Sistemin genelini etkileyen bir yavaslik soz konusu.', 'ASSIGNED', 'ENTEGRASYON_SIKINTILARI', 'M-0882', 84.1, '2026-06-23 15:03:35');
INSERT INTO priorities_Sila (priority_ID, request_ID, company_points, product_mgr_score, software_mgr_score, priority_score) VALUES (2882, 2882, 90.2, 4, 4, 84.1);
INSERT INTO workflows_Sila (task_ID, request_ID, developer_ID, workflow_status, assigned_by_ID, assigned_at) VALUES (2882, 2882, 20, 'ASSIGNED', 1, '2026-06-23 16:03:35');
INSERT INTO request_notes_Sila (note_ID, request_ID, content, submitter_ID, is_internal, created_at) VALUES (3727, 2882, 'Mock not eklendi. Test amacli. (Note 0)', 20, FALSE, '2026-06-23 17:03:35');
INSERT INTO request_notes_Sila (note_ID, request_ID, content, submitter_ID, is_internal, created_at) VALUES (3728, 2882, 'Mock not eklendi. Test amacli. (Note 1)', 1, TRUE, '2026-06-23 18:03:35');
INSERT INTO request_notes_Sila (note_ID, request_ID, content, submitter_ID, is_internal, created_at) VALUES (3729, 2882, 'Mock not eklendi. Test amacli. (Note 2)', 20, FALSE, '2026-06-23 19:03:35');
INSERT INTO requests_Sila (request_ID, creator_ID, title, description, status, type, generated_id, final_priority_score, created_at) VALUES (2883, 28, '500 Internal Server Error - Mock Dev 20 - 55', 'Veriler eksik geliyor, veritabani sorgusu optimize edilmeli.', 'COMPLETED', 'GELİŞTİRME', 'M-0883', 84.1, '2026-07-17 15:03:35');
INSERT INTO priorities_Sila (priority_ID, request_ID, company_points, product_mgr_score, software_mgr_score, priority_score) VALUES (2883, 2883, 75.2, 4, 5, 84.1);
INSERT INTO workflows_Sila (task_ID, request_ID, developer_ID, workflow_status, assigned_by_ID, assigned_at, resolved_at) VALUES (2883, 2883, 20, 'RESOLVED', 1, '2026-07-17 16:03:35', '2026-07-19 16:03:35');
INSERT INTO request_notes_Sila (note_ID, request_ID, content, submitter_ID, is_internal, created_at) VALUES (3730, 2883, 'Mock not eklendi. Test amacli. (Note 0)', 1, TRUE, '2026-07-17 17:03:35');
INSERT INTO request_notes_Sila (note_ID, request_ID, content, submitter_ID, is_internal, created_at) VALUES (3731, 2883, 'Mock not eklendi. Test amacli. (Note 1)', 1, FALSE, '2026-07-17 18:03:35');
INSERT INTO request_notes_Sila (note_ID, request_ID, content, submitter_ID, is_internal, created_at) VALUES (3732, 2883, 'Mock not eklendi. Test amacli. (Note 2)', 1, TRUE, '2026-07-17 19:03:35');
INSERT INTO requests_Sila (request_ID, creator_ID, title, description, status, type, generated_id, final_priority_score, created_at) VALUES (2884, 27, 'Sifre sifirlama maili gelmiyor - Mock Dev 20 - 56', 'Performans cok dusuk.', 'ASSIGNED', 'YENİ_ÖZELLİK_EKLEME', 'M-0884', 74.9, '2026-06-29 15:03:35');
INSERT INTO priorities_Sila (priority_ID, request_ID, company_points, product_mgr_score, software_mgr_score, priority_score) VALUES (2884, 2884, 82.3, 4, 3, 74.9);
INSERT INTO workflows_Sila (task_ID, request_ID, developer_ID, workflow_status, assigned_by_ID, assigned_at) VALUES (2884, 2884, 20, 'ASSIGNED', 1, '2026-06-29 16:03:35');
INSERT INTO request_notes_Sila (note_ID, request_ID, content, submitter_ID, is_internal, created_at) VALUES (3733, 2884, 'Mock not eklendi. Test amacli. (Note 0)', 1, FALSE, '2026-06-29 17:03:35');
INSERT INTO request_notes_Sila (note_ID, request_ID, content, submitter_ID, is_internal, created_at) VALUES (3734, 2884, 'Mock not eklendi. Test amacli. (Note 1)', 20, FALSE, '2026-06-29 18:03:35');
INSERT INTO request_notes_Sila (note_ID, request_ID, content, submitter_ID, is_internal, created_at) VALUES (3735, 2884, 'Mock not eklendi. Test amacli. (Note 2)', 20, FALSE, '2026-06-29 19:03:35');
INSERT INTO requests_Sila (request_ID, creator_ID, title, description, status, type, generated_id, final_priority_score, created_at) VALUES (2885, 34, 'Veri kaybi yasaniyor - Mock Dev 20 - 57', 'Musteriler bu sorundan sikayetci, acil bakilmasi gerekiyor.', 'COMPLETED', 'YENİ_ÖZELLİK_EKLEME', 'M-0885', 70.2, '2026-06-30 15:03:35');
INSERT INTO priorities_Sila (priority_ID, request_ID, company_points, product_mgr_score, software_mgr_score, priority_score) VALUES (2885, 2885, 85.6, 3, 3, 70.2);
INSERT INTO workflows_Sila (task_ID, request_ID, developer_ID, workflow_status, assigned_by_ID, assigned_at, resolved_at) VALUES (2885, 2885, 20, 'RESOLVED', 1, '2026-06-30 16:03:35', '2026-07-03 16:03:35');
INSERT INTO request_notes_Sila (note_ID, request_ID, content, submitter_ID, is_internal, created_at) VALUES (3736, 2885, 'Mock not eklendi. Test amacli. (Note 0)', 1, TRUE, '2026-06-30 17:03:35');
INSERT INTO requests_Sila (request_ID, creator_ID, title, description, status, type, generated_id, final_priority_score, created_at) VALUES (2886, 27, '500 Internal Server Error - Mock Dev 20 - 58', 'Test ortaminda calisiyor ama canlida hata veriyor.', 'ASSIGNED', 'SİSTEM_ÇÖKÜŞÜ', 'M-0886', 86.5, '2026-06-22 15:03:35');
INSERT INTO priorities_Sila (priority_ID, request_ID, company_points, product_mgr_score, software_mgr_score, priority_score) VALUES (2886, 2886, 96.2, 4, 4, 86.5);
INSERT INTO workflows_Sila (task_ID, request_ID, developer_ID, workflow_status, assigned_by_ID, assigned_at) VALUES (2886, 2886, 20, 'ASSIGNED', 1, '2026-06-22 16:03:35');
INSERT INTO request_notes_Sila (note_ID, request_ID, content, submitter_ID, is_internal, created_at) VALUES (3737, 2886, 'Mock not eklendi. Test amacli. (Note 0)', 20, TRUE, '2026-06-22 17:03:35');
INSERT INTO request_notes_Sila (note_ID, request_ID, content, submitter_ID, is_internal, created_at) VALUES (3738, 2886, 'Mock not eklendi. Test amacli. (Note 1)', 20, TRUE, '2026-06-22 18:03:35');
INSERT INTO request_notes_Sila (note_ID, request_ID, content, submitter_ID, is_internal, created_at) VALUES (3739, 2886, 'Mock not eklendi. Test amacli. (Note 2)', 1, TRUE, '2026-06-22 19:03:35');
INSERT INTO requests_Sila (request_ID, creator_ID, title, description, status, type, generated_id, final_priority_score, created_at) VALUES (2887, 28, 'Kullanici girisi yavas - Mock Dev 20 - 59', 'Dun yapilan guncellemeden sonra bozuldu.', 'COMPLETED', 'ENTEGRASYON_SIKINTILARI', 'M-0887', 86.2, '2026-07-07 15:03:35');
INSERT INTO priorities_Sila (priority_ID, request_ID, company_points, product_mgr_score, software_mgr_score, priority_score) VALUES (2887, 2887, 95.5, 4, 4, 86.2);
INSERT INTO workflows_Sila (task_ID, request_ID, developer_ID, workflow_status, assigned_by_ID, assigned_at, resolved_at) VALUES (2887, 2887, 20, 'RESOLVED', 1, '2026-07-07 16:03:35', '2026-07-08 16:03:35');
INSERT INTO request_notes_Sila (note_ID, request_ID, content, submitter_ID, is_internal, created_at) VALUES (3740, 2887, 'Mock not eklendi. Test amacli. (Note 0)', 1, FALSE, '2026-07-07 17:03:35');
INSERT INTO request_notes_Sila (note_ID, request_ID, content, submitter_ID, is_internal, created_at) VALUES (3741, 2887, 'Mock not eklendi. Test amacli. (Note 1)', 1, TRUE, '2026-07-07 18:03:35');
INSERT INTO requests_Sila (request_ID, creator_ID, title, description, status, type, generated_id, final_priority_score, created_at) VALUES (2888, 35, 'Arayuzde kayma var - Mock Dev 20 - 60', 'Performans cok dusuk.', 'ASSIGNED', 'SİSTEM_ÇÖKÜŞÜ', 'M-0888', 95.8, '2026-06-29 15:03:35');
INSERT INTO priorities_Sila (priority_ID, request_ID, company_points, product_mgr_score, software_mgr_score, priority_score) VALUES (2888, 2888, 89.6, 5, 5, 95.8);
INSERT INTO workflows_Sila (task_ID, request_ID, developer_ID, workflow_status, assigned_by_ID, assigned_at) VALUES (2888, 2888, 20, 'ASSIGNED', 1, '2026-06-29 16:03:35');
INSERT INTO request_notes_Sila (note_ID, request_ID, content, submitter_ID, is_internal, created_at) VALUES (3742, 2888, 'Mock not eklendi. Test amacli. (Note 0)', 20, FALSE, '2026-06-29 17:03:35');
INSERT INTO request_notes_Sila (note_ID, request_ID, content, submitter_ID, is_internal, created_at) VALUES (3743, 2888, 'Mock not eklendi. Test amacli. (Note 1)', 20, TRUE, '2026-06-29 18:03:35');
INSERT INTO requests_Sila (request_ID, creator_ID, title, description, status, type, generated_id, final_priority_score, created_at) VALUES (2889, 33, 'Veritabani baglanti hatasi - Mock Dev 20 - 61', 'Loglarda NullPointerException gordum, ekteki dosyaya bakiniz.', 'COMPLETED', 'DİĞER', 'M-0889', 68.2, '2026-06-21 15:03:35');
INSERT INTO priorities_Sila (priority_ID, request_ID, company_points, product_mgr_score, software_mgr_score, priority_score) VALUES (2889, 2889, 80.6, 3, 3, 68.2);
INSERT INTO workflows_Sila (task_ID, request_ID, developer_ID, workflow_status, assigned_by_ID, assigned_at, resolved_at) VALUES (2889, 2889, 20, 'RESOLVED', 1, '2026-06-21 16:03:35', '2026-06-23 16:03:35');
INSERT INTO request_notes_Sila (note_ID, request_ID, content, submitter_ID, is_internal, created_at) VALUES (3744, 2889, 'Mock not eklendi. Test amacli. (Note 0)', 20, FALSE, '2026-06-21 17:03:35');
INSERT INTO request_notes_Sila (note_ID, request_ID, content, submitter_ID, is_internal, created_at) VALUES (3745, 2889, 'Mock not eklendi. Test amacli. (Note 1)', 1, FALSE, '2026-06-21 18:03:35');
INSERT INTO requests_Sila (request_ID, creator_ID, title, description, status, type, generated_id, final_priority_score, created_at) VALUES (2890, 33, 'Sifre sifirlama maili gelmiyor - Mock Dev 20 - 62', 'Veriler eksik geliyor, veritabani sorgusu optimize edilmeli.', 'ASSIGNED', 'VERİ_KAYBI', 'M-0890', 74.6, '2026-06-28 15:03:35');
INSERT INTO priorities_Sila (priority_ID, request_ID, company_points, product_mgr_score, software_mgr_score, priority_score) VALUES (2890, 2890, 81.6, 3, 4, 74.6);
INSERT INTO workflows_Sila (task_ID, request_ID, developer_ID, workflow_status, assigned_by_ID, assigned_at) VALUES (2890, 2890, 20, 'ASSIGNED', 1, '2026-06-28 16:03:35');
INSERT INTO request_notes_Sila (note_ID, request_ID, content, submitter_ID, is_internal, created_at) VALUES (3746, 2890, 'Mock not eklendi. Test amacli. (Note 0)', 20, TRUE, '2026-06-28 17:03:35');
INSERT INTO request_notes_Sila (note_ID, request_ID, content, submitter_ID, is_internal, created_at) VALUES (3747, 2890, 'Mock not eklendi. Test amacli. (Note 1)', 1, TRUE, '2026-06-28 18:03:35');
INSERT INTO request_notes_Sila (note_ID, request_ID, content, submitter_ID, is_internal, created_at) VALUES (3748, 2890, 'Mock not eklendi. Test amacli. (Note 2)', 1, TRUE, '2026-06-28 19:03:35');
INSERT INTO requests_Sila (request_ID, creator_ID, title, description, status, type, generated_id, final_priority_score, created_at) VALUES (2891, 33, 'Sifre sifirlama maili gelmiyor - Mock Dev 20 - 63', 'Dun yapilan guncellemeden sonra bozuldu.', 'COMPLETED', 'ENTEGRASYON_SIKINTILARI', 'M-0891', 81.4, '2026-07-17 15:03:35');
INSERT INTO priorities_Sila (priority_ID, request_ID, company_points, product_mgr_score, software_mgr_score, priority_score) VALUES (2891, 2891, 83.6, 5, 3, 81.4);
INSERT INTO workflows_Sila (task_ID, request_ID, developer_ID, workflow_status, assigned_by_ID, assigned_at, resolved_at) VALUES (2891, 2891, 20, 'RESOLVED', 1, '2026-07-17 16:03:35', '2026-07-20 16:03:35');
INSERT INTO request_notes_Sila (note_ID, request_ID, content, submitter_ID, is_internal, created_at) VALUES (3749, 2891, 'Mock not eklendi. Test amacli. (Note 0)', 1, TRUE, '2026-07-17 17:03:35');
INSERT INTO requests_Sila (request_ID, creator_ID, title, description, status, type, generated_id, final_priority_score, created_at) VALUES (2892, 32, 'Raporlama modulu calismiyor - Mock Dev 20 - 64', 'Dun yapilan guncellemeden sonra bozuldu.', 'ASSIGNED', 'GELİŞTİRME', 'M-0892', 84.7, '2026-06-29 15:03:35');
INSERT INTO priorities_Sila (priority_ID, request_ID, company_points, product_mgr_score, software_mgr_score, priority_score) VALUES (2892, 2892, 91.6, 4, 4, 84.7);
INSERT INTO workflows_Sila (task_ID, request_ID, developer_ID, workflow_status, assigned_by_ID, assigned_at) VALUES (2892, 2892, 20, 'ASSIGNED', 1, '2026-06-29 16:03:35');
INSERT INTO request_notes_Sila (note_ID, request_ID, content, submitter_ID, is_internal, created_at) VALUES (3750, 2892, 'Mock not eklendi. Test amacli. (Note 0)', 20, TRUE, '2026-06-29 17:03:35');
INSERT INTO request_notes_Sila (note_ID, request_ID, content, submitter_ID, is_internal, created_at) VALUES (3751, 2892, 'Mock not eklendi. Test amacli. (Note 1)', 20, TRUE, '2026-06-29 18:03:35');
INSERT INTO request_notes_Sila (note_ID, request_ID, content, submitter_ID, is_internal, created_at) VALUES (3752, 2892, 'Mock not eklendi. Test amacli. (Note 2)', 1, FALSE, '2026-06-29 19:03:35');
INSERT INTO requests_Sila (request_ID, creator_ID, title, description, status, type, generated_id, final_priority_score, created_at) VALUES (2893, 31, 'Yeni buton eklenmesi - Mock Dev 21 - 0', 'Tasarim ekibi guncellemeyi talep etti.', 'COMPLETED', 'SİSTEM_ÇÖKÜŞÜ', 'M-0893', 82.0, '2026-07-15 15:03:35');
INSERT INTO priorities_Sila (priority_ID, request_ID, company_points, product_mgr_score, software_mgr_score, priority_score) VALUES (2893, 2893, 84.9, 4, 4, 82.0);
INSERT INTO workflows_Sila (task_ID, request_ID, developer_ID, workflow_status, assigned_by_ID, assigned_at, resolved_at) VALUES (2893, 2893, 21, 'RESOLVED', 1, '2026-07-15 16:03:35', '2026-07-17 16:03:35');
INSERT INTO request_notes_Sila (note_ID, request_ID, content, submitter_ID, is_internal, created_at) VALUES (3753, 2893, 'Mock not eklendi. Test amacli. (Note 0)', 1, TRUE, '2026-07-15 17:03:35');
INSERT INTO request_notes_Sila (note_ID, request_ID, content, submitter_ID, is_internal, created_at) VALUES (3754, 2893, 'Mock not eklendi. Test amacli. (Note 1)', 1, TRUE, '2026-07-15 18:03:35');
INSERT INTO requests_Sila (request_ID, creator_ID, title, description, status, type, generated_id, final_priority_score, created_at) VALUES (2894, 35, 'Kullanici girisi yavas - Mock Dev 21 - 1', 'Test ortaminda calisiyor ama canlida hata veriyor.', 'ASSIGNED', 'VERİ_KAYBI', 'M-0894', 99.1, '2026-07-17 15:03:35');
INSERT INTO priorities_Sila (priority_ID, request_ID, company_points, product_mgr_score, software_mgr_score, priority_score) VALUES (2894, 2894, 97.6, 5, 5, 99.1);
INSERT INTO workflows_Sila (task_ID, request_ID, developer_ID, workflow_status, assigned_by_ID, assigned_at) VALUES (2894, 2894, 21, 'ASSIGNED', 1, '2026-07-17 16:03:35');
INSERT INTO request_notes_Sila (note_ID, request_ID, content, submitter_ID, is_internal, created_at) VALUES (3755, 2894, 'Mock not eklendi. Test amacli. (Note 0)', 21, TRUE, '2026-07-17 17:03:35');
INSERT INTO request_notes_Sila (note_ID, request_ID, content, submitter_ID, is_internal, created_at) VALUES (3756, 2894, 'Mock not eklendi. Test amacli. (Note 1)', 21, FALSE, '2026-07-17 18:03:35');
INSERT INTO requests_Sila (request_ID, creator_ID, title, description, status, type, generated_id, final_priority_score, created_at) VALUES (2895, 26, 'Raporlama modulu calismiyor - Mock Dev 21 - 2', 'Loglarda NullPointerException gordum, ekteki dosyaya bakiniz.', 'COMPLETED', 'DİĞER', 'M-0895', 88.1, '2026-07-13 15:03:35');
INSERT INTO priorities_Sila (priority_ID, request_ID, company_points, product_mgr_score, software_mgr_score, priority_score) VALUES (2895, 2895, 85.3, 5, 4, 88.1);
INSERT INTO workflows_Sila (task_ID, request_ID, developer_ID, workflow_status, assigned_by_ID, assigned_at, resolved_at) VALUES (2895, 2895, 21, 'RESOLVED', 1, '2026-07-13 16:03:35', '2026-07-14 16:03:35');
INSERT INTO request_notes_Sila (note_ID, request_ID, content, submitter_ID, is_internal, created_at) VALUES (3757, 2895, 'Mock not eklendi. Test amacli. (Note 0)', 21, FALSE, '2026-07-13 17:03:35');
INSERT INTO request_notes_Sila (note_ID, request_ID, content, submitter_ID, is_internal, created_at) VALUES (3758, 2895, 'Mock not eklendi. Test amacli. (Note 1)', 21, FALSE, '2026-07-13 18:03:35');
INSERT INTO request_notes_Sila (note_ID, request_ID, content, submitter_ID, is_internal, created_at) VALUES (3759, 2895, 'Mock not eklendi. Test amacli. (Note 2)', 21, FALSE, '2026-07-13 19:03:35');
INSERT INTO requests_Sila (request_ID, creator_ID, title, description, status, type, generated_id, final_priority_score, created_at) VALUES (2896, 27, 'Arayuzde kayma var - Mock Dev 21 - 3', 'Tasarim ekibi guncellemeyi talep etti.', 'ASSIGNED', 'DİĞER', 'M-0896', 91.9, '2026-07-05 15:03:35');
INSERT INTO priorities_Sila (priority_ID, request_ID, company_points, product_mgr_score, software_mgr_score, priority_score) VALUES (2896, 2896, 94.8, 4, 5, 91.9);
INSERT INTO workflows_Sila (task_ID, request_ID, developer_ID, workflow_status, assigned_by_ID, assigned_at) VALUES (2896, 2896, 21, 'ASSIGNED', 1, '2026-07-05 16:03:35');
INSERT INTO request_notes_Sila (note_ID, request_ID, content, submitter_ID, is_internal, created_at) VALUES (3760, 2896, 'Mock not eklendi. Test amacli. (Note 0)', 1, TRUE, '2026-07-05 17:03:35');
INSERT INTO request_notes_Sila (note_ID, request_ID, content, submitter_ID, is_internal, created_at) VALUES (3761, 2896, 'Mock not eklendi. Test amacli. (Note 1)', 1, TRUE, '2026-07-05 18:03:35');
INSERT INTO request_notes_Sila (note_ID, request_ID, content, submitter_ID, is_internal, created_at) VALUES (3762, 2896, 'Mock not eklendi. Test amacli. (Note 2)', 21, TRUE, '2026-07-05 19:03:35');
INSERT INTO requests_Sila (request_ID, creator_ID, title, description, status, type, generated_id, final_priority_score, created_at) VALUES (2897, 32, '500 Internal Server Error - Mock Dev 21 - 4', 'Dun yapilan guncellemeden sonra bozuldu.', 'ASSIGNED', 'GELİŞTİRME', 'M-0897', 81.6, '2026-07-11 15:03:35');
INSERT INTO priorities_Sila (priority_ID, request_ID, company_points, product_mgr_score, software_mgr_score, priority_score) VALUES (2897, 2897, 83.9, 3, 5, 81.6);
INSERT INTO workflows_Sila (task_ID, request_ID, developer_ID, workflow_status, assigned_by_ID, assigned_at) VALUES (2897, 2897, 21, 'ASSIGNED', 1, '2026-07-11 16:03:35');
INSERT INTO request_notes_Sila (note_ID, request_ID, content, submitter_ID, is_internal, created_at) VALUES (3763, 2897, 'Mock not eklendi. Test amacli. (Note 0)', 21, FALSE, '2026-07-11 17:03:35');
INSERT INTO request_notes_Sila (note_ID, request_ID, content, submitter_ID, is_internal, created_at) VALUES (3764, 2897, 'Mock not eklendi. Test amacli. (Note 1)', 21, TRUE, '2026-07-11 18:03:35');
INSERT INTO request_notes_Sila (note_ID, request_ID, content, submitter_ID, is_internal, created_at) VALUES (3765, 2897, 'Mock not eklendi. Test amacli. (Note 2)', 1, FALSE, '2026-07-11 19:03:35');
INSERT INTO requests_Sila (request_ID, creator_ID, title, description, status, type, generated_id, final_priority_score, created_at) VALUES (2898, 29, 'Veritabani baglanti hatasi - Mock Dev 21 - 5', 'Veriler eksik geliyor, veritabani sorgusu optimize edilmeli.', 'COMPLETED', 'GELİŞTİRME', 'M-0898', 65.0, '2026-06-23 15:03:35');
INSERT INTO priorities_Sila (priority_ID, request_ID, company_points, product_mgr_score, software_mgr_score, priority_score) VALUES (2898, 2898, 72.4, 3, 3, 65.0);
INSERT INTO workflows_Sila (task_ID, request_ID, developer_ID, workflow_status, assigned_by_ID, assigned_at, resolved_at) VALUES (2898, 2898, 21, 'RESOLVED', 1, '2026-06-23 16:03:35', '2026-06-24 16:03:35');
INSERT INTO request_notes_Sila (note_ID, request_ID, content, submitter_ID, is_internal, created_at) VALUES (3766, 2898, 'Mock not eklendi. Test amacli. (Note 0)', 21, FALSE, '2026-06-23 17:03:35');
INSERT INTO request_notes_Sila (note_ID, request_ID, content, submitter_ID, is_internal, created_at) VALUES (3767, 2898, 'Mock not eklendi. Test amacli. (Note 1)', 21, FALSE, '2026-06-23 18:03:35');
INSERT INTO request_notes_Sila (note_ID, request_ID, content, submitter_ID, is_internal, created_at) VALUES (3768, 2898, 'Mock not eklendi. Test amacli. (Note 2)', 1, FALSE, '2026-06-23 19:03:35');
INSERT INTO requests_Sila (request_ID, creator_ID, title, description, status, type, generated_id, final_priority_score, created_at) VALUES (2899, 28, 'Sifre sifirlama maili gelmiyor - Mock Dev 21 - 6', 'Veriler eksik geliyor, veritabani sorgusu optimize edilmeli.', 'COMPLETED', 'VERİ_KAYBI', 'M-0899', 87.1, '2026-07-06 15:03:35');
INSERT INTO priorities_Sila (priority_ID, request_ID, company_points, product_mgr_score, software_mgr_score, priority_score) VALUES (2899, 2899, 97.8, 4, 4, 87.1);
INSERT INTO workflows_Sila (task_ID, request_ID, developer_ID, workflow_status, assigned_by_ID, assigned_at, resolved_at) VALUES (2899, 2899, 21, 'RESOLVED', 1, '2026-07-06 16:03:35', '2026-07-11 16:03:35');
INSERT INTO request_notes_Sila (note_ID, request_ID, content, submitter_ID, is_internal, created_at) VALUES (3769, 2899, 'Mock not eklendi. Test amacli. (Note 0)', 1, FALSE, '2026-07-06 17:03:35');
INSERT INTO requests_Sila (request_ID, creator_ID, title, description, status, type, generated_id, final_priority_score, created_at) VALUES (2900, 34, 'Arayuzde kayma var - Mock Dev 21 - 7', 'Veriler eksik geliyor, veritabani sorgusu optimize edilmeli.', 'COMPLETED', 'BUG_DÜZELTME', 'M-0900', 78.7, '2026-06-28 15:03:35');
INSERT INTO priorities_Sila (priority_ID, request_ID, company_points, product_mgr_score, software_mgr_score, priority_score) VALUES (2900, 2900, 76.9, 4, 4, 78.7);
INSERT INTO workflows_Sila (task_ID, request_ID, developer_ID, workflow_status, assigned_by_ID, assigned_at, resolved_at) VALUES (2900, 2900, 21, 'RESOLVED', 1, '2026-06-28 16:03:35', '2026-07-03 16:03:35');
INSERT INTO request_notes_Sila (note_ID, request_ID, content, submitter_ID, is_internal, created_at) VALUES (3770, 2900, 'Mock not eklendi. Test amacli. (Note 0)', 1, FALSE, '2026-06-28 17:03:35');
INSERT INTO request_notes_Sila (note_ID, request_ID, content, submitter_ID, is_internal, created_at) VALUES (3771, 2900, 'Mock not eklendi. Test amacli. (Note 1)', 1, TRUE, '2026-06-28 18:03:35');
INSERT INTO request_notes_Sila (note_ID, request_ID, content, submitter_ID, is_internal, created_at) VALUES (3772, 2900, 'Mock not eklendi. Test amacli. (Note 2)', 21, FALSE, '2026-06-28 19:03:35');
INSERT INTO requests_Sila (request_ID, creator_ID, title, description, status, type, generated_id, final_priority_score, created_at) VALUES (2901, 29, 'Yeni buton eklenmesi - Mock Dev 21 - 8', 'Performans cok dusuk.', 'ASSIGNED', 'YENİ_ÖZELLİK_EKLEME', 'M-0901', 89.4, '2026-07-11 15:03:35');
INSERT INTO priorities_Sila (priority_ID, request_ID, company_points, product_mgr_score, software_mgr_score, priority_score) VALUES (2901, 2901, 73.5, 5, 5, 89.4);
INSERT INTO workflows_Sila (task_ID, request_ID, developer_ID, workflow_status, assigned_by_ID, assigned_at) VALUES (2901, 2901, 21, 'ASSIGNED', 1, '2026-07-11 16:03:35');
INSERT INTO request_notes_Sila (note_ID, request_ID, content, submitter_ID, is_internal, created_at) VALUES (3773, 2901, 'Mock not eklendi. Test amacli. (Note 0)', 1, FALSE, '2026-07-11 17:03:35');
INSERT INTO request_notes_Sila (note_ID, request_ID, content, submitter_ID, is_internal, created_at) VALUES (3774, 2901, 'Mock not eklendi. Test amacli. (Note 1)', 1, TRUE, '2026-07-11 18:03:35');
INSERT INTO requests_Sila (request_ID, creator_ID, title, description, status, type, generated_id, final_priority_score, created_at) VALUES (2902, 30, '500 Internal Server Error - Mock Dev 21 - 9', 'Veriler eksik geliyor, veritabani sorgusu optimize edilmeli.', 'ASSIGNED', 'ENTEGRASYON_SIKINTILARI', 'M-0902', 91.3, '2026-07-05 15:03:35');
INSERT INTO priorities_Sila (priority_ID, request_ID, company_points, product_mgr_score, software_mgr_score, priority_score) VALUES (2902, 2902, 93.3, 5, 4, 91.3);
INSERT INTO workflows_Sila (task_ID, request_ID, developer_ID, workflow_status, assigned_by_ID, assigned_at) VALUES (2902, 2902, 21, 'ASSIGNED', 1, '2026-07-05 16:03:35');
INSERT INTO request_notes_Sila (note_ID, request_ID, content, submitter_ID, is_internal, created_at) VALUES (3775, 2902, 'Mock not eklendi. Test amacli. (Note 0)', 21, TRUE, '2026-07-05 17:03:35');
INSERT INTO request_notes_Sila (note_ID, request_ID, content, submitter_ID, is_internal, created_at) VALUES (3776, 2902, 'Mock not eklendi. Test amacli. (Note 1)', 21, FALSE, '2026-07-05 18:03:35');
INSERT INTO requests_Sila (request_ID, creator_ID, title, description, status, type, generated_id, final_priority_score, created_at) VALUES (2903, 32, 'Arayuzde kayma var - Mock Dev 21 - 10', 'Dun yapilan guncellemeden sonra bozuldu.', 'COMPLETED', 'SİSTEM_ÇÖKÜŞÜ', 'M-0903', 86.6, '2026-06-24 15:03:35');
INSERT INTO priorities_Sila (priority_ID, request_ID, company_points, product_mgr_score, software_mgr_score, priority_score) VALUES (2903, 2903, 96.6, 5, 3, 86.6);
INSERT INTO workflows_Sila (task_ID, request_ID, developer_ID, workflow_status, assigned_by_ID, assigned_at, resolved_at) VALUES (2903, 2903, 21, 'RESOLVED', 1, '2026-06-24 16:03:35', '2026-06-26 16:03:35');
INSERT INTO request_notes_Sila (note_ID, request_ID, content, submitter_ID, is_internal, created_at) VALUES (3777, 2903, 'Mock not eklendi. Test amacli. (Note 0)', 1, FALSE, '2026-06-24 17:03:35');
INSERT INTO requests_Sila (request_ID, creator_ID, title, description, status, type, generated_id, final_priority_score, created_at) VALUES (2904, 29, '500 Internal Server Error - Mock Dev 21 - 11', 'Musteriler bu sorundan sikayetci, acil bakilmasi gerekiyor.', 'ASSIGNED', 'SİSTEM_ÇÖKÜŞÜ', 'M-0904', 80.3, '2026-07-02 15:03:35');
INSERT INTO priorities_Sila (priority_ID, request_ID, company_points, product_mgr_score, software_mgr_score, priority_score) VALUES (2904, 2904, 80.8, 4, 4, 80.3);
INSERT INTO workflows_Sila (task_ID, request_ID, developer_ID, workflow_status, assigned_by_ID, assigned_at) VALUES (2904, 2904, 21, 'ASSIGNED', 1, '2026-07-02 16:03:35');
INSERT INTO request_notes_Sila (note_ID, request_ID, content, submitter_ID, is_internal, created_at) VALUES (3778, 2904, 'Mock not eklendi. Test amacli. (Note 0)', 21, TRUE, '2026-07-02 17:03:35');
INSERT INTO request_notes_Sila (note_ID, request_ID, content, submitter_ID, is_internal, created_at) VALUES (3779, 2904, 'Mock not eklendi. Test amacli. (Note 1)', 1, FALSE, '2026-07-02 18:03:35');
INSERT INTO requests_Sila (request_ID, creator_ID, title, description, status, type, generated_id, final_priority_score, created_at) VALUES (2905, 27, 'Yeni buton eklenmesi - Mock Dev 21 - 12', 'Loglarda NullPointerException gordum, ekteki dosyaya bakiniz.', 'ASSIGNED', 'GELİŞTİRME', 'M-0905', 95.4, '2026-07-02 15:03:35');
INSERT INTO priorities_Sila (priority_ID, request_ID, company_points, product_mgr_score, software_mgr_score, priority_score) VALUES (2905, 2905, 88.4, 5, 5, 95.4);
INSERT INTO workflows_Sila (task_ID, request_ID, developer_ID, workflow_status, assigned_by_ID, assigned_at) VALUES (2905, 2905, 21, 'ASSIGNED', 1, '2026-07-02 16:03:35');
INSERT INTO request_notes_Sila (note_ID, request_ID, content, submitter_ID, is_internal, created_at) VALUES (3780, 2905, 'Mock not eklendi. Test amacli. (Note 0)', 21, TRUE, '2026-07-02 17:03:35');
INSERT INTO request_notes_Sila (note_ID, request_ID, content, submitter_ID, is_internal, created_at) VALUES (3781, 2905, 'Mock not eklendi. Test amacli. (Note 1)', 1, TRUE, '2026-07-02 18:03:35');
INSERT INTO request_notes_Sila (note_ID, request_ID, content, submitter_ID, is_internal, created_at) VALUES (3782, 2905, 'Mock not eklendi. Test amacli. (Note 2)', 1, FALSE, '2026-07-02 19:03:35');
INSERT INTO requests_Sila (request_ID, creator_ID, title, description, status, type, generated_id, final_priority_score, created_at) VALUES (2906, 32, '500 Internal Server Error - Mock Dev 21 - 13', 'Test ortaminda calisiyor ama canlida hata veriyor.', 'ASSIGNED', 'ENTEGRASYON_SIKINTILARI', 'M-0906', 84.2, '2026-06-21 15:03:35');
INSERT INTO priorities_Sila (priority_ID, request_ID, company_points, product_mgr_score, software_mgr_score, priority_score) VALUES (2906, 2906, 90.4, 5, 3, 84.2);
INSERT INTO workflows_Sila (task_ID, request_ID, developer_ID, workflow_status, assigned_by_ID, assigned_at) VALUES (2906, 2906, 21, 'ASSIGNED', 1, '2026-06-21 16:03:35');
INSERT INTO request_notes_Sila (note_ID, request_ID, content, submitter_ID, is_internal, created_at) VALUES (3783, 2906, 'Mock not eklendi. Test amacli. (Note 0)', 21, TRUE, '2026-06-21 17:03:35');
INSERT INTO request_notes_Sila (note_ID, request_ID, content, submitter_ID, is_internal, created_at) VALUES (3784, 2906, 'Mock not eklendi. Test amacli. (Note 1)', 1, FALSE, '2026-06-21 18:03:35');
INSERT INTO request_notes_Sila (note_ID, request_ID, content, submitter_ID, is_internal, created_at) VALUES (3785, 2906, 'Mock not eklendi. Test amacli. (Note 2)', 21, TRUE, '2026-06-21 19:03:35');
INSERT INTO requests_Sila (request_ID, creator_ID, title, description, status, type, generated_id, final_priority_score, created_at) VALUES (2907, 33, 'Kullanici girisi yavas - Mock Dev 21 - 14', 'Musteriler bu sorundan sikayetci, acil bakilmasi gerekiyor.', 'COMPLETED', 'DİĞER', 'M-0907', 86.1, '2026-07-11 15:03:35');
INSERT INTO priorities_Sila (priority_ID, request_ID, company_points, product_mgr_score, software_mgr_score, priority_score) VALUES (2907, 2907, 95.2, 5, 3, 86.1);
INSERT INTO workflows_Sila (task_ID, request_ID, developer_ID, workflow_status, assigned_by_ID, assigned_at, resolved_at) VALUES (2907, 2907, 21, 'RESOLVED', 1, '2026-07-11 16:03:35', '2026-07-15 16:03:35');
INSERT INTO request_notes_Sila (note_ID, request_ID, content, submitter_ID, is_internal, created_at) VALUES (3786, 2907, 'Mock not eklendi. Test amacli. (Note 0)', 1, TRUE, '2026-07-11 17:03:35');
INSERT INTO request_notes_Sila (note_ID, request_ID, content, submitter_ID, is_internal, created_at) VALUES (3787, 2907, 'Mock not eklendi. Test amacli. (Note 1)', 1, TRUE, '2026-07-11 18:03:35');
INSERT INTO requests_Sila (request_ID, creator_ID, title, description, status, type, generated_id, final_priority_score, created_at) VALUES (2908, 28, '500 Internal Server Error - Mock Dev 21 - 15', 'Tasarim ekibi guncellemeyi talep etti.', 'ASSIGNED', 'VERİ_KAYBI', 'M-0908', 83.9, '2026-07-18 15:03:35');
INSERT INTO priorities_Sila (priority_ID, request_ID, company_points, product_mgr_score, software_mgr_score, priority_score) VALUES (2908, 2908, 89.9, 5, 3, 83.9);
INSERT INTO workflows_Sila (task_ID, request_ID, developer_ID, workflow_status, assigned_by_ID, assigned_at) VALUES (2908, 2908, 21, 'ASSIGNED', 1, '2026-07-18 16:03:35');
INSERT INTO request_notes_Sila (note_ID, request_ID, content, submitter_ID, is_internal, created_at) VALUES (3788, 2908, 'Mock not eklendi. Test amacli. (Note 0)', 21, TRUE, '2026-07-18 17:03:35');
INSERT INTO requests_Sila (request_ID, creator_ID, title, description, status, type, generated_id, final_priority_score, created_at) VALUES (2909, 34, 'Sayfa yuklenmiyor - Mock Dev 21 - 16', 'Loglarda NullPointerException gordum, ekteki dosyaya bakiniz.', 'COMPLETED', 'GELİŞTİRME', 'M-0909', 87.3, '2026-06-25 15:03:35');
INSERT INTO priorities_Sila (priority_ID, request_ID, company_points, product_mgr_score, software_mgr_score, priority_score) VALUES (2909, 2909, 83.4, 4, 5, 87.3);
INSERT INTO workflows_Sila (task_ID, request_ID, developer_ID, workflow_status, assigned_by_ID, assigned_at, resolved_at) VALUES (2909, 2909, 21, 'RESOLVED', 1, '2026-06-25 16:03:35', '2026-06-30 16:03:35');
INSERT INTO request_notes_Sila (note_ID, request_ID, content, submitter_ID, is_internal, created_at) VALUES (3789, 2909, 'Mock not eklendi. Test amacli. (Note 0)', 21, FALSE, '2026-06-25 17:03:35');
INSERT INTO requests_Sila (request_ID, creator_ID, title, description, status, type, generated_id, final_priority_score, created_at) VALUES (2910, 29, 'Arayuzde kayma var - Mock Dev 21 - 17', 'Performans cok dusuk.', 'ASSIGNED', 'DİĞER', 'M-0910', 87.8, '2026-07-11 15:03:35');
INSERT INTO priorities_Sila (priority_ID, request_ID, company_points, product_mgr_score, software_mgr_score, priority_score) VALUES (2910, 2910, 84.6, 5, 4, 87.8);
INSERT INTO workflows_Sila (task_ID, request_ID, developer_ID, workflow_status, assigned_by_ID, assigned_at) VALUES (2910, 2910, 21, 'ASSIGNED', 1, '2026-07-11 16:03:35');
INSERT INTO request_notes_Sila (note_ID, request_ID, content, submitter_ID, is_internal, created_at) VALUES (3790, 2910, 'Mock not eklendi. Test amacli. (Note 0)', 1, FALSE, '2026-07-11 17:03:35');
INSERT INTO request_notes_Sila (note_ID, request_ID, content, submitter_ID, is_internal, created_at) VALUES (3791, 2910, 'Mock not eklendi. Test amacli. (Note 1)', 1, TRUE, '2026-07-11 18:03:35');
INSERT INTO request_notes_Sila (note_ID, request_ID, content, submitter_ID, is_internal, created_at) VALUES (3792, 2910, 'Mock not eklendi. Test amacli. (Note 2)', 1, FALSE, '2026-07-11 19:03:35');
INSERT INTO requests_Sila (request_ID, creator_ID, title, description, status, type, generated_id, final_priority_score, created_at) VALUES (2911, 26, 'Veri kaybi yasaniyor - Mock Dev 21 - 18', 'Tasarim ekibi guncellemeyi talep etti.', 'COMPLETED', 'SİSTEM_ÇÖKÜŞÜ', 'M-0911', 81.7, '2026-07-01 15:03:35');
INSERT INTO priorities_Sila (priority_ID, request_ID, company_points, product_mgr_score, software_mgr_score, priority_score) VALUES (2911, 2911, 84.2, 4, 4, 81.7);
INSERT INTO workflows_Sila (task_ID, request_ID, developer_ID, workflow_status, assigned_by_ID, assigned_at, resolved_at) VALUES (2911, 2911, 21, 'RESOLVED', 1, '2026-07-01 16:03:35', '2026-07-04 16:03:35');
INSERT INTO request_notes_Sila (note_ID, request_ID, content, submitter_ID, is_internal, created_at) VALUES (3793, 2911, 'Mock not eklendi. Test amacli. (Note 0)', 1, FALSE, '2026-07-01 17:03:35');
INSERT INTO request_notes_Sila (note_ID, request_ID, content, submitter_ID, is_internal, created_at) VALUES (3794, 2911, 'Mock not eklendi. Test amacli. (Note 1)', 21, TRUE, '2026-07-01 18:03:35');
INSERT INTO request_notes_Sila (note_ID, request_ID, content, submitter_ID, is_internal, created_at) VALUES (3795, 2911, 'Mock not eklendi. Test amacli. (Note 2)', 21, TRUE, '2026-07-01 19:03:35');
INSERT INTO requests_Sila (request_ID, creator_ID, title, description, status, type, generated_id, final_priority_score, created_at) VALUES (2912, 26, 'Veritabani baglanti hatasi - Mock Dev 21 - 19', 'Tasarim ekibi guncellemeyi talep etti.', 'ASSIGNED', 'GELİŞTİRME', 'M-0912', 70.4, '2026-07-17 15:03:35');
INSERT INTO priorities_Sila (priority_ID, request_ID, company_points, product_mgr_score, software_mgr_score, priority_score) VALUES (2912, 2912, 71.0, 4, 3, 70.4);
INSERT INTO workflows_Sila (task_ID, request_ID, developer_ID, workflow_status, assigned_by_ID, assigned_at) VALUES (2912, 2912, 21, 'ASSIGNED', 1, '2026-07-17 16:03:35');
INSERT INTO request_notes_Sila (note_ID, request_ID, content, submitter_ID, is_internal, created_at) VALUES (3796, 2912, 'Mock not eklendi. Test amacli. (Note 0)', 21, TRUE, '2026-07-17 17:03:35');
INSERT INTO requests_Sila (request_ID, creator_ID, title, description, status, type, generated_id, final_priority_score, created_at) VALUES (2913, 26, 'Mobil uyumluluk sorunu - Mock Dev 21 - 20', 'Tasarim ekibi guncellemeyi talep etti.', 'ASSIGNED', 'VERİ_KAYBI', 'M-0913', 80.1, '2026-06-21 15:03:35');
INSERT INTO priorities_Sila (priority_ID, request_ID, company_points, product_mgr_score, software_mgr_score, priority_score) VALUES (2913, 2913, 80.2, 5, 3, 80.1);
INSERT INTO workflows_Sila (task_ID, request_ID, developer_ID, workflow_status, assigned_by_ID, assigned_at) VALUES (2913, 2913, 21, 'ASSIGNED', 1, '2026-06-21 16:03:35');
INSERT INTO request_notes_Sila (note_ID, request_ID, content, submitter_ID, is_internal, created_at) VALUES (3797, 2913, 'Mock not eklendi. Test amacli. (Note 0)', 1, FALSE, '2026-06-21 17:03:35');
INSERT INTO request_notes_Sila (note_ID, request_ID, content, submitter_ID, is_internal, created_at) VALUES (3798, 2913, 'Mock not eklendi. Test amacli. (Note 1)', 21, TRUE, '2026-06-21 18:03:35');
INSERT INTO requests_Sila (request_ID, creator_ID, title, description, status, type, generated_id, final_priority_score, created_at) VALUES (2914, 28, '500 Internal Server Error - Mock Dev 21 - 21', 'Sistemin genelini etkileyen bir yavaslik soz konusu.', 'ASSIGNED', 'SİSTEM_ÇÖKÜŞÜ', 'M-0914', 92.3, '2026-07-17 15:03:35');
INSERT INTO priorities_Sila (priority_ID, request_ID, company_points, product_mgr_score, software_mgr_score, priority_score) VALUES (2914, 2914, 95.7, 5, 4, 92.3);
INSERT INTO workflows_Sila (task_ID, request_ID, developer_ID, workflow_status, assigned_by_ID, assigned_at) VALUES (2914, 2914, 21, 'ASSIGNED', 1, '2026-07-17 16:03:35');
INSERT INTO request_notes_Sila (note_ID, request_ID, content, submitter_ID, is_internal, created_at) VALUES (3799, 2914, 'Mock not eklendi. Test amacli. (Note 0)', 1, FALSE, '2026-07-17 17:03:35');
INSERT INTO request_notes_Sila (note_ID, request_ID, content, submitter_ID, is_internal, created_at) VALUES (3800, 2914, 'Mock not eklendi. Test amacli. (Note 1)', 21, TRUE, '2026-07-17 18:03:35');
INSERT INTO requests_Sila (request_ID, creator_ID, title, description, status, type, generated_id, final_priority_score, created_at) VALUES (2915, 28, 'Yeni buton eklenmesi - Mock Dev 21 - 22', 'Dun yapilan guncellemeden sonra bozuldu.', 'ASSIGNED', 'BUG_DÜZELTME', 'M-0915', 99.7, '2026-07-05 15:03:35');
INSERT INTO priorities_Sila (priority_ID, request_ID, company_points, product_mgr_score, software_mgr_score, priority_score) VALUES (2915, 2915, 99.4, 5, 5, 99.7);
INSERT INTO workflows_Sila (task_ID, request_ID, developer_ID, workflow_status, assigned_by_ID, assigned_at) VALUES (2915, 2915, 21, 'ASSIGNED', 1, '2026-07-05 16:03:35');
INSERT INTO request_notes_Sila (note_ID, request_ID, content, submitter_ID, is_internal, created_at) VALUES (3801, 2915, 'Mock not eklendi. Test amacli. (Note 0)', 1, TRUE, '2026-07-05 17:03:35');
INSERT INTO requests_Sila (request_ID, creator_ID, title, description, status, type, generated_id, final_priority_score, created_at) VALUES (2916, 30, 'Veri kaybi yasaniyor - Mock Dev 21 - 23', 'Loglarda NullPointerException gordum, ekteki dosyaya bakiniz.', 'COMPLETED', 'GELİŞTİRME', 'M-0916', 79.6, '2026-06-30 15:03:35');
INSERT INTO priorities_Sila (priority_ID, request_ID, company_points, product_mgr_score, software_mgr_score, priority_score) VALUES (2916, 2916, 78.9, 3, 5, 79.6);
INSERT INTO workflows_Sila (task_ID, request_ID, developer_ID, workflow_status, assigned_by_ID, assigned_at, resolved_at) VALUES (2916, 2916, 21, 'RESOLVED', 1, '2026-06-30 16:03:35', '2026-07-02 16:03:35');
INSERT INTO request_notes_Sila (note_ID, request_ID, content, submitter_ID, is_internal, created_at) VALUES (3802, 2916, 'Mock not eklendi. Test amacli. (Note 0)', 1, TRUE, '2026-06-30 17:03:35');
INSERT INTO requests_Sila (request_ID, creator_ID, title, description, status, type, generated_id, final_priority_score, created_at) VALUES (2917, 30, 'Raporlama modulu calismiyor - Mock Dev 21 - 24', 'Test ortaminda calisiyor ama canlida hata veriyor.', 'ASSIGNED', 'YENİ_ÖZELLİK_EKLEME', 'M-0917', 81.3, '2026-07-11 15:03:35');
INSERT INTO priorities_Sila (priority_ID, request_ID, company_points, product_mgr_score, software_mgr_score, priority_score) VALUES (2917, 2917, 98.1, 4, 3, 81.3);
INSERT INTO workflows_Sila (task_ID, request_ID, developer_ID, workflow_status, assigned_by_ID, assigned_at) VALUES (2917, 2917, 21, 'ASSIGNED', 1, '2026-07-11 16:03:35');
INSERT INTO request_notes_Sila (note_ID, request_ID, content, submitter_ID, is_internal, created_at) VALUES (3803, 2917, 'Mock not eklendi. Test amacli. (Note 0)', 21, TRUE, '2026-07-11 17:03:35');
INSERT INTO requests_Sila (request_ID, creator_ID, title, description, status, type, generated_id, final_priority_score, created_at) VALUES (2918, 29, 'Arayuzde kayma var - Mock Dev 21 - 25', 'Sistemin genelini etkileyen bir yavaslik soz konusu.', 'ASSIGNED', 'SİSTEM_ÇÖKÜŞÜ', 'M-0918', 70.8, '2026-07-16 15:03:35');
INSERT INTO priorities_Sila (priority_ID, request_ID, company_points, product_mgr_score, software_mgr_score, priority_score) VALUES (2918, 2918, 87.1, 3, 3, 70.8);
INSERT INTO workflows_Sila (task_ID, request_ID, developer_ID, workflow_status, assigned_by_ID, assigned_at) VALUES (2918, 2918, 21, 'ASSIGNED', 1, '2026-07-16 16:03:35');
INSERT INTO request_notes_Sila (note_ID, request_ID, content, submitter_ID, is_internal, created_at) VALUES (3804, 2918, 'Mock not eklendi. Test amacli. (Note 0)', 1, FALSE, '2026-07-16 17:03:35');
INSERT INTO requests_Sila (request_ID, creator_ID, title, description, status, type, generated_id, final_priority_score, created_at) VALUES (2919, 34, 'Sayfa yuklenmiyor - Mock Dev 21 - 26', 'Performans cok dusuk.', 'ASSIGNED', 'YENİ_ÖZELLİK_EKLEME', 'M-0919', 73.9, '2026-07-07 15:03:35');
INSERT INTO priorities_Sila (priority_ID, request_ID, company_points, product_mgr_score, software_mgr_score, priority_score) VALUES (2919, 2919, 79.6, 3, 4, 73.9);
INSERT INTO workflows_Sila (task_ID, request_ID, developer_ID, workflow_status, assigned_by_ID, assigned_at) VALUES (2919, 2919, 21, 'ASSIGNED', 1, '2026-07-07 16:03:35');
INSERT INTO request_notes_Sila (note_ID, request_ID, content, submitter_ID, is_internal, created_at) VALUES (3805, 2919, 'Mock not eklendi. Test amacli. (Note 0)', 1, FALSE, '2026-07-07 17:03:35');
INSERT INTO request_notes_Sila (note_ID, request_ID, content, submitter_ID, is_internal, created_at) VALUES (3806, 2919, 'Mock not eklendi. Test amacli. (Note 1)', 21, FALSE, '2026-07-07 18:03:35');
INSERT INTO request_notes_Sila (note_ID, request_ID, content, submitter_ID, is_internal, created_at) VALUES (3807, 2919, 'Mock not eklendi. Test amacli. (Note 2)', 21, TRUE, '2026-07-07 19:03:35');
INSERT INTO requests_Sila (request_ID, creator_ID, title, description, status, type, generated_id, final_priority_score, created_at) VALUES (2920, 26, '500 Internal Server Error - Mock Dev 21 - 27', 'Loglarda NullPointerException gordum, ekteki dosyaya bakiniz.', 'ASSIGNED', 'VERİ_KAYBI', 'M-0920', 84.8, '2026-06-25 15:03:35');
INSERT INTO priorities_Sila (priority_ID, request_ID, company_points, product_mgr_score, software_mgr_score, priority_score) VALUES (2920, 2920, 77.0, 5, 4, 84.8);
INSERT INTO workflows_Sila (task_ID, request_ID, developer_ID, workflow_status, assigned_by_ID, assigned_at) VALUES (2920, 2920, 21, 'ASSIGNED', 1, '2026-06-25 16:03:35');
INSERT INTO request_notes_Sila (note_ID, request_ID, content, submitter_ID, is_internal, created_at) VALUES (3808, 2920, 'Mock not eklendi. Test amacli. (Note 0)', 21, TRUE, '2026-06-25 17:03:35');
INSERT INTO request_notes_Sila (note_ID, request_ID, content, submitter_ID, is_internal, created_at) VALUES (3809, 2920, 'Mock not eklendi. Test amacli. (Note 1)', 1, FALSE, '2026-06-25 18:03:35');
INSERT INTO request_notes_Sila (note_ID, request_ID, content, submitter_ID, is_internal, created_at) VALUES (3810, 2920, 'Mock not eklendi. Test amacli. (Note 2)', 1, FALSE, '2026-06-25 19:03:35');
INSERT INTO requests_Sila (request_ID, creator_ID, title, description, status, type, generated_id, final_priority_score, created_at) VALUES (2921, 28, 'Kullanici girisi yavas - Mock Dev 21 - 28', 'Loglarda NullPointerException gordum, ekteki dosyaya bakiniz.', 'COMPLETED', 'VERİ_KAYBI', 'M-0921', 77.1, '2026-06-24 15:03:35');
INSERT INTO priorities_Sila (priority_ID, request_ID, company_points, product_mgr_score, software_mgr_score, priority_score) VALUES (2921, 2921, 87.8, 3, 4, 77.1);
INSERT INTO workflows_Sila (task_ID, request_ID, developer_ID, workflow_status, assigned_by_ID, assigned_at, resolved_at) VALUES (2921, 2921, 21, 'RESOLVED', 1, '2026-06-24 16:03:35', '2026-06-29 16:03:35');
INSERT INTO request_notes_Sila (note_ID, request_ID, content, submitter_ID, is_internal, created_at) VALUES (3811, 2921, 'Mock not eklendi. Test amacli. (Note 0)', 1, FALSE, '2026-06-24 17:03:35');
INSERT INTO request_notes_Sila (note_ID, request_ID, content, submitter_ID, is_internal, created_at) VALUES (3812, 2921, 'Mock not eklendi. Test amacli. (Note 1)', 21, FALSE, '2026-06-24 18:03:35');
INSERT INTO requests_Sila (request_ID, creator_ID, title, description, status, type, generated_id, final_priority_score, created_at) VALUES (2922, 34, 'Veritabani baglanti hatasi - Mock Dev 21 - 29', 'Sistemin genelini etkileyen bir yavaslik soz konusu.', 'COMPLETED', 'VERİ_KAYBI', 'M-0922', 89.9, '2026-07-14 15:03:35');
INSERT INTO priorities_Sila (priority_ID, request_ID, company_points, product_mgr_score, software_mgr_score, priority_score) VALUES (2922, 2922, 89.7, 4, 5, 89.9);
INSERT INTO workflows_Sila (task_ID, request_ID, developer_ID, workflow_status, assigned_by_ID, assigned_at, resolved_at) VALUES (2922, 2922, 21, 'RESOLVED', 1, '2026-07-14 16:03:35', '2026-07-16 16:03:35');
INSERT INTO request_notes_Sila (note_ID, request_ID, content, submitter_ID, is_internal, created_at) VALUES (3813, 2922, 'Mock not eklendi. Test amacli. (Note 0)', 1, FALSE, '2026-07-14 17:03:35');
INSERT INTO requests_Sila (request_ID, creator_ID, title, description, status, type, generated_id, final_priority_score, created_at) VALUES (2923, 26, 'Veri kaybi yasaniyor - Mock Dev 21 - 30', 'Test ortaminda calisiyor ama canlida hata veriyor.', 'ASSIGNED', 'DİĞER', 'M-0923', 80.6, '2026-06-21 15:03:35');
INSERT INTO priorities_Sila (priority_ID, request_ID, company_points, product_mgr_score, software_mgr_score, priority_score) VALUES (2923, 2923, 96.5, 3, 4, 80.6);
INSERT INTO workflows_Sila (task_ID, request_ID, developer_ID, workflow_status, assigned_by_ID, assigned_at) VALUES (2923, 2923, 21, 'ASSIGNED', 1, '2026-06-21 16:03:35');
INSERT INTO request_notes_Sila (note_ID, request_ID, content, submitter_ID, is_internal, created_at) VALUES (3814, 2923, 'Mock not eklendi. Test amacli. (Note 0)', 21, TRUE, '2026-06-21 17:03:35');
INSERT INTO request_notes_Sila (note_ID, request_ID, content, submitter_ID, is_internal, created_at) VALUES (3815, 2923, 'Mock not eklendi. Test amacli. (Note 1)', 21, TRUE, '2026-06-21 18:03:35');
INSERT INTO request_notes_Sila (note_ID, request_ID, content, submitter_ID, is_internal, created_at) VALUES (3816, 2923, 'Mock not eklendi. Test amacli. (Note 2)', 21, TRUE, '2026-06-21 19:03:35');
INSERT INTO requests_Sila (request_ID, creator_ID, title, description, status, type, generated_id, final_priority_score, created_at) VALUES (2924, 32, '500 Internal Server Error - Mock Dev 21 - 31', 'Veriler eksik geliyor, veritabani sorgusu optimize edilmeli.', 'ASSIGNED', 'GELİŞTİRME', 'M-0924', 87.6, '2026-07-07 15:03:35');
INSERT INTO priorities_Sila (priority_ID, request_ID, company_points, product_mgr_score, software_mgr_score, priority_score) VALUES (2924, 2924, 83.9, 5, 4, 87.6);
INSERT INTO workflows_Sila (task_ID, request_ID, developer_ID, workflow_status, assigned_by_ID, assigned_at) VALUES (2924, 2924, 21, 'ASSIGNED', 1, '2026-07-07 16:03:35');
INSERT INTO request_notes_Sila (note_ID, request_ID, content, submitter_ID, is_internal, created_at) VALUES (3817, 2924, 'Mock not eklendi. Test amacli. (Note 0)', 1, TRUE, '2026-07-07 17:03:35');
INSERT INTO request_notes_Sila (note_ID, request_ID, content, submitter_ID, is_internal, created_at) VALUES (3818, 2924, 'Mock not eklendi. Test amacli. (Note 1)', 21, FALSE, '2026-07-07 18:03:35');
INSERT INTO requests_Sila (request_ID, creator_ID, title, description, status, type, generated_id, final_priority_score, created_at) VALUES (2925, 28, 'Yeni buton eklenmesi - Mock Dev 21 - 32', 'Test ortaminda calisiyor ama canlida hata veriyor.', 'COMPLETED', 'DİĞER', 'M-0925', 84.5, '2026-06-29 15:03:35');
INSERT INTO priorities_Sila (priority_ID, request_ID, company_points, product_mgr_score, software_mgr_score, priority_score) VALUES (2925, 2925, 91.2, 4, 4, 84.5);
INSERT INTO workflows_Sila (task_ID, request_ID, developer_ID, workflow_status, assigned_by_ID, assigned_at, resolved_at) VALUES (2925, 2925, 21, 'RESOLVED', 1, '2026-06-29 16:03:35', '2026-06-30 16:03:35');
INSERT INTO request_notes_Sila (note_ID, request_ID, content, submitter_ID, is_internal, created_at) VALUES (3819, 2925, 'Mock not eklendi. Test amacli. (Note 0)', 1, FALSE, '2026-06-29 17:03:35');
INSERT INTO request_notes_Sila (note_ID, request_ID, content, submitter_ID, is_internal, created_at) VALUES (3820, 2925, 'Mock not eklendi. Test amacli. (Note 1)', 21, TRUE, '2026-06-29 18:03:35');
INSERT INTO requests_Sila (request_ID, creator_ID, title, description, status, type, generated_id, final_priority_score, created_at) VALUES (2926, 32, 'Sifre sifirlama maili gelmiyor - Mock Dev 21 - 33', 'Loglarda NullPointerException gordum, ekteki dosyaya bakiniz.', 'ASSIGNED', 'BUG_DÜZELTME', 'M-0926', 76.6, '2026-07-06 15:03:35');
INSERT INTO priorities_Sila (priority_ID, request_ID, company_points, product_mgr_score, software_mgr_score, priority_score) VALUES (2926, 2926, 71.6, 4, 4, 76.6);
INSERT INTO workflows_Sila (task_ID, request_ID, developer_ID, workflow_status, assigned_by_ID, assigned_at) VALUES (2926, 2926, 21, 'ASSIGNED', 1, '2026-07-06 16:03:35');
INSERT INTO request_notes_Sila (note_ID, request_ID, content, submitter_ID, is_internal, created_at) VALUES (3821, 2926, 'Mock not eklendi. Test amacli. (Note 0)', 1, FALSE, '2026-07-06 17:03:35');
INSERT INTO request_notes_Sila (note_ID, request_ID, content, submitter_ID, is_internal, created_at) VALUES (3822, 2926, 'Mock not eklendi. Test amacli. (Note 1)', 1, TRUE, '2026-07-06 18:03:35');
INSERT INTO request_notes_Sila (note_ID, request_ID, content, submitter_ID, is_internal, created_at) VALUES (3823, 2926, 'Mock not eklendi. Test amacli. (Note 2)', 1, TRUE, '2026-07-06 19:03:35');
INSERT INTO requests_Sila (request_ID, creator_ID, title, description, status, type, generated_id, final_priority_score, created_at) VALUES (2927, 29, 'Sayfa yuklenmiyor - Mock Dev 21 - 34', 'Musteriler bu sorundan sikayetci, acil bakilmasi gerekiyor.', 'COMPLETED', 'YENİ_ÖZELLİK_EKLEME', 'M-0927', 79.8, '2026-06-27 15:03:35');
INSERT INTO priorities_Sila (priority_ID, request_ID, company_points, product_mgr_score, software_mgr_score, priority_score) VALUES (2927, 2927, 79.5, 3, 5, 79.8);
INSERT INTO workflows_Sila (task_ID, request_ID, developer_ID, workflow_status, assigned_by_ID, assigned_at, resolved_at) VALUES (2927, 2927, 21, 'RESOLVED', 1, '2026-06-27 16:03:35', '2026-06-30 16:03:35');
INSERT INTO request_notes_Sila (note_ID, request_ID, content, submitter_ID, is_internal, created_at) VALUES (3824, 2927, 'Mock not eklendi. Test amacli. (Note 0)', 21, FALSE, '2026-06-27 17:03:35');
INSERT INTO request_notes_Sila (note_ID, request_ID, content, submitter_ID, is_internal, created_at) VALUES (3825, 2927, 'Mock not eklendi. Test amacli. (Note 1)', 21, FALSE, '2026-06-27 18:03:35');
INSERT INTO requests_Sila (request_ID, creator_ID, title, description, status, type, generated_id, final_priority_score, created_at) VALUES (2928, 26, 'Sifre sifirlama maili gelmiyor - Mock Dev 21 - 35', 'Dun yapilan guncellemeden sonra bozuldu.', 'COMPLETED', 'YENİ_ÖZELLİK_EKLEME', 'M-0928', 96.1, '2026-07-07 15:03:35');
INSERT INTO priorities_Sila (priority_ID, request_ID, company_points, product_mgr_score, software_mgr_score, priority_score) VALUES (2928, 2928, 90.2, 5, 5, 96.1);
INSERT INTO workflows_Sila (task_ID, request_ID, developer_ID, workflow_status, assigned_by_ID, assigned_at, resolved_at) VALUES (2928, 2928, 21, 'RESOLVED', 1, '2026-07-07 16:03:35', '2026-07-12 16:03:35');
INSERT INTO request_notes_Sila (note_ID, request_ID, content, submitter_ID, is_internal, created_at) VALUES (3826, 2928, 'Mock not eklendi. Test amacli. (Note 0)', 1, FALSE, '2026-07-07 17:03:35');
INSERT INTO request_notes_Sila (note_ID, request_ID, content, submitter_ID, is_internal, created_at) VALUES (3827, 2928, 'Mock not eklendi. Test amacli. (Note 1)', 21, TRUE, '2026-07-07 18:03:35');
INSERT INTO request_notes_Sila (note_ID, request_ID, content, submitter_ID, is_internal, created_at) VALUES (3828, 2928, 'Mock not eklendi. Test amacli. (Note 2)', 21, FALSE, '2026-07-07 19:03:35');
INSERT INTO requests_Sila (request_ID, creator_ID, title, description, status, type, generated_id, final_priority_score, created_at) VALUES (2929, 27, 'Arayuzde kayma var - Mock Dev 21 - 36', 'Veriler eksik geliyor, veritabani sorgusu optimize edilmeli.', 'ASSIGNED', 'VERİ_KAYBI', 'M-0929', 86.9, '2026-07-14 15:03:35');
INSERT INTO priorities_Sila (priority_ID, request_ID, company_points, product_mgr_score, software_mgr_score, priority_score) VALUES (2929, 2929, 82.3, 4, 5, 86.9);
INSERT INTO workflows_Sila (task_ID, request_ID, developer_ID, workflow_status, assigned_by_ID, assigned_at) VALUES (2929, 2929, 21, 'ASSIGNED', 1, '2026-07-14 16:03:35');
INSERT INTO request_notes_Sila (note_ID, request_ID, content, submitter_ID, is_internal, created_at) VALUES (3829, 2929, 'Mock not eklendi. Test amacli. (Note 0)', 1, TRUE, '2026-07-14 17:03:35');
INSERT INTO request_notes_Sila (note_ID, request_ID, content, submitter_ID, is_internal, created_at) VALUES (3830, 2929, 'Mock not eklendi. Test amacli. (Note 1)', 1, TRUE, '2026-07-14 18:03:35');
INSERT INTO request_notes_Sila (note_ID, request_ID, content, submitter_ID, is_internal, created_at) VALUES (3831, 2929, 'Mock not eklendi. Test amacli. (Note 2)', 1, FALSE, '2026-07-14 19:03:35');
INSERT INTO requests_Sila (request_ID, creator_ID, title, description, status, type, generated_id, final_priority_score, created_at) VALUES (2930, 32, 'Mobil uyumluluk sorunu - Mock Dev 22 - 0', 'Veriler eksik geliyor, veritabani sorgusu optimize edilmeli.', 'ASSIGNED', 'GELİŞTİRME', 'M-0930', 87.0, '2026-07-17 15:03:35');
INSERT INTO priorities_Sila (priority_ID, request_ID, company_points, product_mgr_score, software_mgr_score, priority_score) VALUES (2930, 2930, 82.5, 5, 4, 87.0);
INSERT INTO workflows_Sila (task_ID, request_ID, developer_ID, workflow_status, assigned_by_ID, assigned_at) VALUES (2930, 2930, 22, 'ASSIGNED', 1, '2026-07-17 16:03:35');
INSERT INTO request_notes_Sila (note_ID, request_ID, content, submitter_ID, is_internal, created_at) VALUES (3832, 2930, 'Mock not eklendi. Test amacli. (Note 0)', 22, TRUE, '2026-07-17 17:03:35');
INSERT INTO request_notes_Sila (note_ID, request_ID, content, submitter_ID, is_internal, created_at) VALUES (3833, 2930, 'Mock not eklendi. Test amacli. (Note 1)', 22, FALSE, '2026-07-17 18:03:35');
INSERT INTO request_notes_Sila (note_ID, request_ID, content, submitter_ID, is_internal, created_at) VALUES (3834, 2930, 'Mock not eklendi. Test amacli. (Note 2)', 22, FALSE, '2026-07-17 19:03:35');
INSERT INTO requests_Sila (request_ID, creator_ID, title, description, status, type, generated_id, final_priority_score, created_at) VALUES (2931, 31, '500 Internal Server Error - Mock Dev 22 - 1', 'Test ortaminda calisiyor ama canlida hata veriyor.', 'COMPLETED', 'DİĞER', 'M-0931', 86.1, '2026-07-06 15:03:35');
INSERT INTO priorities_Sila (priority_ID, request_ID, company_points, product_mgr_score, software_mgr_score, priority_score) VALUES (2931, 2931, 95.3, 3, 5, 86.1);
INSERT INTO workflows_Sila (task_ID, request_ID, developer_ID, workflow_status, assigned_by_ID, assigned_at, resolved_at) VALUES (2931, 2931, 22, 'RESOLVED', 1, '2026-07-06 16:03:35', '2026-07-07 16:03:35');
INSERT INTO request_notes_Sila (note_ID, request_ID, content, submitter_ID, is_internal, created_at) VALUES (3835, 2931, 'Mock not eklendi. Test amacli. (Note 0)', 1, FALSE, '2026-07-06 17:03:35');
INSERT INTO requests_Sila (request_ID, creator_ID, title, description, status, type, generated_id, final_priority_score, created_at) VALUES (2932, 28, 'Raporlama modulu calismiyor - Mock Dev 22 - 2', 'Tasarim ekibi guncellemeyi talep etti.', 'ASSIGNED', 'SİSTEM_ÇÖKÜŞÜ', 'M-0932', 84.6, '2026-06-30 15:03:35');
INSERT INTO priorities_Sila (priority_ID, request_ID, company_points, product_mgr_score, software_mgr_score, priority_score) VALUES (2932, 2932, 76.4, 5, 4, 84.6);
INSERT INTO workflows_Sila (task_ID, request_ID, developer_ID, workflow_status, assigned_by_ID, assigned_at) VALUES (2932, 2932, 22, 'ASSIGNED', 1, '2026-06-30 16:03:35');
INSERT INTO request_notes_Sila (note_ID, request_ID, content, submitter_ID, is_internal, created_at) VALUES (3836, 2932, 'Mock not eklendi. Test amacli. (Note 0)', 1, TRUE, '2026-06-30 17:03:35');
INSERT INTO request_notes_Sila (note_ID, request_ID, content, submitter_ID, is_internal, created_at) VALUES (3837, 2932, 'Mock not eklendi. Test amacli. (Note 1)', 1, FALSE, '2026-06-30 18:03:35');
INSERT INTO requests_Sila (request_ID, creator_ID, title, description, status, type, generated_id, final_priority_score, created_at) VALUES (2933, 33, 'Raporlama modulu calismiyor - Mock Dev 22 - 3', 'Performans cok dusuk.', 'ASSIGNED', 'SİSTEM_ÇÖKÜŞÜ', 'M-0933', 84.9, '2026-07-18 15:03:35');
INSERT INTO priorities_Sila (priority_ID, request_ID, company_points, product_mgr_score, software_mgr_score, priority_score) VALUES (2933, 2933, 92.3, 4, 4, 84.9);
INSERT INTO workflows_Sila (task_ID, request_ID, developer_ID, workflow_status, assigned_by_ID, assigned_at) VALUES (2933, 2933, 22, 'ASSIGNED', 1, '2026-07-18 16:03:35');
INSERT INTO request_notes_Sila (note_ID, request_ID, content, submitter_ID, is_internal, created_at) VALUES (3838, 2933, 'Mock not eklendi. Test amacli. (Note 0)', 1, TRUE, '2026-07-18 17:03:35');
INSERT INTO request_notes_Sila (note_ID, request_ID, content, submitter_ID, is_internal, created_at) VALUES (3839, 2933, 'Mock not eklendi. Test amacli. (Note 1)', 22, FALSE, '2026-07-18 18:03:35');
INSERT INTO request_notes_Sila (note_ID, request_ID, content, submitter_ID, is_internal, created_at) VALUES (3840, 2933, 'Mock not eklendi. Test amacli. (Note 2)', 22, TRUE, '2026-07-18 19:03:35');
INSERT INTO requests_Sila (request_ID, creator_ID, title, description, status, type, generated_id, final_priority_score, created_at) VALUES (2934, 35, 'Sifre sifirlama maili gelmiyor - Mock Dev 22 - 4', 'Musteriler bu sorundan sikayetci, acil bakilmasi gerekiyor.', 'ASSIGNED', 'GELİŞTİRME', 'M-0934', 91.6, '2026-06-25 15:03:35');
INSERT INTO priorities_Sila (priority_ID, request_ID, company_points, product_mgr_score, software_mgr_score, priority_score) VALUES (2934, 2934, 79.0, 5, 5, 91.6);
INSERT INTO workflows_Sila (task_ID, request_ID, developer_ID, workflow_status, assigned_by_ID, assigned_at) VALUES (2934, 2934, 22, 'ASSIGNED', 1, '2026-06-25 16:03:35');
INSERT INTO request_notes_Sila (note_ID, request_ID, content, submitter_ID, is_internal, created_at) VALUES (3841, 2934, 'Mock not eklendi. Test amacli. (Note 0)', 22, FALSE, '2026-06-25 17:03:35');
INSERT INTO request_notes_Sila (note_ID, request_ID, content, submitter_ID, is_internal, created_at) VALUES (3842, 2934, 'Mock not eklendi. Test amacli. (Note 1)', 22, FALSE, '2026-06-25 18:03:35');
INSERT INTO requests_Sila (request_ID, creator_ID, title, description, status, type, generated_id, final_priority_score, created_at) VALUES (2935, 28, 'Kullanici girisi yavas - Mock Dev 22 - 5', 'Loglarda NullPointerException gordum, ekteki dosyaya bakiniz.', 'COMPLETED', 'ENTEGRASYON_SIKINTILARI', 'M-0935', 80.8, '2026-06-25 15:03:35');
INSERT INTO priorities_Sila (priority_ID, request_ID, company_points, product_mgr_score, software_mgr_score, priority_score) VALUES (2935, 2935, 82.0, 5, 3, 80.8);
INSERT INTO workflows_Sila (task_ID, request_ID, developer_ID, workflow_status, assigned_by_ID, assigned_at, resolved_at) VALUES (2935, 2935, 22, 'RESOLVED', 1, '2026-06-25 16:03:35', '2026-06-30 16:03:35');
INSERT INTO request_notes_Sila (note_ID, request_ID, content, submitter_ID, is_internal, created_at) VALUES (3843, 2935, 'Mock not eklendi. Test amacli. (Note 0)', 22, FALSE, '2026-06-25 17:03:35');
INSERT INTO request_notes_Sila (note_ID, request_ID, content, submitter_ID, is_internal, created_at) VALUES (3844, 2935, 'Mock not eklendi. Test amacli. (Note 1)', 1, TRUE, '2026-06-25 18:03:35');
INSERT INTO requests_Sila (request_ID, creator_ID, title, description, status, type, generated_id, final_priority_score, created_at) VALUES (2936, 32, 'Mobil uyumluluk sorunu - Mock Dev 22 - 6', 'Sistemin genelini etkileyen bir yavaslik soz konusu.', 'COMPLETED', 'SİSTEM_ÇÖKÜŞÜ', 'M-0936', 87.3, '2026-07-07 15:03:35');
INSERT INTO priorities_Sila (priority_ID, request_ID, company_points, product_mgr_score, software_mgr_score, priority_score) VALUES (2936, 2936, 98.3, 4, 4, 87.3);
INSERT INTO workflows_Sila (task_ID, request_ID, developer_ID, workflow_status, assigned_by_ID, assigned_at, resolved_at) VALUES (2936, 2936, 22, 'RESOLVED', 1, '2026-07-07 16:03:35', '2026-07-11 16:03:35');
INSERT INTO request_notes_Sila (note_ID, request_ID, content, submitter_ID, is_internal, created_at) VALUES (3845, 2936, 'Mock not eklendi. Test amacli. (Note 0)', 1, TRUE, '2026-07-07 17:03:35');
INSERT INTO request_notes_Sila (note_ID, request_ID, content, submitter_ID, is_internal, created_at) VALUES (3846, 2936, 'Mock not eklendi. Test amacli. (Note 1)', 1, FALSE, '2026-07-07 18:03:35');
INSERT INTO request_notes_Sila (note_ID, request_ID, content, submitter_ID, is_internal, created_at) VALUES (3847, 2936, 'Mock not eklendi. Test amacli. (Note 2)', 22, TRUE, '2026-07-07 19:03:35');
INSERT INTO requests_Sila (request_ID, creator_ID, title, description, status, type, generated_id, final_priority_score, created_at) VALUES (2937, 31, 'Sifre sifirlama maili gelmiyor - Mock Dev 22 - 7', 'Sistemin genelini etkileyen bir yavaslik soz konusu.', 'COMPLETED', 'ENTEGRASYON_SIKINTILARI', 'M-0937', 83.0, '2026-07-19 15:03:35');
INSERT INTO priorities_Sila (priority_ID, request_ID, company_points, product_mgr_score, software_mgr_score, priority_score) VALUES (2937, 2937, 72.6, 5, 4, 83.0);
INSERT INTO workflows_Sila (task_ID, request_ID, developer_ID, workflow_status, assigned_by_ID, assigned_at, resolved_at) VALUES (2937, 2937, 22, 'RESOLVED', 1, '2026-07-19 16:03:35', '2026-07-20 16:03:35');
INSERT INTO request_notes_Sila (note_ID, request_ID, content, submitter_ID, is_internal, created_at) VALUES (3848, 2937, 'Mock not eklendi. Test amacli. (Note 0)', 22, FALSE, '2026-07-19 17:03:35');
INSERT INTO request_notes_Sila (note_ID, request_ID, content, submitter_ID, is_internal, created_at) VALUES (3849, 2937, 'Mock not eklendi. Test amacli. (Note 1)', 22, FALSE, '2026-07-19 18:03:35');
INSERT INTO requests_Sila (request_ID, creator_ID, title, description, status, type, generated_id, final_priority_score, created_at) VALUES (2938, 31, 'Mobil uyumluluk sorunu - Mock Dev 22 - 8', 'Test ortaminda calisiyor ama canlida hata veriyor.', 'ASSIGNED', 'ENTEGRASYON_SIKINTILARI', 'M-0938', 79.2, '2026-06-22 15:03:35');
INSERT INTO priorities_Sila (priority_ID, request_ID, company_points, product_mgr_score, software_mgr_score, priority_score) VALUES (2938, 2938, 78.0, 3, 5, 79.2);
INSERT INTO workflows_Sila (task_ID, request_ID, developer_ID, workflow_status, assigned_by_ID, assigned_at) VALUES (2938, 2938, 22, 'ASSIGNED', 1, '2026-06-22 16:03:35');
INSERT INTO request_notes_Sila (note_ID, request_ID, content, submitter_ID, is_internal, created_at) VALUES (3850, 2938, 'Mock not eklendi. Test amacli. (Note 0)', 22, TRUE, '2026-06-22 17:03:35');
INSERT INTO request_notes_Sila (note_ID, request_ID, content, submitter_ID, is_internal, created_at) VALUES (3851, 2938, 'Mock not eklendi. Test amacli. (Note 1)', 22, TRUE, '2026-06-22 18:03:35');
INSERT INTO requests_Sila (request_ID, creator_ID, title, description, status, type, generated_id, final_priority_score, created_at) VALUES (2939, 34, 'Sayfa yuklenmiyor - Mock Dev 22 - 9', 'Performans cok dusuk.', 'ASSIGNED', 'YENİ_ÖZELLİK_EKLEME', 'M-0939', 82.2, '2026-07-16 15:03:35');
INSERT INTO priorities_Sila (priority_ID, request_ID, company_points, product_mgr_score, software_mgr_score, priority_score) VALUES (2939, 2939, 85.5, 3, 5, 82.2);
INSERT INTO workflows_Sila (task_ID, request_ID, developer_ID, workflow_status, assigned_by_ID, assigned_at) VALUES (2939, 2939, 22, 'ASSIGNED', 1, '2026-07-16 16:03:35');
INSERT INTO request_notes_Sila (note_ID, request_ID, content, submitter_ID, is_internal, created_at) VALUES (3852, 2939, 'Mock not eklendi. Test amacli. (Note 0)', 1, TRUE, '2026-07-16 17:03:35');
INSERT INTO request_notes_Sila (note_ID, request_ID, content, submitter_ID, is_internal, created_at) VALUES (3853, 2939, 'Mock not eklendi. Test amacli. (Note 1)', 22, TRUE, '2026-07-16 18:03:35');
INSERT INTO requests_Sila (request_ID, creator_ID, title, description, status, type, generated_id, final_priority_score, created_at) VALUES (2940, 35, 'Yeni buton eklenmesi - Mock Dev 22 - 10', 'Loglarda NullPointerException gordum, ekteki dosyaya bakiniz.', 'ASSIGNED', 'BUG_DÜZELTME', 'M-0940', 93.5, '2026-07-15 15:03:35');
INSERT INTO priorities_Sila (priority_ID, request_ID, company_points, product_mgr_score, software_mgr_score, priority_score) VALUES (2940, 2940, 98.7, 4, 5, 93.5);
INSERT INTO workflows_Sila (task_ID, request_ID, developer_ID, workflow_status, assigned_by_ID, assigned_at) VALUES (2940, 2940, 22, 'ASSIGNED', 1, '2026-07-15 16:03:35');
INSERT INTO request_notes_Sila (note_ID, request_ID, content, submitter_ID, is_internal, created_at) VALUES (3854, 2940, 'Mock not eklendi. Test amacli. (Note 0)', 22, FALSE, '2026-07-15 17:03:35');
INSERT INTO request_notes_Sila (note_ID, request_ID, content, submitter_ID, is_internal, created_at) VALUES (3855, 2940, 'Mock not eklendi. Test amacli. (Note 1)', 22, FALSE, '2026-07-15 18:03:35');
INSERT INTO requests_Sila (request_ID, creator_ID, title, description, status, type, generated_id, final_priority_score, created_at) VALUES (2941, 29, 'Raporlama modulu calismiyor - Mock Dev 22 - 11', 'Loglarda NullPointerException gordum, ekteki dosyaya bakiniz.', 'ASSIGNED', 'ENTEGRASYON_SIKINTILARI', 'M-0941', 77.4, '2026-06-27 15:03:35');
INSERT INTO priorities_Sila (priority_ID, request_ID, company_points, product_mgr_score, software_mgr_score, priority_score) VALUES (2941, 2941, 73.5, 4, 4, 77.4);
INSERT INTO workflows_Sila (task_ID, request_ID, developer_ID, workflow_status, assigned_by_ID, assigned_at) VALUES (2941, 2941, 22, 'ASSIGNED', 1, '2026-06-27 16:03:35');
INSERT INTO request_notes_Sila (note_ID, request_ID, content, submitter_ID, is_internal, created_at) VALUES (3856, 2941, 'Mock not eklendi. Test amacli. (Note 0)', 22, TRUE, '2026-06-27 17:03:35');
INSERT INTO request_notes_Sila (note_ID, request_ID, content, submitter_ID, is_internal, created_at) VALUES (3857, 2941, 'Mock not eklendi. Test amacli. (Note 1)', 1, TRUE, '2026-06-27 18:03:35');
INSERT INTO request_notes_Sila (note_ID, request_ID, content, submitter_ID, is_internal, created_at) VALUES (3858, 2941, 'Mock not eklendi. Test amacli. (Note 2)', 22, FALSE, '2026-06-27 19:03:35');
INSERT INTO requests_Sila (request_ID, creator_ID, title, description, status, type, generated_id, final_priority_score, created_at) VALUES (2942, 33, '500 Internal Server Error - Mock Dev 22 - 12', 'Tasarim ekibi guncellemeyi talep etti.', 'COMPLETED', 'BUG_DÜZELTME', 'M-0942', 70.9, '2026-07-07 15:03:35');
INSERT INTO priorities_Sila (priority_ID, request_ID, company_points, product_mgr_score, software_mgr_score, priority_score) VALUES (2942, 2942, 87.2, 3, 3, 70.9);
INSERT INTO workflows_Sila (task_ID, request_ID, developer_ID, workflow_status, assigned_by_ID, assigned_at, resolved_at) VALUES (2942, 2942, 22, 'RESOLVED', 1, '2026-07-07 16:03:35', '2026-07-12 16:03:35');
INSERT INTO request_notes_Sila (note_ID, request_ID, content, submitter_ID, is_internal, created_at) VALUES (3859, 2942, 'Mock not eklendi. Test amacli. (Note 0)', 1, TRUE, '2026-07-07 17:03:35');
INSERT INTO request_notes_Sila (note_ID, request_ID, content, submitter_ID, is_internal, created_at) VALUES (3860, 2942, 'Mock not eklendi. Test amacli. (Note 1)', 1, FALSE, '2026-07-07 18:03:35');
INSERT INTO requests_Sila (request_ID, creator_ID, title, description, status, type, generated_id, final_priority_score, created_at) VALUES (2943, 30, 'Veri kaybi yasaniyor - Mock Dev 22 - 13', 'Performans cok dusuk.', 'COMPLETED', 'VERİ_KAYBI', 'M-0943', 86.2, '2026-07-03 15:03:35');
INSERT INTO priorities_Sila (priority_ID, request_ID, company_points, product_mgr_score, software_mgr_score, priority_score) VALUES (2943, 2943, 95.6, 5, 3, 86.2);
INSERT INTO workflows_Sila (task_ID, request_ID, developer_ID, workflow_status, assigned_by_ID, assigned_at, resolved_at) VALUES (2943, 2943, 22, 'RESOLVED', 1, '2026-07-03 16:03:35', '2026-07-04 16:03:35');
INSERT INTO request_notes_Sila (note_ID, request_ID, content, submitter_ID, is_internal, created_at) VALUES (3861, 2943, 'Mock not eklendi. Test amacli. (Note 0)', 22, TRUE, '2026-07-03 17:03:35');
INSERT INTO requests_Sila (request_ID, creator_ID, title, description, status, type, generated_id, final_priority_score, created_at) VALUES (2944, 30, 'Sayfa yuklenmiyor - Mock Dev 22 - 14', 'Sistemin genelini etkileyen bir yavaslik soz konusu.', 'ASSIGNED', 'SİSTEM_ÇÖKÜŞÜ', 'M-0944', 71.0, '2026-06-22 15:03:35');
INSERT INTO priorities_Sila (priority_ID, request_ID, company_points, product_mgr_score, software_mgr_score, priority_score) VALUES (2944, 2944, 87.4, 3, 3, 71.0);
INSERT INTO workflows_Sila (task_ID, request_ID, developer_ID, workflow_status, assigned_by_ID, assigned_at) VALUES (2944, 2944, 22, 'ASSIGNED', 1, '2026-06-22 16:03:35');
INSERT INTO request_notes_Sila (note_ID, request_ID, content, submitter_ID, is_internal, created_at) VALUES (3862, 2944, 'Mock not eklendi. Test amacli. (Note 0)', 1, TRUE, '2026-06-22 17:03:35');
INSERT INTO request_notes_Sila (note_ID, request_ID, content, submitter_ID, is_internal, created_at) VALUES (3863, 2944, 'Mock not eklendi. Test amacli. (Note 1)', 22, TRUE, '2026-06-22 18:03:35');
INSERT INTO request_notes_Sila (note_ID, request_ID, content, submitter_ID, is_internal, created_at) VALUES (3864, 2944, 'Mock not eklendi. Test amacli. (Note 2)', 22, FALSE, '2026-06-22 19:03:35');
INSERT INTO requests_Sila (request_ID, creator_ID, title, description, status, type, generated_id, final_priority_score, created_at) VALUES (2945, 27, 'Raporlama modulu calismiyor - Mock Dev 22 - 15', 'Musteriler bu sorundan sikayetci, acil bakilmasi gerekiyor.', 'COMPLETED', 'GELİŞTİRME', 'M-0945', 93.3, '2026-07-02 15:03:35');
INSERT INTO priorities_Sila (priority_ID, request_ID, company_points, product_mgr_score, software_mgr_score, priority_score) VALUES (2945, 2945, 83.1, 5, 5, 93.3);
INSERT INTO workflows_Sila (task_ID, request_ID, developer_ID, workflow_status, assigned_by_ID, assigned_at, resolved_at) VALUES (2945, 2945, 22, 'RESOLVED', 1, '2026-07-02 16:03:35', '2026-07-04 16:03:35');
INSERT INTO request_notes_Sila (note_ID, request_ID, content, submitter_ID, is_internal, created_at) VALUES (3865, 2945, 'Mock not eklendi. Test amacli. (Note 0)', 1, TRUE, '2026-07-02 17:03:35');
INSERT INTO request_notes_Sila (note_ID, request_ID, content, submitter_ID, is_internal, created_at) VALUES (3866, 2945, 'Mock not eklendi. Test amacli. (Note 1)', 1, TRUE, '2026-07-02 18:03:35');
INSERT INTO request_notes_Sila (note_ID, request_ID, content, submitter_ID, is_internal, created_at) VALUES (3867, 2945, 'Mock not eklendi. Test amacli. (Note 2)', 22, TRUE, '2026-07-02 19:03:35');
INSERT INTO requests_Sila (request_ID, creator_ID, title, description, status, type, generated_id, final_priority_score, created_at) VALUES (2946, 35, 'Mobil uyumluluk sorunu - Mock Dev 22 - 16', 'Test ortaminda calisiyor ama canlida hata veriyor.', 'ASSIGNED', 'DİĞER', 'M-0946', 79.4, '2026-07-07 15:03:35');
INSERT INTO priorities_Sila (priority_ID, request_ID, company_points, product_mgr_score, software_mgr_score, priority_score) VALUES (2946, 2946, 78.6, 5, 3, 79.4);
INSERT INTO workflows_Sila (task_ID, request_ID, developer_ID, workflow_status, assigned_by_ID, assigned_at) VALUES (2946, 2946, 22, 'ASSIGNED', 1, '2026-07-07 16:03:35');
INSERT INTO request_notes_Sila (note_ID, request_ID, content, submitter_ID, is_internal, created_at) VALUES (3868, 2946, 'Mock not eklendi. Test amacli. (Note 0)', 22, TRUE, '2026-07-07 17:03:35');
INSERT INTO request_notes_Sila (note_ID, request_ID, content, submitter_ID, is_internal, created_at) VALUES (3869, 2946, 'Mock not eklendi. Test amacli. (Note 1)', 1, TRUE, '2026-07-07 18:03:35');
INSERT INTO requests_Sila (request_ID, creator_ID, title, description, status, type, generated_id, final_priority_score, created_at) VALUES (2947, 32, 'Kullanici girisi yavas - Mock Dev 22 - 17', 'Dun yapilan guncellemeden sonra bozuldu.', 'COMPLETED', 'YENİ_ÖZELLİK_EKLEME', 'M-0947', 90.6, '2026-06-20 15:03:35');
INSERT INTO priorities_Sila (priority_ID, request_ID, company_points, product_mgr_score, software_mgr_score, priority_score) VALUES (2947, 2947, 91.6, 4, 5, 90.6);
INSERT INTO workflows_Sila (task_ID, request_ID, developer_ID, workflow_status, assigned_by_ID, assigned_at, resolved_at) VALUES (2947, 2947, 22, 'RESOLVED', 1, '2026-06-20 16:03:35', '2026-06-24 16:03:35');
INSERT INTO request_notes_Sila (note_ID, request_ID, content, submitter_ID, is_internal, created_at) VALUES (3870, 2947, 'Mock not eklendi. Test amacli. (Note 0)', 1, TRUE, '2026-06-20 17:03:35');
INSERT INTO requests_Sila (request_ID, creator_ID, title, description, status, type, generated_id, final_priority_score, created_at) VALUES (2948, 29, '500 Internal Server Error - Mock Dev 22 - 18', 'Performans cok dusuk.', 'ASSIGNED', 'VERİ_KAYBI', 'M-0948', 91.3, '2026-07-09 15:03:35');
INSERT INTO priorities_Sila (priority_ID, request_ID, company_points, product_mgr_score, software_mgr_score, priority_score) VALUES (2948, 2948, 93.3, 4, 5, 91.3);
INSERT INTO workflows_Sila (task_ID, request_ID, developer_ID, workflow_status, assigned_by_ID, assigned_at) VALUES (2948, 2948, 22, 'ASSIGNED', 1, '2026-07-09 16:03:35');
INSERT INTO request_notes_Sila (note_ID, request_ID, content, submitter_ID, is_internal, created_at) VALUES (3871, 2948, 'Mock not eklendi. Test amacli. (Note 0)', 1, FALSE, '2026-07-09 17:03:35');
INSERT INTO request_notes_Sila (note_ID, request_ID, content, submitter_ID, is_internal, created_at) VALUES (3872, 2948, 'Mock not eklendi. Test amacli. (Note 1)', 22, FALSE, '2026-07-09 18:03:35');
INSERT INTO requests_Sila (request_ID, creator_ID, title, description, status, type, generated_id, final_priority_score, created_at) VALUES (2949, 30, 'Kullanici girisi yavas - Mock Dev 22 - 19', 'Veriler eksik geliyor, veritabani sorgusu optimize edilmeli.', 'ASSIGNED', 'BUG_DÜZELTME', 'M-0949', 90.7, '2026-07-15 15:03:35');
INSERT INTO priorities_Sila (priority_ID, request_ID, company_points, product_mgr_score, software_mgr_score, priority_score) VALUES (2949, 2949, 91.9, 4, 5, 90.7);
INSERT INTO workflows_Sila (task_ID, request_ID, developer_ID, workflow_status, assigned_by_ID, assigned_at) VALUES (2949, 2949, 22, 'ASSIGNED', 1, '2026-07-15 16:03:35');
INSERT INTO request_notes_Sila (note_ID, request_ID, content, submitter_ID, is_internal, created_at) VALUES (3873, 2949, 'Mock not eklendi. Test amacli. (Note 0)', 1, TRUE, '2026-07-15 17:03:35');
INSERT INTO request_notes_Sila (note_ID, request_ID, content, submitter_ID, is_internal, created_at) VALUES (3874, 2949, 'Mock not eklendi. Test amacli. (Note 1)', 22, FALSE, '2026-07-15 18:03:35');
INSERT INTO request_notes_Sila (note_ID, request_ID, content, submitter_ID, is_internal, created_at) VALUES (3875, 2949, 'Mock not eklendi. Test amacli. (Note 2)', 1, TRUE, '2026-07-15 19:03:35');
INSERT INTO requests_Sila (request_ID, creator_ID, title, description, status, type, generated_id, final_priority_score, created_at) VALUES (2950, 33, 'Veri kaybi yasaniyor - Mock Dev 22 - 20', 'Performans cok dusuk.', 'ASSIGNED', 'GELİŞTİRME', 'M-0950', 83.8, '2026-07-12 15:03:35');
INSERT INTO priorities_Sila (priority_ID, request_ID, company_points, product_mgr_score, software_mgr_score, priority_score) VALUES (2950, 2950, 74.5, 5, 4, 83.8);
INSERT INTO workflows_Sila (task_ID, request_ID, developer_ID, workflow_status, assigned_by_ID, assigned_at) VALUES (2950, 2950, 22, 'ASSIGNED', 1, '2026-07-12 16:03:35');
INSERT INTO request_notes_Sila (note_ID, request_ID, content, submitter_ID, is_internal, created_at) VALUES (3876, 2950, 'Mock not eklendi. Test amacli. (Note 0)', 1, TRUE, '2026-07-12 17:03:35');
INSERT INTO requests_Sila (request_ID, creator_ID, title, description, status, type, generated_id, final_priority_score, created_at) VALUES (2951, 26, 'Kullanici girisi yavas - Mock Dev 22 - 21', 'Musteriler bu sorundan sikayetci, acil bakilmasi gerekiyor.', 'ASSIGNED', 'SİSTEM_ÇÖKÜŞÜ', 'M-0951', 78.8, '2026-07-13 15:03:35');
INSERT INTO priorities_Sila (priority_ID, request_ID, company_points, product_mgr_score, software_mgr_score, priority_score) VALUES (2951, 2951, 77.1, 4, 4, 78.8);
INSERT INTO workflows_Sila (task_ID, request_ID, developer_ID, workflow_status, assigned_by_ID, assigned_at) VALUES (2951, 2951, 22, 'ASSIGNED', 1, '2026-07-13 16:03:35');
INSERT INTO request_notes_Sila (note_ID, request_ID, content, submitter_ID, is_internal, created_at) VALUES (3877, 2951, 'Mock not eklendi. Test amacli. (Note 0)', 1, TRUE, '2026-07-13 17:03:35');
INSERT INTO request_notes_Sila (note_ID, request_ID, content, submitter_ID, is_internal, created_at) VALUES (3878, 2951, 'Mock not eklendi. Test amacli. (Note 1)', 1, FALSE, '2026-07-13 18:03:35');
INSERT INTO request_notes_Sila (note_ID, request_ID, content, submitter_ID, is_internal, created_at) VALUES (3879, 2951, 'Mock not eklendi. Test amacli. (Note 2)', 1, FALSE, '2026-07-13 19:03:35');
INSERT INTO requests_Sila (request_ID, creator_ID, title, description, status, type, generated_id, final_priority_score, created_at) VALUES (2952, 27, 'Yeni buton eklenmesi - Mock Dev 22 - 22', 'Loglarda NullPointerException gordum, ekteki dosyaya bakiniz.', 'ASSIGNED', 'VERİ_KAYBI', 'M-0952', 79.6, '2026-07-08 15:03:35');
INSERT INTO priorities_Sila (priority_ID, request_ID, company_points, product_mgr_score, software_mgr_score, priority_score) VALUES (2952, 2952, 79.1, 3, 5, 79.6);
INSERT INTO workflows_Sila (task_ID, request_ID, developer_ID, workflow_status, assigned_by_ID, assigned_at) VALUES (2952, 2952, 22, 'ASSIGNED', 1, '2026-07-08 16:03:35');
INSERT INTO request_notes_Sila (note_ID, request_ID, content, submitter_ID, is_internal, created_at) VALUES (3880, 2952, 'Mock not eklendi. Test amacli. (Note 0)', 1, TRUE, '2026-07-08 17:03:35');
INSERT INTO request_notes_Sila (note_ID, request_ID, content, submitter_ID, is_internal, created_at) VALUES (3881, 2952, 'Mock not eklendi. Test amacli. (Note 1)', 22, TRUE, '2026-07-08 18:03:35');
INSERT INTO requests_Sila (request_ID, creator_ID, title, description, status, type, generated_id, final_priority_score, created_at) VALUES (2953, 32, 'Sayfa yuklenmiyor - Mock Dev 22 - 23', 'Test ortaminda calisiyor ama canlida hata veriyor.', 'ASSIGNED', 'VERİ_KAYBI', 'M-0953', 83.9, '2026-07-07 15:03:35');
INSERT INTO priorities_Sila (priority_ID, request_ID, company_points, product_mgr_score, software_mgr_score, priority_score) VALUES (2953, 2953, 89.8, 5, 3, 83.9);
INSERT INTO workflows_Sila (task_ID, request_ID, developer_ID, workflow_status, assigned_by_ID, assigned_at) VALUES (2953, 2953, 22, 'ASSIGNED', 1, '2026-07-07 16:03:35');
INSERT INTO request_notes_Sila (note_ID, request_ID, content, submitter_ID, is_internal, created_at) VALUES (3882, 2953, 'Mock not eklendi. Test amacli. (Note 0)', 1, FALSE, '2026-07-07 17:03:35');
INSERT INTO request_notes_Sila (note_ID, request_ID, content, submitter_ID, is_internal, created_at) VALUES (3883, 2953, 'Mock not eklendi. Test amacli. (Note 1)', 22, FALSE, '2026-07-07 18:03:35');
INSERT INTO request_notes_Sila (note_ID, request_ID, content, submitter_ID, is_internal, created_at) VALUES (3884, 2953, 'Mock not eklendi. Test amacli. (Note 2)', 22, FALSE, '2026-07-07 19:03:35');
INSERT INTO requests_Sila (request_ID, creator_ID, title, description, status, type, generated_id, final_priority_score, created_at) VALUES (2954, 34, 'Sifre sifirlama maili gelmiyor - Mock Dev 22 - 24', 'Test ortaminda calisiyor ama canlida hata veriyor.', 'COMPLETED', 'VERİ_KAYBI', 'M-0954', 97.1, '2026-07-11 15:03:35');
INSERT INTO priorities_Sila (priority_ID, request_ID, company_points, product_mgr_score, software_mgr_score, priority_score) VALUES (2954, 2954, 92.7, 5, 5, 97.1);
INSERT INTO workflows_Sila (task_ID, request_ID, developer_ID, workflow_status, assigned_by_ID, assigned_at, resolved_at) VALUES (2954, 2954, 22, 'RESOLVED', 1, '2026-07-11 16:03:35', '2026-07-12 16:03:35');
INSERT INTO request_notes_Sila (note_ID, request_ID, content, submitter_ID, is_internal, created_at) VALUES (3885, 2954, 'Mock not eklendi. Test amacli. (Note 0)', 1, TRUE, '2026-07-11 17:03:35');
INSERT INTO request_notes_Sila (note_ID, request_ID, content, submitter_ID, is_internal, created_at) VALUES (3886, 2954, 'Mock not eklendi. Test amacli. (Note 1)', 22, FALSE, '2026-07-11 18:03:35');
INSERT INTO request_notes_Sila (note_ID, request_ID, content, submitter_ID, is_internal, created_at) VALUES (3887, 2954, 'Mock not eklendi. Test amacli. (Note 2)', 22, FALSE, '2026-07-11 19:03:35');
INSERT INTO requests_Sila (request_ID, creator_ID, title, description, status, type, generated_id, final_priority_score, created_at) VALUES (2955, 30, 'Raporlama modulu calismiyor - Mock Dev 22 - 25', 'Musteriler bu sorundan sikayetci, acil bakilmasi gerekiyor.', 'ASSIGNED', 'ENTEGRASYON_SIKINTILARI', 'M-0955', 79.4, '2026-06-21 15:03:35');
INSERT INTO priorities_Sila (priority_ID, request_ID, company_points, product_mgr_score, software_mgr_score, priority_score) VALUES (2955, 2955, 78.5, 4, 4, 79.4);
INSERT INTO workflows_Sila (task_ID, request_ID, developer_ID, workflow_status, assigned_by_ID, assigned_at) VALUES (2955, 2955, 22, 'ASSIGNED', 1, '2026-06-21 16:03:35');
INSERT INTO request_notes_Sila (note_ID, request_ID, content, submitter_ID, is_internal, created_at) VALUES (3888, 2955, 'Mock not eklendi. Test amacli. (Note 0)', 1, TRUE, '2026-06-21 17:03:35');
INSERT INTO request_notes_Sila (note_ID, request_ID, content, submitter_ID, is_internal, created_at) VALUES (3889, 2955, 'Mock not eklendi. Test amacli. (Note 1)', 22, TRUE, '2026-06-21 18:03:35');
INSERT INTO requests_Sila (request_ID, creator_ID, title, description, status, type, generated_id, final_priority_score, created_at) VALUES (2956, 30, 'Sayfa yuklenmiyor - Mock Dev 22 - 26', 'Sistemin genelini etkileyen bir yavaslik soz konusu.', 'ASSIGNED', 'VERİ_KAYBI', 'M-0956', 81.0, '2026-06-22 15:03:35');
INSERT INTO priorities_Sila (priority_ID, request_ID, company_points, product_mgr_score, software_mgr_score, priority_score) VALUES (2956, 2956, 82.4, 3, 5, 81.0);
INSERT INTO workflows_Sila (task_ID, request_ID, developer_ID, workflow_status, assigned_by_ID, assigned_at) VALUES (2956, 2956, 22, 'ASSIGNED', 1, '2026-06-22 16:03:35');
INSERT INTO request_notes_Sila (note_ID, request_ID, content, submitter_ID, is_internal, created_at) VALUES (3890, 2956, 'Mock not eklendi. Test amacli. (Note 0)', 1, TRUE, '2026-06-22 17:03:35');
INSERT INTO request_notes_Sila (note_ID, request_ID, content, submitter_ID, is_internal, created_at) VALUES (3891, 2956, 'Mock not eklendi. Test amacli. (Note 1)', 22, TRUE, '2026-06-22 18:03:35');
INSERT INTO requests_Sila (request_ID, creator_ID, title, description, status, type, generated_id, final_priority_score, created_at) VALUES (2957, 26, 'Mobil uyumluluk sorunu - Mock Dev 22 - 27', 'Veriler eksik geliyor, veritabani sorgusu optimize edilmeli.', 'ASSIGNED', 'DİĞER', 'M-0957', 78.2, '2026-07-06 15:03:35');
INSERT INTO priorities_Sila (priority_ID, request_ID, company_points, product_mgr_score, software_mgr_score, priority_score) VALUES (2957, 2957, 75.4, 4, 4, 78.2);
INSERT INTO workflows_Sila (task_ID, request_ID, developer_ID, workflow_status, assigned_by_ID, assigned_at) VALUES (2957, 2957, 22, 'ASSIGNED', 1, '2026-07-06 16:03:35');
INSERT INTO request_notes_Sila (note_ID, request_ID, content, submitter_ID, is_internal, created_at) VALUES (3892, 2957, 'Mock not eklendi. Test amacli. (Note 0)', 1, TRUE, '2026-07-06 17:03:35');
INSERT INTO request_notes_Sila (note_ID, request_ID, content, submitter_ID, is_internal, created_at) VALUES (3893, 2957, 'Mock not eklendi. Test amacli. (Note 1)', 22, FALSE, '2026-07-06 18:03:35');
INSERT INTO request_notes_Sila (note_ID, request_ID, content, submitter_ID, is_internal, created_at) VALUES (3894, 2957, 'Mock not eklendi. Test amacli. (Note 2)', 1, TRUE, '2026-07-06 19:03:35');
INSERT INTO requests_Sila (request_ID, creator_ID, title, description, status, type, generated_id, final_priority_score, created_at) VALUES (2958, 33, 'Mobil uyumluluk sorunu - Mock Dev 22 - 28', 'Tasarim ekibi guncellemeyi talep etti.', 'ASSIGNED', 'ENTEGRASYON_SIKINTILARI', 'M-0958', 79.0, '2026-06-20 15:03:35');
INSERT INTO priorities_Sila (priority_ID, request_ID, company_points, product_mgr_score, software_mgr_score, priority_score) VALUES (2958, 2958, 77.5, 5, 3, 79.0);
INSERT INTO workflows_Sila (task_ID, request_ID, developer_ID, workflow_status, assigned_by_ID, assigned_at) VALUES (2958, 2958, 22, 'ASSIGNED', 1, '2026-06-20 16:03:35');
INSERT INTO request_notes_Sila (note_ID, request_ID, content, submitter_ID, is_internal, created_at) VALUES (3895, 2958, 'Mock not eklendi. Test amacli. (Note 0)', 22, TRUE, '2026-06-20 17:03:35');
INSERT INTO request_notes_Sila (note_ID, request_ID, content, submitter_ID, is_internal, created_at) VALUES (3896, 2958, 'Mock not eklendi. Test amacli. (Note 1)', 22, FALSE, '2026-06-20 18:03:35');
INSERT INTO request_notes_Sila (note_ID, request_ID, content, submitter_ID, is_internal, created_at) VALUES (3897, 2958, 'Mock not eklendi. Test amacli. (Note 2)', 1, FALSE, '2026-06-20 19:03:35');
INSERT INTO requests_Sila (request_ID, creator_ID, title, description, status, type, generated_id, final_priority_score, created_at) VALUES (2959, 31, 'Yeni buton eklenmesi - Mock Dev 22 - 29', 'Loglarda NullPointerException gordum, ekteki dosyaya bakiniz.', 'COMPLETED', 'VERİ_KAYBI', 'M-0959', 77.1, '2026-07-14 15:03:35');
INSERT INTO priorities_Sila (priority_ID, request_ID, company_points, product_mgr_score, software_mgr_score, priority_score) VALUES (2959, 2959, 87.8, 4, 3, 77.1);
INSERT INTO workflows_Sila (task_ID, request_ID, developer_ID, workflow_status, assigned_by_ID, assigned_at, resolved_at) VALUES (2959, 2959, 22, 'RESOLVED', 1, '2026-07-14 16:03:35', '2026-07-17 16:03:35');
INSERT INTO request_notes_Sila (note_ID, request_ID, content, submitter_ID, is_internal, created_at) VALUES (3898, 2959, 'Mock not eklendi. Test amacli. (Note 0)', 1, TRUE, '2026-07-14 17:03:35');
INSERT INTO request_notes_Sila (note_ID, request_ID, content, submitter_ID, is_internal, created_at) VALUES (3899, 2959, 'Mock not eklendi. Test amacli. (Note 1)', 22, TRUE, '2026-07-14 18:03:35');
INSERT INTO request_notes_Sila (note_ID, request_ID, content, submitter_ID, is_internal, created_at) VALUES (3900, 2959, 'Mock not eklendi. Test amacli. (Note 2)', 22, FALSE, '2026-07-14 19:03:35');
INSERT INTO requests_Sila (request_ID, creator_ID, title, description, status, type, generated_id, final_priority_score, created_at) VALUES (2960, 33, 'Sifre sifirlama maili gelmiyor - Mock Dev 22 - 30', 'Tasarim ekibi guncellemeyi talep etti.', 'ASSIGNED', 'YENİ_ÖZELLİK_EKLEME', 'M-0960', 93.9, '2026-07-10 15:03:35');
INSERT INTO priorities_Sila (priority_ID, request_ID, company_points, product_mgr_score, software_mgr_score, priority_score) VALUES (2960, 2960, 99.7, 5, 4, 93.9);
INSERT INTO workflows_Sila (task_ID, request_ID, developer_ID, workflow_status, assigned_by_ID, assigned_at) VALUES (2960, 2960, 22, 'ASSIGNED', 1, '2026-07-10 16:03:35');
INSERT INTO request_notes_Sila (note_ID, request_ID, content, submitter_ID, is_internal, created_at) VALUES (3901, 2960, 'Mock not eklendi. Test amacli. (Note 0)', 1, TRUE, '2026-07-10 17:03:35');
INSERT INTO request_notes_Sila (note_ID, request_ID, content, submitter_ID, is_internal, created_at) VALUES (3902, 2960, 'Mock not eklendi. Test amacli. (Note 1)', 1, TRUE, '2026-07-10 18:03:35');
INSERT INTO request_notes_Sila (note_ID, request_ID, content, submitter_ID, is_internal, created_at) VALUES (3903, 2960, 'Mock not eklendi. Test amacli. (Note 2)', 22, FALSE, '2026-07-10 19:03:35');
INSERT INTO requests_Sila (request_ID, creator_ID, title, description, status, type, generated_id, final_priority_score, created_at) VALUES (2961, 34, 'Sifre sifirlama maili gelmiyor - Mock Dev 22 - 31', 'Performans cok dusuk.', 'ASSIGNED', 'GELİŞTİRME', 'M-0961', 83.2, '2026-07-08 15:03:35');
INSERT INTO priorities_Sila (priority_ID, request_ID, company_points, product_mgr_score, software_mgr_score, priority_score) VALUES (2961, 2961, 88.0, 5, 3, 83.2);
INSERT INTO workflows_Sila (task_ID, request_ID, developer_ID, workflow_status, assigned_by_ID, assigned_at) VALUES (2961, 2961, 22, 'ASSIGNED', 1, '2026-07-08 16:03:35');
INSERT INTO request_notes_Sila (note_ID, request_ID, content, submitter_ID, is_internal, created_at) VALUES (3904, 2961, 'Mock not eklendi. Test amacli. (Note 0)', 22, FALSE, '2026-07-08 17:03:35');
INSERT INTO request_notes_Sila (note_ID, request_ID, content, submitter_ID, is_internal, created_at) VALUES (3905, 2961, 'Mock not eklendi. Test amacli. (Note 1)', 22, FALSE, '2026-07-08 18:03:35');
INSERT INTO requests_Sila (request_ID, creator_ID, title, description, status, type, generated_id, final_priority_score, created_at) VALUES (2962, 27, 'Veri kaybi yasaniyor - Mock Dev 22 - 32', 'Loglarda NullPointerException gordum, ekteki dosyaya bakiniz.', 'ASSIGNED', 'BUG_DÜZELTME', 'M-0962', 89.9, '2026-07-18 15:03:35');
INSERT INTO priorities_Sila (priority_ID, request_ID, company_points, product_mgr_score, software_mgr_score, priority_score) VALUES (2962, 2962, 89.7, 4, 5, 89.9);
INSERT INTO workflows_Sila (task_ID, request_ID, developer_ID, workflow_status, assigned_by_ID, assigned_at) VALUES (2962, 2962, 22, 'ASSIGNED', 1, '2026-07-18 16:03:35');
INSERT INTO request_notes_Sila (note_ID, request_ID, content, submitter_ID, is_internal, created_at) VALUES (3906, 2962, 'Mock not eklendi. Test amacli. (Note 0)', 22, TRUE, '2026-07-18 17:03:35');
INSERT INTO request_notes_Sila (note_ID, request_ID, content, submitter_ID, is_internal, created_at) VALUES (3907, 2962, 'Mock not eklendi. Test amacli. (Note 1)', 1, TRUE, '2026-07-18 18:03:35');
INSERT INTO requests_Sila (request_ID, creator_ID, title, description, status, type, generated_id, final_priority_score, created_at) VALUES (2963, 28, 'Yeni buton eklenmesi - Mock Dev 22 - 33', 'Dun yapilan guncellemeden sonra bozuldu.', 'ASSIGNED', 'DİĞER', 'M-0963', 70.5, '2026-07-10 15:03:35');
INSERT INTO priorities_Sila (priority_ID, request_ID, company_points, product_mgr_score, software_mgr_score, priority_score) VALUES (2963, 2963, 86.3, 3, 3, 70.5);
INSERT INTO workflows_Sila (task_ID, request_ID, developer_ID, workflow_status, assigned_by_ID, assigned_at) VALUES (2963, 2963, 22, 'ASSIGNED', 1, '2026-07-10 16:03:35');
INSERT INTO request_notes_Sila (note_ID, request_ID, content, submitter_ID, is_internal, created_at) VALUES (3908, 2963, 'Mock not eklendi. Test amacli. (Note 0)', 1, TRUE, '2026-07-10 17:03:35');
INSERT INTO request_notes_Sila (note_ID, request_ID, content, submitter_ID, is_internal, created_at) VALUES (3909, 2963, 'Mock not eklendi. Test amacli. (Note 1)', 22, TRUE, '2026-07-10 18:03:35');
INSERT INTO request_notes_Sila (note_ID, request_ID, content, submitter_ID, is_internal, created_at) VALUES (3910, 2963, 'Mock not eklendi. Test amacli. (Note 2)', 1, TRUE, '2026-07-10 19:03:35');
INSERT INTO requests_Sila (request_ID, creator_ID, title, description, status, type, generated_id, final_priority_score, created_at) VALUES (2964, 26, 'Mobil uyumluluk sorunu - Mock Dev 22 - 34', 'Musteriler bu sorundan sikayetci, acil bakilmasi gerekiyor.', 'COMPLETED', 'DİĞER', 'M-0964', 93.3, '2026-06-22 15:03:35');
INSERT INTO priorities_Sila (priority_ID, request_ID, company_points, product_mgr_score, software_mgr_score, priority_score) VALUES (2964, 2964, 98.1, 4, 5, 93.3);
INSERT INTO workflows_Sila (task_ID, request_ID, developer_ID, workflow_status, assigned_by_ID, assigned_at, resolved_at) VALUES (2964, 2964, 22, 'RESOLVED', 1, '2026-06-22 16:03:35', '2026-06-27 16:03:35');
INSERT INTO request_notes_Sila (note_ID, request_ID, content, submitter_ID, is_internal, created_at) VALUES (3911, 2964, 'Mock not eklendi. Test amacli. (Note 0)', 1, TRUE, '2026-06-22 17:03:35');
INSERT INTO request_notes_Sila (note_ID, request_ID, content, submitter_ID, is_internal, created_at) VALUES (3912, 2964, 'Mock not eklendi. Test amacli. (Note 1)', 22, FALSE, '2026-06-22 18:03:35');
INSERT INTO request_notes_Sila (note_ID, request_ID, content, submitter_ID, is_internal, created_at) VALUES (3913, 2964, 'Mock not eklendi. Test amacli. (Note 2)', 1, TRUE, '2026-06-22 19:03:35');
INSERT INTO requests_Sila (request_ID, creator_ID, title, description, status, type, generated_id, final_priority_score, created_at) VALUES (2965, 26, 'Kullanici girisi yavas - Mock Dev 22 - 35', 'Performans cok dusuk.', 'ASSIGNED', 'ENTEGRASYON_SIKINTILARI', 'M-0965', 89.9, '2026-06-22 15:03:35');
INSERT INTO priorities_Sila (priority_ID, request_ID, company_points, product_mgr_score, software_mgr_score, priority_score) VALUES (2965, 2965, 89.8, 5, 4, 89.9);
INSERT INTO workflows_Sila (task_ID, request_ID, developer_ID, workflow_status, assigned_by_ID, assigned_at) VALUES (2965, 2965, 22, 'ASSIGNED', 1, '2026-06-22 16:03:35');
INSERT INTO request_notes_Sila (note_ID, request_ID, content, submitter_ID, is_internal, created_at) VALUES (3914, 2965, 'Mock not eklendi. Test amacli. (Note 0)', 1, FALSE, '2026-06-22 17:03:35');
INSERT INTO request_notes_Sila (note_ID, request_ID, content, submitter_ID, is_internal, created_at) VALUES (3915, 2965, 'Mock not eklendi. Test amacli. (Note 1)', 22, TRUE, '2026-06-22 18:03:35');
INSERT INTO requests_Sila (request_ID, creator_ID, title, description, status, type, generated_id, final_priority_score, created_at) VALUES (2966, 29, 'Arayuzde kayma var - Mock Dev 22 - 36', 'Dun yapilan guncellemeden sonra bozuldu.', 'ASSIGNED', 'GELİŞTİRME', 'M-0966', 85.0, '2026-07-18 15:03:35');
INSERT INTO priorities_Sila (priority_ID, request_ID, company_points, product_mgr_score, software_mgr_score, priority_score) VALUES (2966, 2966, 92.6, 3, 5, 85.0);
INSERT INTO workflows_Sila (task_ID, request_ID, developer_ID, workflow_status, assigned_by_ID, assigned_at) VALUES (2966, 2966, 22, 'ASSIGNED', 1, '2026-07-18 16:03:35');
INSERT INTO request_notes_Sila (note_ID, request_ID, content, submitter_ID, is_internal, created_at) VALUES (3916, 2966, 'Mock not eklendi. Test amacli. (Note 0)', 22, TRUE, '2026-07-18 17:03:35');
INSERT INTO request_notes_Sila (note_ID, request_ID, content, submitter_ID, is_internal, created_at) VALUES (3917, 2966, 'Mock not eklendi. Test amacli. (Note 1)', 1, TRUE, '2026-07-18 18:03:35');
INSERT INTO request_notes_Sila (note_ID, request_ID, content, submitter_ID, is_internal, created_at) VALUES (3918, 2966, 'Mock not eklendi. Test amacli. (Note 2)', 1, FALSE, '2026-07-18 19:03:35');
INSERT INTO requests_Sila (request_ID, creator_ID, title, description, status, type, generated_id, final_priority_score, created_at) VALUES (2967, 34, 'Kullanici girisi yavas - Mock Dev 23 - 0', 'Loglarda NullPointerException gordum, ekteki dosyaya bakiniz.', 'ASSIGNED', 'GELİŞTİRME', 'M-0967', 81.2, '2026-07-04 15:03:35');
INSERT INTO priorities_Sila (priority_ID, request_ID, company_points, product_mgr_score, software_mgr_score, priority_score) VALUES (2967, 2967, 82.9, 4, 4, 81.2);
INSERT INTO workflows_Sila (task_ID, request_ID, developer_ID, workflow_status, assigned_by_ID, assigned_at) VALUES (2967, 2967, 23, 'ASSIGNED', 1, '2026-07-04 16:03:35');
INSERT INTO request_notes_Sila (note_ID, request_ID, content, submitter_ID, is_internal, created_at) VALUES (3919, 2967, 'Mock not eklendi. Test amacli. (Note 0)', 23, FALSE, '2026-07-04 17:03:35');
INSERT INTO requests_Sila (request_ID, creator_ID, title, description, status, type, generated_id, final_priority_score, created_at) VALUES (2968, 30, 'Sifre sifirlama maili gelmiyor - Mock Dev 23 - 1', 'Test ortaminda calisiyor ama canlida hata veriyor.', 'ASSIGNED', 'VERİ_KAYBI', 'M-0968', 84.7, '2026-06-28 15:03:35');
INSERT INTO priorities_Sila (priority_ID, request_ID, company_points, product_mgr_score, software_mgr_score, priority_score) VALUES (2968, 2968, 91.6, 3, 5, 84.7);
INSERT INTO workflows_Sila (task_ID, request_ID, developer_ID, workflow_status, assigned_by_ID, assigned_at) VALUES (2968, 2968, 23, 'ASSIGNED', 1, '2026-06-28 16:03:35');
INSERT INTO request_notes_Sila (note_ID, request_ID, content, submitter_ID, is_internal, created_at) VALUES (3920, 2968, 'Mock not eklendi. Test amacli. (Note 0)', 23, FALSE, '2026-06-28 17:03:35');
INSERT INTO requests_Sila (request_ID, creator_ID, title, description, status, type, generated_id, final_priority_score, created_at) VALUES (2969, 33, 'Sayfa yuklenmiyor - Mock Dev 23 - 2', 'Test ortaminda calisiyor ama canlida hata veriyor.', 'COMPLETED', 'SİSTEM_ÇÖKÜŞÜ', 'M-0969', 75.1, '2026-06-25 15:03:35');
INSERT INTO priorities_Sila (priority_ID, request_ID, company_points, product_mgr_score, software_mgr_score, priority_score) VALUES (2969, 2969, 97.7, 3, 3, 75.1);
INSERT INTO workflows_Sila (task_ID, request_ID, developer_ID, workflow_status, assigned_by_ID, assigned_at, resolved_at) VALUES (2969, 2969, 23, 'RESOLVED', 1, '2026-06-25 16:03:35', '2026-06-27 16:03:35');
INSERT INTO request_notes_Sila (note_ID, request_ID, content, submitter_ID, is_internal, created_at) VALUES (3921, 2969, 'Mock not eklendi. Test amacli. (Note 0)', 1, FALSE, '2026-06-25 17:03:35');
INSERT INTO request_notes_Sila (note_ID, request_ID, content, submitter_ID, is_internal, created_at) VALUES (3922, 2969, 'Mock not eklendi. Test amacli. (Note 1)', 1, FALSE, '2026-06-25 18:03:35');
INSERT INTO request_notes_Sila (note_ID, request_ID, content, submitter_ID, is_internal, created_at) VALUES (3923, 2969, 'Mock not eklendi. Test amacli. (Note 2)', 1, FALSE, '2026-06-25 19:03:35');
INSERT INTO requests_Sila (request_ID, creator_ID, title, description, status, type, generated_id, final_priority_score, created_at) VALUES (2970, 27, '500 Internal Server Error - Mock Dev 23 - 3', 'Dun yapilan guncellemeden sonra bozuldu.', 'COMPLETED', 'SİSTEM_ÇÖKÜŞÜ', 'M-0970', 90.6, '2026-07-12 15:03:35');
INSERT INTO priorities_Sila (priority_ID, request_ID, company_points, product_mgr_score, software_mgr_score, priority_score) VALUES (2970, 2970, 91.5, 4, 5, 90.6);
INSERT INTO workflows_Sila (task_ID, request_ID, developer_ID, workflow_status, assigned_by_ID, assigned_at, resolved_at) VALUES (2970, 2970, 23, 'RESOLVED', 1, '2026-07-12 16:03:35', '2026-07-17 16:03:35');
INSERT INTO request_notes_Sila (note_ID, request_ID, content, submitter_ID, is_internal, created_at) VALUES (3924, 2970, 'Mock not eklendi. Test amacli. (Note 0)', 23, TRUE, '2026-07-12 17:03:35');
INSERT INTO request_notes_Sila (note_ID, request_ID, content, submitter_ID, is_internal, created_at) VALUES (3925, 2970, 'Mock not eklendi. Test amacli. (Note 1)', 23, TRUE, '2026-07-12 18:03:35');
INSERT INTO request_notes_Sila (note_ID, request_ID, content, submitter_ID, is_internal, created_at) VALUES (3926, 2970, 'Mock not eklendi. Test amacli. (Note 2)', 23, TRUE, '2026-07-12 19:03:35');
INSERT INTO requests_Sila (request_ID, creator_ID, title, description, status, type, generated_id, final_priority_score, created_at) VALUES (2971, 33, 'Kullanici girisi yavas - Mock Dev 23 - 4', 'Test ortaminda calisiyor ama canlida hata veriyor.', 'ASSIGNED', 'DİĞER', 'M-0971', 79.2, '2026-07-17 15:03:35');
INSERT INTO priorities_Sila (priority_ID, request_ID, company_points, product_mgr_score, software_mgr_score, priority_score) VALUES (2971, 2971, 78.1, 4, 4, 79.2);
INSERT INTO workflows_Sila (task_ID, request_ID, developer_ID, workflow_status, assigned_by_ID, assigned_at) VALUES (2971, 2971, 23, 'ASSIGNED', 1, '2026-07-17 16:03:35');
INSERT INTO request_notes_Sila (note_ID, request_ID, content, submitter_ID, is_internal, created_at) VALUES (3927, 2971, 'Mock not eklendi. Test amacli. (Note 0)', 23, FALSE, '2026-07-17 17:03:35');
INSERT INTO request_notes_Sila (note_ID, request_ID, content, submitter_ID, is_internal, created_at) VALUES (3928, 2971, 'Mock not eklendi. Test amacli. (Note 1)', 1, FALSE, '2026-07-17 18:03:35');
INSERT INTO requests_Sila (request_ID, creator_ID, title, description, status, type, generated_id, final_priority_score, created_at) VALUES (2972, 27, 'Veri kaybi yasaniyor - Mock Dev 23 - 5', 'Performans cok dusuk.', 'COMPLETED', 'DİĞER', 'M-0972', 83.0, '2026-07-15 15:03:35');
INSERT INTO priorities_Sila (priority_ID, request_ID, company_points, product_mgr_score, software_mgr_score, priority_score) VALUES (2972, 2972, 87.5, 5, 3, 83.0);
INSERT INTO workflows_Sila (task_ID, request_ID, developer_ID, workflow_status, assigned_by_ID, assigned_at, resolved_at) VALUES (2972, 2972, 23, 'RESOLVED', 1, '2026-07-15 16:03:35', '2026-07-16 16:03:35');
INSERT INTO request_notes_Sila (note_ID, request_ID, content, submitter_ID, is_internal, created_at) VALUES (3929, 2972, 'Mock not eklendi. Test amacli. (Note 0)', 1, TRUE, '2026-07-15 17:03:35');
INSERT INTO request_notes_Sila (note_ID, request_ID, content, submitter_ID, is_internal, created_at) VALUES (3930, 2972, 'Mock not eklendi. Test amacli. (Note 1)', 23, TRUE, '2026-07-15 18:03:35');
INSERT INTO request_notes_Sila (note_ID, request_ID, content, submitter_ID, is_internal, created_at) VALUES (3931, 2972, 'Mock not eklendi. Test amacli. (Note 2)', 1, TRUE, '2026-07-15 19:03:35');
INSERT INTO requests_Sila (request_ID, creator_ID, title, description, status, type, generated_id, final_priority_score, created_at) VALUES (2973, 27, 'Veri kaybi yasaniyor - Mock Dev 23 - 6', 'Test ortaminda calisiyor ama canlida hata veriyor.', 'ASSIGNED', 'ENTEGRASYON_SIKINTILARI', 'M-0973', 80.3, '2026-06-22 15:03:35');
INSERT INTO priorities_Sila (priority_ID, request_ID, company_points, product_mgr_score, software_mgr_score, priority_score) VALUES (2973, 2973, 95.7, 4, 3, 80.3);
INSERT INTO workflows_Sila (task_ID, request_ID, developer_ID, workflow_status, assigned_by_ID, assigned_at) VALUES (2973, 2973, 23, 'ASSIGNED', 1, '2026-06-22 16:03:35');
INSERT INTO request_notes_Sila (note_ID, request_ID, content, submitter_ID, is_internal, created_at) VALUES (3932, 2973, 'Mock not eklendi. Test amacli. (Note 0)', 23, TRUE, '2026-06-22 17:03:35');
INSERT INTO request_notes_Sila (note_ID, request_ID, content, submitter_ID, is_internal, created_at) VALUES (3933, 2973, 'Mock not eklendi. Test amacli. (Note 1)', 1, TRUE, '2026-06-22 18:03:35');
INSERT INTO request_notes_Sila (note_ID, request_ID, content, submitter_ID, is_internal, created_at) VALUES (3934, 2973, 'Mock not eklendi. Test amacli. (Note 2)', 23, TRUE, '2026-06-22 19:03:35');
INSERT INTO requests_Sila (request_ID, creator_ID, title, description, status, type, generated_id, final_priority_score, created_at) VALUES (2974, 31, 'Mobil uyumluluk sorunu - Mock Dev 23 - 7', 'Musteriler bu sorundan sikayetci, acil bakilmasi gerekiyor.', 'COMPLETED', 'GELİŞTİRME', 'M-0974', 85.7, '2026-07-15 15:03:35');
INSERT INTO priorities_Sila (priority_ID, request_ID, company_points, product_mgr_score, software_mgr_score, priority_score) VALUES (2974, 2974, 94.2, 4, 4, 85.7);
INSERT INTO workflows_Sila (task_ID, request_ID, developer_ID, workflow_status, assigned_by_ID, assigned_at, resolved_at) VALUES (2974, 2974, 23, 'RESOLVED', 1, '2026-07-15 16:03:35', '2026-07-20 16:03:35');
INSERT INTO request_notes_Sila (note_ID, request_ID, content, submitter_ID, is_internal, created_at) VALUES (3935, 2974, 'Mock not eklendi. Test amacli. (Note 0)', 1, TRUE, '2026-07-15 17:03:35');
INSERT INTO request_notes_Sila (note_ID, request_ID, content, submitter_ID, is_internal, created_at) VALUES (3936, 2974, 'Mock not eklendi. Test amacli. (Note 1)', 23, FALSE, '2026-07-15 18:03:35');
INSERT INTO request_notes_Sila (note_ID, request_ID, content, submitter_ID, is_internal, created_at) VALUES (3937, 2974, 'Mock not eklendi. Test amacli. (Note 2)', 1, FALSE, '2026-07-15 19:03:35');
INSERT INTO requests_Sila (request_ID, creator_ID, title, description, status, type, generated_id, final_priority_score, created_at) VALUES (2975, 34, 'Yeni buton eklenmesi - Mock Dev 23 - 8', 'Tasarim ekibi guncellemeyi talep etti.', 'COMPLETED', 'GELİŞTİRME', 'M-0975', 87.2, '2026-06-25 15:03:35');
INSERT INTO priorities_Sila (priority_ID, request_ID, company_points, product_mgr_score, software_mgr_score, priority_score) VALUES (2975, 2975, 98.1, 4, 4, 87.2);
INSERT INTO workflows_Sila (task_ID, request_ID, developer_ID, workflow_status, assigned_by_ID, assigned_at, resolved_at) VALUES (2975, 2975, 23, 'RESOLVED', 1, '2026-06-25 16:03:35', '2026-06-27 16:03:35');
INSERT INTO request_notes_Sila (note_ID, request_ID, content, submitter_ID, is_internal, created_at) VALUES (3938, 2975, 'Mock not eklendi. Test amacli. (Note 0)', 23, TRUE, '2026-06-25 17:03:35');
INSERT INTO requests_Sila (request_ID, creator_ID, title, description, status, type, generated_id, final_priority_score, created_at) VALUES (2976, 29, '500 Internal Server Error - Mock Dev 23 - 9', 'Test ortaminda calisiyor ama canlida hata veriyor.', 'ASSIGNED', 'GELİŞTİRME', 'M-0976', 76.3, '2026-07-08 15:03:35');
INSERT INTO priorities_Sila (priority_ID, request_ID, company_points, product_mgr_score, software_mgr_score, priority_score) VALUES (2976, 2976, 70.8, 3, 5, 76.3);
INSERT INTO workflows_Sila (task_ID, request_ID, developer_ID, workflow_status, assigned_by_ID, assigned_at) VALUES (2976, 2976, 23, 'ASSIGNED', 1, '2026-07-08 16:03:35');
INSERT INTO request_notes_Sila (note_ID, request_ID, content, submitter_ID, is_internal, created_at) VALUES (3939, 2976, 'Mock not eklendi. Test amacli. (Note 0)', 1, TRUE, '2026-07-08 17:03:35');
INSERT INTO request_notes_Sila (note_ID, request_ID, content, submitter_ID, is_internal, created_at) VALUES (3940, 2976, 'Mock not eklendi. Test amacli. (Note 1)', 1, TRUE, '2026-07-08 18:03:35');
INSERT INTO requests_Sila (request_ID, creator_ID, title, description, status, type, generated_id, final_priority_score, created_at) VALUES (2977, 34, 'Kullanici girisi yavas - Mock Dev 23 - 10', 'Dun yapilan guncellemeden sonra bozuldu.', 'COMPLETED', 'GELİŞTİRME', 'M-0977', 66.2, '2026-06-28 15:03:35');
INSERT INTO priorities_Sila (priority_ID, request_ID, company_points, product_mgr_score, software_mgr_score, priority_score) VALUES (2977, 2977, 75.6, 3, 3, 66.2);
INSERT INTO workflows_Sila (task_ID, request_ID, developer_ID, workflow_status, assigned_by_ID, assigned_at, resolved_at) VALUES (2977, 2977, 23, 'RESOLVED', 1, '2026-06-28 16:03:35', '2026-07-03 16:03:35');
INSERT INTO request_notes_Sila (note_ID, request_ID, content, submitter_ID, is_internal, created_at) VALUES (3941, 2977, 'Mock not eklendi. Test amacli. (Note 0)', 23, TRUE, '2026-06-28 17:03:35');
INSERT INTO requests_Sila (request_ID, creator_ID, title, description, status, type, generated_id, final_priority_score, created_at) VALUES (2978, 26, '500 Internal Server Error - Mock Dev 23 - 11', 'Sistemin genelini etkileyen bir yavaslik soz konusu.', 'ASSIGNED', 'DİĞER', 'M-0978', 79.5, '2026-06-22 15:03:35');
INSERT INTO priorities_Sila (priority_ID, request_ID, company_points, product_mgr_score, software_mgr_score, priority_score) VALUES (2978, 2978, 93.6, 3, 4, 79.5);
INSERT INTO workflows_Sila (task_ID, request_ID, developer_ID, workflow_status, assigned_by_ID, assigned_at) VALUES (2978, 2978, 23, 'ASSIGNED', 1, '2026-06-22 16:03:35');
INSERT INTO request_notes_Sila (note_ID, request_ID, content, submitter_ID, is_internal, created_at) VALUES (3942, 2978, 'Mock not eklendi. Test amacli. (Note 0)', 23, TRUE, '2026-06-22 17:03:35');
INSERT INTO request_notes_Sila (note_ID, request_ID, content, submitter_ID, is_internal, created_at) VALUES (3943, 2978, 'Mock not eklendi. Test amacli. (Note 1)', 1, TRUE, '2026-06-22 18:03:35');
INSERT INTO request_notes_Sila (note_ID, request_ID, content, submitter_ID, is_internal, created_at) VALUES (3944, 2978, 'Mock not eklendi. Test amacli. (Note 2)', 23, FALSE, '2026-06-22 19:03:35');
INSERT INTO requests_Sila (request_ID, creator_ID, title, description, status, type, generated_id, final_priority_score, created_at) VALUES (2979, 28, 'Raporlama modulu calismiyor - Mock Dev 23 - 12', 'Loglarda NullPointerException gordum, ekteki dosyaya bakiniz.', 'ASSIGNED', 'YENİ_ÖZELLİK_EKLEME', 'M-0979', 87.0, '2026-07-14 15:03:35');
INSERT INTO priorities_Sila (priority_ID, request_ID, company_points, product_mgr_score, software_mgr_score, priority_score) VALUES (2979, 2979, 97.6, 5, 3, 87.0);
INSERT INTO workflows_Sila (task_ID, request_ID, developer_ID, workflow_status, assigned_by_ID, assigned_at) VALUES (2979, 2979, 23, 'ASSIGNED', 1, '2026-07-14 16:03:35');
INSERT INTO request_notes_Sila (note_ID, request_ID, content, submitter_ID, is_internal, created_at) VALUES (3945, 2979, 'Mock not eklendi. Test amacli. (Note 0)', 1, FALSE, '2026-07-14 17:03:35');
INSERT INTO request_notes_Sila (note_ID, request_ID, content, submitter_ID, is_internal, created_at) VALUES (3946, 2979, 'Mock not eklendi. Test amacli. (Note 1)', 23, TRUE, '2026-07-14 18:03:35');
INSERT INTO request_notes_Sila (note_ID, request_ID, content, submitter_ID, is_internal, created_at) VALUES (3947, 2979, 'Mock not eklendi. Test amacli. (Note 2)', 23, TRUE, '2026-07-14 19:03:35');
INSERT INTO requests_Sila (request_ID, creator_ID, title, description, status, type, generated_id, final_priority_score, created_at) VALUES (2980, 35, 'Sayfa yuklenmiyor - Mock Dev 23 - 13', 'Performans cok dusuk.', 'ASSIGNED', 'SİSTEM_ÇÖKÜŞÜ', 'M-0980', 74.7, '2026-06-29 15:03:35');
INSERT INTO priorities_Sila (priority_ID, request_ID, company_points, product_mgr_score, software_mgr_score, priority_score) VALUES (2980, 2980, 96.8, 3, 3, 74.7);
INSERT INTO workflows_Sila (task_ID, request_ID, developer_ID, workflow_status, assigned_by_ID, assigned_at) VALUES (2980, 2980, 23, 'ASSIGNED', 1, '2026-06-29 16:03:35');
INSERT INTO request_notes_Sila (note_ID, request_ID, content, submitter_ID, is_internal, created_at) VALUES (3948, 2980, 'Mock not eklendi. Test amacli. (Note 0)', 23, FALSE, '2026-06-29 17:03:35');
INSERT INTO request_notes_Sila (note_ID, request_ID, content, submitter_ID, is_internal, created_at) VALUES (3949, 2980, 'Mock not eklendi. Test amacli. (Note 1)', 1, TRUE, '2026-06-29 18:03:35');
INSERT INTO request_notes_Sila (note_ID, request_ID, content, submitter_ID, is_internal, created_at) VALUES (3950, 2980, 'Mock not eklendi. Test amacli. (Note 2)', 1, TRUE, '2026-06-29 19:03:35');
INSERT INTO requests_Sila (request_ID, creator_ID, title, description, status, type, generated_id, final_priority_score, created_at) VALUES (2981, 34, 'Veritabani baglanti hatasi - Mock Dev 23 - 14', 'Test ortaminda calisiyor ama canlida hata veriyor.', 'COMPLETED', 'BUG_DÜZELTME', 'M-0981', 75.5, '2026-07-04 15:03:35');
INSERT INTO priorities_Sila (priority_ID, request_ID, company_points, product_mgr_score, software_mgr_score, priority_score) VALUES (2981, 2981, 83.8, 3, 4, 75.5);
INSERT INTO workflows_Sila (task_ID, request_ID, developer_ID, workflow_status, assigned_by_ID, assigned_at, resolved_at) VALUES (2981, 2981, 23, 'RESOLVED', 1, '2026-07-04 16:03:35', '2026-07-06 16:03:35');
INSERT INTO request_notes_Sila (note_ID, request_ID, content, submitter_ID, is_internal, created_at) VALUES (3951, 2981, 'Mock not eklendi. Test amacli. (Note 0)', 1, TRUE, '2026-07-04 17:03:35');
INSERT INTO request_notes_Sila (note_ID, request_ID, content, submitter_ID, is_internal, created_at) VALUES (3952, 2981, 'Mock not eklendi. Test amacli. (Note 1)', 1, TRUE, '2026-07-04 18:03:35');
INSERT INTO requests_Sila (request_ID, creator_ID, title, description, status, type, generated_id, final_priority_score, created_at) VALUES (2982, 30, 'Veri kaybi yasaniyor - Mock Dev 23 - 15', 'Dun yapilan guncellemeden sonra bozuldu.', 'ASSIGNED', 'BUG_DÜZELTME', 'M-0982', 87.6, '2026-06-23 15:03:35');
INSERT INTO priorities_Sila (priority_ID, request_ID, company_points, product_mgr_score, software_mgr_score, priority_score) VALUES (2982, 2982, 99.1, 3, 5, 87.6);
INSERT INTO workflows_Sila (task_ID, request_ID, developer_ID, workflow_status, assigned_by_ID, assigned_at) VALUES (2982, 2982, 23, 'ASSIGNED', 1, '2026-06-23 16:03:35');
INSERT INTO request_notes_Sila (note_ID, request_ID, content, submitter_ID, is_internal, created_at) VALUES (3953, 2982, 'Mock not eklendi. Test amacli. (Note 0)', 1, TRUE, '2026-06-23 17:03:35');
INSERT INTO requests_Sila (request_ID, creator_ID, title, description, status, type, generated_id, final_priority_score, created_at) VALUES (2983, 30, '500 Internal Server Error - Mock Dev 23 - 16', 'Musteriler bu sorundan sikayetci, acil bakilmasi gerekiyor.', 'ASSIGNED', 'BUG_DÜZELTME', 'M-0983', 70.7, '2026-07-01 15:03:35');
INSERT INTO priorities_Sila (priority_ID, request_ID, company_points, product_mgr_score, software_mgr_score, priority_score) VALUES (2983, 2983, 71.8, 3, 4, 70.7);
INSERT INTO workflows_Sila (task_ID, request_ID, developer_ID, workflow_status, assigned_by_ID, assigned_at) VALUES (2983, 2983, 23, 'ASSIGNED', 1, '2026-07-01 16:03:35');
INSERT INTO request_notes_Sila (note_ID, request_ID, content, submitter_ID, is_internal, created_at) VALUES (3954, 2983, 'Mock not eklendi. Test amacli. (Note 0)', 23, TRUE, '2026-07-01 17:03:35');
INSERT INTO request_notes_Sila (note_ID, request_ID, content, submitter_ID, is_internal, created_at) VALUES (3955, 2983, 'Mock not eklendi. Test amacli. (Note 1)', 1, FALSE, '2026-07-01 18:03:35');
INSERT INTO requests_Sila (request_ID, creator_ID, title, description, status, type, generated_id, final_priority_score, created_at) VALUES (2984, 31, 'Raporlama modulu calismiyor - Mock Dev 23 - 17', 'Veriler eksik geliyor, veritabani sorgusu optimize edilmeli.', 'COMPLETED', 'DİĞER', 'M-0984', 78.9, '2026-06-23 15:03:35');
INSERT INTO priorities_Sila (priority_ID, request_ID, company_points, product_mgr_score, software_mgr_score, priority_score) VALUES (2984, 2984, 92.2, 3, 4, 78.9);
INSERT INTO workflows_Sila (task_ID, request_ID, developer_ID, workflow_status, assigned_by_ID, assigned_at, resolved_at) VALUES (2984, 2984, 23, 'RESOLVED', 1, '2026-06-23 16:03:35', '2026-06-28 16:03:35');
INSERT INTO request_notes_Sila (note_ID, request_ID, content, submitter_ID, is_internal, created_at) VALUES (3956, 2984, 'Mock not eklendi. Test amacli. (Note 0)', 1, FALSE, '2026-06-23 17:03:35');
INSERT INTO request_notes_Sila (note_ID, request_ID, content, submitter_ID, is_internal, created_at) VALUES (3957, 2984, 'Mock not eklendi. Test amacli. (Note 1)', 23, TRUE, '2026-06-23 18:03:35');
INSERT INTO request_notes_Sila (note_ID, request_ID, content, submitter_ID, is_internal, created_at) VALUES (3958, 2984, 'Mock not eklendi. Test amacli. (Note 2)', 1, TRUE, '2026-06-23 19:03:35');
INSERT INTO requests_Sila (request_ID, creator_ID, title, description, status, type, generated_id, final_priority_score, created_at) VALUES (2985, 35, 'Arayuzde kayma var - Mock Dev 23 - 18', 'Tasarim ekibi guncellemeyi talep etti.', 'COMPLETED', 'VERİ_KAYBI', 'M-0985', 83.2, '2026-07-01 15:03:35');
INSERT INTO priorities_Sila (priority_ID, request_ID, company_points, product_mgr_score, software_mgr_score, priority_score) VALUES (2985, 2985, 88.0, 5, 3, 83.2);
INSERT INTO workflows_Sila (task_ID, request_ID, developer_ID, workflow_status, assigned_by_ID, assigned_at, resolved_at) VALUES (2985, 2985, 23, 'RESOLVED', 1, '2026-07-01 16:03:35', '2026-07-03 16:03:35');
INSERT INTO request_notes_Sila (note_ID, request_ID, content, submitter_ID, is_internal, created_at) VALUES (3959, 2985, 'Mock not eklendi. Test amacli. (Note 0)', 23, FALSE, '2026-07-01 17:03:35');
INSERT INTO request_notes_Sila (note_ID, request_ID, content, submitter_ID, is_internal, created_at) VALUES (3960, 2985, 'Mock not eklendi. Test amacli. (Note 1)', 23, FALSE, '2026-07-01 18:03:35');
INSERT INTO requests_Sila (request_ID, creator_ID, title, description, status, type, generated_id, final_priority_score, created_at) VALUES (2986, 27, 'Yeni buton eklenmesi - Mock Dev 23 - 19', 'Musteriler bu sorundan sikayetci, acil bakilmasi gerekiyor.', 'ASSIGNED', 'YENİ_ÖZELLİK_EKLEME', 'M-0986', 86.4, '2026-06-30 15:03:35');
INSERT INTO priorities_Sila (priority_ID, request_ID, company_points, product_mgr_score, software_mgr_score, priority_score) VALUES (2986, 2986, 81.0, 4, 5, 86.4);
INSERT INTO workflows_Sila (task_ID, request_ID, developer_ID, workflow_status, assigned_by_ID, assigned_at) VALUES (2986, 2986, 23, 'ASSIGNED', 1, '2026-06-30 16:03:35');
INSERT INTO request_notes_Sila (note_ID, request_ID, content, submitter_ID, is_internal, created_at) VALUES (3961, 2986, 'Mock not eklendi. Test amacli. (Note 0)', 23, TRUE, '2026-06-30 17:03:35');
INSERT INTO request_notes_Sila (note_ID, request_ID, content, submitter_ID, is_internal, created_at) VALUES (3962, 2986, 'Mock not eklendi. Test amacli. (Note 1)', 23, TRUE, '2026-06-30 18:03:35');
INSERT INTO request_notes_Sila (note_ID, request_ID, content, submitter_ID, is_internal, created_at) VALUES (3963, 2986, 'Mock not eklendi. Test amacli. (Note 2)', 23, FALSE, '2026-06-30 19:03:35');
INSERT INTO requests_Sila (request_ID, creator_ID, title, description, status, type, generated_id, final_priority_score, created_at) VALUES (2987, 28, 'Mobil uyumluluk sorunu - Mock Dev 23 - 20', 'Test ortaminda calisiyor ama canlida hata veriyor.', 'COMPLETED', 'DİĞER', 'M-0987', 74.9, '2026-07-06 15:03:35');
INSERT INTO priorities_Sila (priority_ID, request_ID, company_points, product_mgr_score, software_mgr_score, priority_score) VALUES (2987, 2987, 82.2, 3, 4, 74.9);
INSERT INTO workflows_Sila (task_ID, request_ID, developer_ID, workflow_status, assigned_by_ID, assigned_at, resolved_at) VALUES (2987, 2987, 23, 'RESOLVED', 1, '2026-07-06 16:03:35', '2026-07-08 16:03:35');
INSERT INTO request_notes_Sila (note_ID, request_ID, content, submitter_ID, is_internal, created_at) VALUES (3964, 2987, 'Mock not eklendi. Test amacli. (Note 0)', 23, FALSE, '2026-07-06 17:03:35');
INSERT INTO request_notes_Sila (note_ID, request_ID, content, submitter_ID, is_internal, created_at) VALUES (3965, 2987, 'Mock not eklendi. Test amacli. (Note 1)', 23, TRUE, '2026-07-06 18:03:35');
INSERT INTO requests_Sila (request_ID, creator_ID, title, description, status, type, generated_id, final_priority_score, created_at) VALUES (2988, 33, 'Yeni buton eklenmesi - Mock Dev 23 - 21', 'Musteriler bu sorundan sikayetci, acil bakilmasi gerekiyor.', 'ASSIGNED', 'YENİ_ÖZELLİK_EKLEME', 'M-0988', 79.0, '2026-06-21 15:03:35');
INSERT INTO priorities_Sila (priority_ID, request_ID, company_points, product_mgr_score, software_mgr_score, priority_score) VALUES (2988, 2988, 92.5, 3, 4, 79.0);
INSERT INTO workflows_Sila (task_ID, request_ID, developer_ID, workflow_status, assigned_by_ID, assigned_at) VALUES (2988, 2988, 23, 'ASSIGNED', 1, '2026-06-21 16:03:35');
INSERT INTO request_notes_Sila (note_ID, request_ID, content, submitter_ID, is_internal, created_at) VALUES (3966, 2988, 'Mock not eklendi. Test amacli. (Note 0)', 23, TRUE, '2026-06-21 17:03:35');
INSERT INTO requests_Sila (request_ID, creator_ID, title, description, status, type, generated_id, final_priority_score, created_at) VALUES (2989, 29, 'Sifre sifirlama maili gelmiyor - Mock Dev 23 - 22', 'Sistemin genelini etkileyen bir yavaslik soz konusu.', 'ASSIGNED', 'DİĞER', 'M-0989', 72.0, '2026-07-13 15:03:35');
INSERT INTO priorities_Sila (priority_ID, request_ID, company_points, product_mgr_score, software_mgr_score, priority_score) VALUES (2989, 2989, 75.0, 3, 4, 72.0);
INSERT INTO workflows_Sila (task_ID, request_ID, developer_ID, workflow_status, assigned_by_ID, assigned_at) VALUES (2989, 2989, 23, 'ASSIGNED', 1, '2026-07-13 16:03:35');
INSERT INTO request_notes_Sila (note_ID, request_ID, content, submitter_ID, is_internal, created_at) VALUES (3967, 2989, 'Mock not eklendi. Test amacli. (Note 0)', 23, FALSE, '2026-07-13 17:03:35');
INSERT INTO request_notes_Sila (note_ID, request_ID, content, submitter_ID, is_internal, created_at) VALUES (3968, 2989, 'Mock not eklendi. Test amacli. (Note 1)', 1, FALSE, '2026-07-13 18:03:35');
INSERT INTO request_notes_Sila (note_ID, request_ID, content, submitter_ID, is_internal, created_at) VALUES (3969, 2989, 'Mock not eklendi. Test amacli. (Note 2)', 23, TRUE, '2026-07-13 19:03:35');
INSERT INTO requests_Sila (request_ID, creator_ID, title, description, status, type, generated_id, final_priority_score, created_at) VALUES (2990, 35, 'Sayfa yuklenmiyor - Mock Dev 23 - 23', 'Tasarim ekibi guncellemeyi talep etti.', 'ASSIGNED', 'VERİ_KAYBI', 'M-0990', 91.7, '2026-06-24 15:03:35');
INSERT INTO priorities_Sila (priority_ID, request_ID, company_points, product_mgr_score, software_mgr_score, priority_score) VALUES (2990, 2990, 79.3, 5, 5, 91.7);
INSERT INTO workflows_Sila (task_ID, request_ID, developer_ID, workflow_status, assigned_by_ID, assigned_at) VALUES (2990, 2990, 23, 'ASSIGNED', 1, '2026-06-24 16:03:35');
INSERT INTO request_notes_Sila (note_ID, request_ID, content, submitter_ID, is_internal, created_at) VALUES (3970, 2990, 'Mock not eklendi. Test amacli. (Note 0)', 23, FALSE, '2026-06-24 17:03:35');
INSERT INTO request_notes_Sila (note_ID, request_ID, content, submitter_ID, is_internal, created_at) VALUES (3971, 2990, 'Mock not eklendi. Test amacli. (Note 1)', 23, FALSE, '2026-06-24 18:03:35');
INSERT INTO request_notes_Sila (note_ID, request_ID, content, submitter_ID, is_internal, created_at) VALUES (3972, 2990, 'Mock not eklendi. Test amacli. (Note 2)', 23, FALSE, '2026-06-24 19:03:35');
INSERT INTO requests_Sila (request_ID, creator_ID, title, description, status, type, generated_id, final_priority_score, created_at) VALUES (2991, 31, 'Yeni buton eklenmesi - Mock Dev 23 - 24', 'Tasarim ekibi guncellemeyi talep etti.', 'ASSIGNED', 'VERİ_KAYBI', 'M-0991', 80.1, '2026-06-26 15:03:35');
INSERT INTO priorities_Sila (priority_ID, request_ID, company_points, product_mgr_score, software_mgr_score, priority_score) VALUES (2991, 2991, 80.3, 4, 4, 80.1);
INSERT INTO workflows_Sila (task_ID, request_ID, developer_ID, workflow_status, assigned_by_ID, assigned_at) VALUES (2991, 2991, 23, 'ASSIGNED', 1, '2026-06-26 16:03:35');
INSERT INTO request_notes_Sila (note_ID, request_ID, content, submitter_ID, is_internal, created_at) VALUES (3973, 2991, 'Mock not eklendi. Test amacli. (Note 0)', 1, FALSE, '2026-06-26 17:03:35');
INSERT INTO requests_Sila (request_ID, creator_ID, title, description, status, type, generated_id, final_priority_score, created_at) VALUES (2992, 35, 'Kullanici girisi yavas - Mock Dev 23 - 25', 'Veriler eksik geliyor, veritabani sorgusu optimize edilmeli.', 'COMPLETED', 'VERİ_KAYBI', 'M-0992', 97.1, '2026-07-09 15:03:35');
INSERT INTO priorities_Sila (priority_ID, request_ID, company_points, product_mgr_score, software_mgr_score, priority_score) VALUES (2992, 2992, 92.8, 5, 5, 97.1);
INSERT INTO workflows_Sila (task_ID, request_ID, developer_ID, workflow_status, assigned_by_ID, assigned_at, resolved_at) VALUES (2992, 2992, 23, 'RESOLVED', 1, '2026-07-09 16:03:35', '2026-07-13 16:03:35');
INSERT INTO request_notes_Sila (note_ID, request_ID, content, submitter_ID, is_internal, created_at) VALUES (3974, 2992, 'Mock not eklendi. Test amacli. (Note 0)', 1, TRUE, '2026-07-09 17:03:35');
INSERT INTO request_notes_Sila (note_ID, request_ID, content, submitter_ID, is_internal, created_at) VALUES (3975, 2992, 'Mock not eklendi. Test amacli. (Note 1)', 1, FALSE, '2026-07-09 18:03:35');
INSERT INTO request_notes_Sila (note_ID, request_ID, content, submitter_ID, is_internal, created_at) VALUES (3976, 2992, 'Mock not eklendi. Test amacli. (Note 2)', 1, TRUE, '2026-07-09 19:03:35');
INSERT INTO requests_Sila (request_ID, creator_ID, title, description, status, type, generated_id, final_priority_score, created_at) VALUES (2993, 34, 'Mobil uyumluluk sorunu - Mock Dev 23 - 26', 'Musteriler bu sorundan sikayetci, acil bakilmasi gerekiyor.', 'ASSIGNED', 'YENİ_ÖZELLİK_EKLEME', 'M-0993', 92.6, '2026-06-20 15:03:35');
INSERT INTO priorities_Sila (priority_ID, request_ID, company_points, product_mgr_score, software_mgr_score, priority_score) VALUES (2993, 2993, 96.5, 5, 4, 92.6);
INSERT INTO workflows_Sila (task_ID, request_ID, developer_ID, workflow_status, assigned_by_ID, assigned_at) VALUES (2993, 2993, 23, 'ASSIGNED', 1, '2026-06-20 16:03:35');
INSERT INTO request_notes_Sila (note_ID, request_ID, content, submitter_ID, is_internal, created_at) VALUES (3977, 2993, 'Mock not eklendi. Test amacli. (Note 0)', 23, FALSE, '2026-06-20 17:03:35');
INSERT INTO request_notes_Sila (note_ID, request_ID, content, submitter_ID, is_internal, created_at) VALUES (3978, 2993, 'Mock not eklendi. Test amacli. (Note 1)', 23, TRUE, '2026-06-20 18:03:35');
INSERT INTO request_notes_Sila (note_ID, request_ID, content, submitter_ID, is_internal, created_at) VALUES (3979, 2993, 'Mock not eklendi. Test amacli. (Note 2)', 23, FALSE, '2026-06-20 19:03:35');
INSERT INTO requests_Sila (request_ID, creator_ID, title, description, status, type, generated_id, final_priority_score, created_at) VALUES (2994, 35, 'Yeni buton eklenmesi - Mock Dev 23 - 27', 'Dun yapilan guncellemeden sonra bozuldu.', 'COMPLETED', 'ENTEGRASYON_SIKINTILARI', 'M-0994', 89.0, '2026-06-28 15:03:35');
INSERT INTO priorities_Sila (priority_ID, request_ID, company_points, product_mgr_score, software_mgr_score, priority_score) VALUES (2994, 2994, 87.5, 5, 4, 89.0);
INSERT INTO workflows_Sila (task_ID, request_ID, developer_ID, workflow_status, assigned_by_ID, assigned_at, resolved_at) VALUES (2994, 2994, 23, 'RESOLVED', 1, '2026-06-28 16:03:35', '2026-06-30 16:03:35');
INSERT INTO request_notes_Sila (note_ID, request_ID, content, submitter_ID, is_internal, created_at) VALUES (3980, 2994, 'Mock not eklendi. Test amacli. (Note 0)', 23, FALSE, '2026-06-28 17:03:35');
INSERT INTO requests_Sila (request_ID, creator_ID, title, description, status, type, generated_id, final_priority_score, created_at) VALUES (2995, 31, 'Arayuzde kayma var - Mock Dev 23 - 28', 'Veriler eksik geliyor, veritabani sorgusu optimize edilmeli.', 'ASSIGNED', 'GELİŞTİRME', 'M-0995', 64.3, '2026-07-17 15:03:35');
INSERT INTO priorities_Sila (priority_ID, request_ID, company_points, product_mgr_score, software_mgr_score, priority_score) VALUES (2995, 2995, 70.9, 3, 3, 64.3);
INSERT INTO workflows_Sila (task_ID, request_ID, developer_ID, workflow_status, assigned_by_ID, assigned_at) VALUES (2995, 2995, 23, 'ASSIGNED', 1, '2026-07-17 16:03:35');
INSERT INTO request_notes_Sila (note_ID, request_ID, content, submitter_ID, is_internal, created_at) VALUES (3981, 2995, 'Mock not eklendi. Test amacli. (Note 0)', 23, TRUE, '2026-07-17 17:03:35');
INSERT INTO requests_Sila (request_ID, creator_ID, title, description, status, type, generated_id, final_priority_score, created_at) VALUES (2996, 32, 'Veri kaybi yasaniyor - Mock Dev 23 - 29', 'Loglarda NullPointerException gordum, ekteki dosyaya bakiniz.', 'ASSIGNED', 'VERİ_KAYBI', 'M-0996', 76.7, '2026-07-16 15:03:35');
INSERT INTO priorities_Sila (priority_ID, request_ID, company_points, product_mgr_score, software_mgr_score, priority_score) VALUES (2996, 2996, 86.6, 3, 4, 76.7);
INSERT INTO workflows_Sila (task_ID, request_ID, developer_ID, workflow_status, assigned_by_ID, assigned_at) VALUES (2996, 2996, 23, 'ASSIGNED', 1, '2026-07-16 16:03:35');
INSERT INTO request_notes_Sila (note_ID, request_ID, content, submitter_ID, is_internal, created_at) VALUES (3982, 2996, 'Mock not eklendi. Test amacli. (Note 0)', 23, FALSE, '2026-07-16 17:03:35');
INSERT INTO request_notes_Sila (note_ID, request_ID, content, submitter_ID, is_internal, created_at) VALUES (3983, 2996, 'Mock not eklendi. Test amacli. (Note 1)', 23, FALSE, '2026-07-16 18:03:35');
INSERT INTO requests_Sila (request_ID, creator_ID, title, description, status, type, generated_id, final_priority_score, created_at) VALUES (2997, 32, 'Veri kaybi yasaniyor - Mock Dev 23 - 30', 'Performans cok dusuk.', 'COMPLETED', 'SİSTEM_ÇÖKÜŞÜ', 'M-0997', 99.2, '2026-07-08 15:03:35');
INSERT INTO priorities_Sila (priority_ID, request_ID, company_points, product_mgr_score, software_mgr_score, priority_score) VALUES (2997, 2997, 98.0, 5, 5, 99.2);
INSERT INTO workflows_Sila (task_ID, request_ID, developer_ID, workflow_status, assigned_by_ID, assigned_at, resolved_at) VALUES (2997, 2997, 23, 'RESOLVED', 1, '2026-07-08 16:03:35', '2026-07-09 16:03:35');
INSERT INTO request_notes_Sila (note_ID, request_ID, content, submitter_ID, is_internal, created_at) VALUES (3984, 2997, 'Mock not eklendi. Test amacli. (Note 0)', 1, FALSE, '2026-07-08 17:03:35');
INSERT INTO request_notes_Sila (note_ID, request_ID, content, submitter_ID, is_internal, created_at) VALUES (3985, 2997, 'Mock not eklendi. Test amacli. (Note 1)', 1, TRUE, '2026-07-08 18:03:35');
INSERT INTO requests_Sila (request_ID, creator_ID, title, description, status, type, generated_id, final_priority_score, created_at) VALUES (2998, 29, 'Kullanici girisi yavas - Mock Dev 23 - 31', 'Musteriler bu sorundan sikayetci, acil bakilmasi gerekiyor.', 'ASSIGNED', 'DİĞER', 'M-0998', 80.3, '2026-06-26 15:03:35');
INSERT INTO priorities_Sila (priority_ID, request_ID, company_points, product_mgr_score, software_mgr_score, priority_score) VALUES (2998, 2998, 80.6, 3, 5, 80.3);
INSERT INTO workflows_Sila (task_ID, request_ID, developer_ID, workflow_status, assigned_by_ID, assigned_at) VALUES (2998, 2998, 23, 'ASSIGNED', 1, '2026-06-26 16:03:35');
INSERT INTO request_notes_Sila (note_ID, request_ID, content, submitter_ID, is_internal, created_at) VALUES (3986, 2998, 'Mock not eklendi. Test amacli. (Note 0)', 23, FALSE, '2026-06-26 17:03:35');
INSERT INTO requests_Sila (request_ID, creator_ID, title, description, status, type, generated_id, final_priority_score, created_at) VALUES (2999, 34, 'Sayfa yuklenmiyor - Mock Dev 23 - 32', 'Performans cok dusuk.', 'ASSIGNED', 'VERİ_KAYBI', 'M-0999', 77.7, '2026-06-29 15:03:35');
INSERT INTO priorities_Sila (priority_ID, request_ID, company_points, product_mgr_score, software_mgr_score, priority_score) VALUES (2999, 2999, 89.3, 3, 4, 77.7);
INSERT INTO workflows_Sila (task_ID, request_ID, developer_ID, workflow_status, assigned_by_ID, assigned_at) VALUES (2999, 2999, 23, 'ASSIGNED', 1, '2026-06-29 16:03:35');
INSERT INTO request_notes_Sila (note_ID, request_ID, content, submitter_ID, is_internal, created_at) VALUES (3987, 2999, 'Mock not eklendi. Test amacli. (Note 0)', 23, TRUE, '2026-06-29 17:03:35');
INSERT INTO requests_Sila (request_ID, creator_ID, title, description, status, type, generated_id, final_priority_score, created_at) VALUES (3000, 29, 'Veri kaybi yasaniyor - Mock Dev 23 - 33', 'Musteriler bu sorundan sikayetci, acil bakilmasi gerekiyor.', 'COMPLETED', 'ENTEGRASYON_SIKINTILARI', 'M-1000', 84.9, '2026-06-29 15:03:35');
INSERT INTO priorities_Sila (priority_ID, request_ID, company_points, product_mgr_score, software_mgr_score, priority_score) VALUES (3000, 3000, 92.4, 5, 3, 84.9);
INSERT INTO workflows_Sila (task_ID, request_ID, developer_ID, workflow_status, assigned_by_ID, assigned_at, resolved_at) VALUES (3000, 3000, 23, 'RESOLVED', 1, '2026-06-29 16:03:35', '2026-07-03 16:03:35');
INSERT INTO request_notes_Sila (note_ID, request_ID, content, submitter_ID, is_internal, created_at) VALUES (3988, 3000, 'Mock not eklendi. Test amacli. (Note 0)', 23, FALSE, '2026-06-29 17:03:35');
INSERT INTO request_notes_Sila (note_ID, request_ID, content, submitter_ID, is_internal, created_at) VALUES (3989, 3000, 'Mock not eklendi. Test amacli. (Note 1)', 23, FALSE, '2026-06-29 18:03:35');
INSERT INTO request_notes_Sila (note_ID, request_ID, content, submitter_ID, is_internal, created_at) VALUES (3990, 3000, 'Mock not eklendi. Test amacli. (Note 2)', 23, FALSE, '2026-06-29 19:03:35');
INSERT INTO requests_Sila (request_ID, creator_ID, title, description, status, type, generated_id, final_priority_score, created_at) VALUES (3001, 30, '500 Internal Server Error - Mock Dev 23 - 34', 'Musteriler bu sorundan sikayetci, acil bakilmasi gerekiyor.', 'ASSIGNED', 'DİĞER', 'M-1001', 78.4, '2026-07-05 15:03:35');
INSERT INTO priorities_Sila (priority_ID, request_ID, company_points, product_mgr_score, software_mgr_score, priority_score) VALUES (3001, 3001, 91.1, 3, 4, 78.4);
INSERT INTO workflows_Sila (task_ID, request_ID, developer_ID, workflow_status, assigned_by_ID, assigned_at) VALUES (3001, 3001, 23, 'ASSIGNED', 1, '2026-07-05 16:03:35');
INSERT INTO request_notes_Sila (note_ID, request_ID, content, submitter_ID, is_internal, created_at) VALUES (3991, 3001, 'Mock not eklendi. Test amacli. (Note 0)', 23, TRUE, '2026-07-05 17:03:35');
INSERT INTO requests_Sila (request_ID, creator_ID, title, description, status, type, generated_id, final_priority_score, created_at) VALUES (3002, 33, 'Sayfa yuklenmiyor - Mock Dev 23 - 35', 'Dun yapilan guncellemeden sonra bozuldu.', 'ASSIGNED', 'SİSTEM_ÇÖKÜŞÜ', 'M-1002', 81.0, '2026-07-06 15:03:35');
INSERT INTO priorities_Sila (priority_ID, request_ID, company_points, product_mgr_score, software_mgr_score, priority_score) VALUES (3002, 3002, 82.4, 3, 5, 81.0);
INSERT INTO workflows_Sila (task_ID, request_ID, developer_ID, workflow_status, assigned_by_ID, assigned_at) VALUES (3002, 3002, 23, 'ASSIGNED', 1, '2026-07-06 16:03:35');
INSERT INTO request_notes_Sila (note_ID, request_ID, content, submitter_ID, is_internal, created_at) VALUES (3992, 3002, 'Mock not eklendi. Test amacli. (Note 0)', 23, FALSE, '2026-07-06 17:03:35');
INSERT INTO requests_Sila (request_ID, creator_ID, title, description, status, type, generated_id, final_priority_score, created_at) VALUES (3003, 32, 'Sayfa yuklenmiyor - Mock Dev 23 - 36', 'Dun yapilan guncellemeden sonra bozuldu.', 'ASSIGNED', 'BUG_DÜZELTME', 'M-1003', 86.1, '2026-07-04 15:03:35');
INSERT INTO priorities_Sila (priority_ID, request_ID, company_points, product_mgr_score, software_mgr_score, priority_score) VALUES (3003, 3003, 95.2, 4, 4, 86.1);
INSERT INTO workflows_Sila (task_ID, request_ID, developer_ID, workflow_status, assigned_by_ID, assigned_at) VALUES (3003, 3003, 23, 'ASSIGNED', 1, '2026-07-04 16:03:35');
INSERT INTO request_notes_Sila (note_ID, request_ID, content, submitter_ID, is_internal, created_at) VALUES (3993, 3003, 'Mock not eklendi. Test amacli. (Note 0)', 23, TRUE, '2026-07-04 17:03:35');
INSERT INTO request_notes_Sila (note_ID, request_ID, content, submitter_ID, is_internal, created_at) VALUES (3994, 3003, 'Mock not eklendi. Test amacli. (Note 1)', 1, TRUE, '2026-07-04 18:03:35');
INSERT INTO request_notes_Sila (note_ID, request_ID, content, submitter_ID, is_internal, created_at) VALUES (3995, 3003, 'Mock not eklendi. Test amacli. (Note 2)', 23, TRUE, '2026-07-04 19:03:35');
INSERT INTO requests_Sila (request_ID, creator_ID, title, description, status, type, generated_id, final_priority_score, created_at) VALUES (3004, 28, 'Veritabani baglanti hatasi - Mock Dev 24 - 0', 'Veriler eksik geliyor, veritabani sorgusu optimize edilmeli.', 'ASSIGNED', 'BUG_DÜZELTME', 'M-1004', 76.6, '2026-07-03 15:03:35');
INSERT INTO priorities_Sila (priority_ID, request_ID, company_points, product_mgr_score, software_mgr_score, priority_score) VALUES (3004, 3004, 71.4, 3, 5, 76.6);
INSERT INTO workflows_Sila (task_ID, request_ID, developer_ID, workflow_status, assigned_by_ID, assigned_at) VALUES (3004, 3004, 24, 'ASSIGNED', 1, '2026-07-03 16:03:35');
INSERT INTO request_notes_Sila (note_ID, request_ID, content, submitter_ID, is_internal, created_at) VALUES (3996, 3004, 'Mock not eklendi. Test amacli. (Note 0)', 1, TRUE, '2026-07-03 17:03:35');
INSERT INTO request_notes_Sila (note_ID, request_ID, content, submitter_ID, is_internal, created_at) VALUES (3997, 3004, 'Mock not eklendi. Test amacli. (Note 1)', 1, FALSE, '2026-07-03 18:03:35');
INSERT INTO request_notes_Sila (note_ID, request_ID, content, submitter_ID, is_internal, created_at) VALUES (3998, 3004, 'Mock not eklendi. Test amacli. (Note 2)', 24, TRUE, '2026-07-03 19:03:35');
INSERT INTO requests_Sila (request_ID, creator_ID, title, description, status, type, generated_id, final_priority_score, created_at) VALUES (3005, 32, 'Yeni buton eklenmesi - Mock Dev 24 - 1', 'Loglarda NullPointerException gordum, ekteki dosyaya bakiniz.', 'ASSIGNED', 'BUG_DÜZELTME', 'M-1005', 92.0, '2026-07-03 15:03:35');
INSERT INTO priorities_Sila (priority_ID, request_ID, company_points, product_mgr_score, software_mgr_score, priority_score) VALUES (3005, 3005, 95.1, 5, 4, 92.0);
INSERT INTO workflows_Sila (task_ID, request_ID, developer_ID, workflow_status, assigned_by_ID, assigned_at) VALUES (3005, 3005, 24, 'ASSIGNED', 1, '2026-07-03 16:03:35');
INSERT INTO request_notes_Sila (note_ID, request_ID, content, submitter_ID, is_internal, created_at) VALUES (3999, 3005, 'Mock not eklendi. Test amacli. (Note 0)', 24, FALSE, '2026-07-03 17:03:35');
INSERT INTO requests_Sila (request_ID, creator_ID, title, description, status, type, generated_id, final_priority_score, created_at) VALUES (3006, 32, 'Mobil uyumluluk sorunu - Mock Dev 24 - 2', 'Sistemin genelini etkileyen bir yavaslik soz konusu.', 'ASSIGNED', 'ENTEGRASYON_SIKINTILARI', 'M-1006', 83.4, '2026-07-16 15:03:35');
INSERT INTO priorities_Sila (priority_ID, request_ID, company_points, product_mgr_score, software_mgr_score, priority_score) VALUES (3006, 3006, 88.6, 5, 3, 83.4);
INSERT INTO workflows_Sila (task_ID, request_ID, developer_ID, workflow_status, assigned_by_ID, assigned_at) VALUES (3006, 3006, 24, 'ASSIGNED', 1, '2026-07-16 16:03:35');
INSERT INTO request_notes_Sila (note_ID, request_ID, content, submitter_ID, is_internal, created_at) VALUES (4000, 3006, 'Mock not eklendi. Test amacli. (Note 0)', 24, TRUE, '2026-07-16 17:03:35');
INSERT INTO request_notes_Sila (note_ID, request_ID, content, submitter_ID, is_internal, created_at) VALUES (4001, 3006, 'Mock not eklendi. Test amacli. (Note 1)', 24, TRUE, '2026-07-16 18:03:35');
INSERT INTO requests_Sila (request_ID, creator_ID, title, description, status, type, generated_id, final_priority_score, created_at) VALUES (3007, 33, 'Veritabani baglanti hatasi - Mock Dev 24 - 3', 'Loglarda NullPointerException gordum, ekteki dosyaya bakiniz.', 'ASSIGNED', 'BUG_DÜZELTME', 'M-1007', 80.0, '2026-07-17 15:03:35');
INSERT INTO priorities_Sila (priority_ID, request_ID, company_points, product_mgr_score, software_mgr_score, priority_score) VALUES (3007, 3007, 80.0, 4, 4, 80.0);
INSERT INTO workflows_Sila (task_ID, request_ID, developer_ID, workflow_status, assigned_by_ID, assigned_at) VALUES (3007, 3007, 24, 'ASSIGNED', 1, '2026-07-17 16:03:35');
INSERT INTO request_notes_Sila (note_ID, request_ID, content, submitter_ID, is_internal, created_at) VALUES (4002, 3007, 'Mock not eklendi. Test amacli. (Note 0)', 1, TRUE, '2026-07-17 17:03:35');
INSERT INTO request_notes_Sila (note_ID, request_ID, content, submitter_ID, is_internal, created_at) VALUES (4003, 3007, 'Mock not eklendi. Test amacli. (Note 1)', 24, FALSE, '2026-07-17 18:03:35');
INSERT INTO request_notes_Sila (note_ID, request_ID, content, submitter_ID, is_internal, created_at) VALUES (4004, 3007, 'Mock not eklendi. Test amacli. (Note 2)', 1, TRUE, '2026-07-17 19:03:35');
INSERT INTO requests_Sila (request_ID, creator_ID, title, description, status, type, generated_id, final_priority_score, created_at) VALUES (3008, 27, 'Veri kaybi yasaniyor - Mock Dev 24 - 4', 'Tasarim ekibi guncellemeyi talep etti.', 'COMPLETED', 'BUG_DÜZELTME', 'M-1008', 77.7, '2026-06-27 15:03:35');
INSERT INTO priorities_Sila (priority_ID, request_ID, company_points, product_mgr_score, software_mgr_score, priority_score) VALUES (3008, 3008, 74.3, 4, 4, 77.7);
INSERT INTO workflows_Sila (task_ID, request_ID, developer_ID, workflow_status, assigned_by_ID, assigned_at, resolved_at) VALUES (3008, 3008, 24, 'RESOLVED', 1, '2026-06-27 16:03:35', '2026-06-30 16:03:35');
INSERT INTO request_notes_Sila (note_ID, request_ID, content, submitter_ID, is_internal, created_at) VALUES (4005, 3008, 'Mock not eklendi. Test amacli. (Note 0)', 1, TRUE, '2026-06-27 17:03:35');
INSERT INTO requests_Sila (request_ID, creator_ID, title, description, status, type, generated_id, final_priority_score, created_at) VALUES (3009, 32, 'Yeni buton eklenmesi - Mock Dev 24 - 5', 'Musteriler bu sorundan sikayetci, acil bakilmasi gerekiyor.', 'ASSIGNED', 'GELİŞTİRME', 'M-1009', 78.3, '2026-06-20 15:03:35');
INSERT INTO priorities_Sila (priority_ID, request_ID, company_points, product_mgr_score, software_mgr_score, priority_score) VALUES (3009, 3009, 75.7, 3, 5, 78.3);
INSERT INTO workflows_Sila (task_ID, request_ID, developer_ID, workflow_status, assigned_by_ID, assigned_at) VALUES (3009, 3009, 24, 'ASSIGNED', 1, '2026-06-20 16:03:35');
INSERT INTO request_notes_Sila (note_ID, request_ID, content, submitter_ID, is_internal, created_at) VALUES (4006, 3009, 'Mock not eklendi. Test amacli. (Note 0)', 24, FALSE, '2026-06-20 17:03:35');
INSERT INTO request_notes_Sila (note_ID, request_ID, content, submitter_ID, is_internal, created_at) VALUES (4007, 3009, 'Mock not eklendi. Test amacli. (Note 1)', 24, FALSE, '2026-06-20 18:03:35');
INSERT INTO requests_Sila (request_ID, creator_ID, title, description, status, type, generated_id, final_priority_score, created_at) VALUES (3010, 31, 'Arayuzde kayma var - Mock Dev 24 - 6', 'Dun yapilan guncellemeden sonra bozuldu.', 'ASSIGNED', 'SİSTEM_ÇÖKÜŞÜ', 'M-1010', 79.4, '2026-07-09 15:03:35');
INSERT INTO priorities_Sila (priority_ID, request_ID, company_points, product_mgr_score, software_mgr_score, priority_score) VALUES (3010, 3010, 93.5, 3, 4, 79.4);
INSERT INTO workflows_Sila (task_ID, request_ID, developer_ID, workflow_status, assigned_by_ID, assigned_at) VALUES (3010, 3010, 24, 'ASSIGNED', 1, '2026-07-09 16:03:35');
INSERT INTO request_notes_Sila (note_ID, request_ID, content, submitter_ID, is_internal, created_at) VALUES (4008, 3010, 'Mock not eklendi. Test amacli. (Note 0)', 24, TRUE, '2026-07-09 17:03:35');
INSERT INTO request_notes_Sila (note_ID, request_ID, content, submitter_ID, is_internal, created_at) VALUES (4009, 3010, 'Mock not eklendi. Test amacli. (Note 1)', 1, FALSE, '2026-07-09 18:03:35');
INSERT INTO requests_Sila (request_ID, creator_ID, title, description, status, type, generated_id, final_priority_score, created_at) VALUES (3011, 27, 'Veri kaybi yasaniyor - Mock Dev 24 - 7', 'Veriler eksik geliyor, veritabani sorgusu optimize edilmeli.', 'ASSIGNED', 'YENİ_ÖZELLİK_EKLEME', 'M-1011', 78.0, '2026-06-22 15:03:35');
INSERT INTO priorities_Sila (priority_ID, request_ID, company_points, product_mgr_score, software_mgr_score, priority_score) VALUES (3011, 3011, 74.9, 4, 4, 78.0);
INSERT INTO workflows_Sila (task_ID, request_ID, developer_ID, workflow_status, assigned_by_ID, assigned_at) VALUES (3011, 3011, 24, 'ASSIGNED', 1, '2026-06-22 16:03:35');
INSERT INTO request_notes_Sila (note_ID, request_ID, content, submitter_ID, is_internal, created_at) VALUES (4010, 3011, 'Mock not eklendi. Test amacli. (Note 0)', 1, TRUE, '2026-06-22 17:03:35');
INSERT INTO request_notes_Sila (note_ID, request_ID, content, submitter_ID, is_internal, created_at) VALUES (4011, 3011, 'Mock not eklendi. Test amacli. (Note 1)', 24, FALSE, '2026-06-22 18:03:35');
INSERT INTO request_notes_Sila (note_ID, request_ID, content, submitter_ID, is_internal, created_at) VALUES (4012, 3011, 'Mock not eklendi. Test amacli. (Note 2)', 1, TRUE, '2026-06-22 19:03:35');
INSERT INTO requests_Sila (request_ID, creator_ID, title, description, status, type, generated_id, final_priority_score, created_at) VALUES (3012, 29, 'Arayuzde kayma var - Mock Dev 24 - 8', 'Test ortaminda calisiyor ama canlida hata veriyor.', 'ASSIGNED', 'VERİ_KAYBI', 'M-1012', 82.8, '2026-07-13 15:03:35');
INSERT INTO priorities_Sila (priority_ID, request_ID, company_points, product_mgr_score, software_mgr_score, priority_score) VALUES (3012, 3012, 87.0, 3, 5, 82.8);
INSERT INTO workflows_Sila (task_ID, request_ID, developer_ID, workflow_status, assigned_by_ID, assigned_at) VALUES (3012, 3012, 24, 'ASSIGNED', 1, '2026-07-13 16:03:35');
INSERT INTO request_notes_Sila (note_ID, request_ID, content, submitter_ID, is_internal, created_at) VALUES (4013, 3012, 'Mock not eklendi. Test amacli. (Note 0)', 24, FALSE, '2026-07-13 17:03:35');
INSERT INTO request_notes_Sila (note_ID, request_ID, content, submitter_ID, is_internal, created_at) VALUES (4014, 3012, 'Mock not eklendi. Test amacli. (Note 1)', 1, FALSE, '2026-07-13 18:03:35');
INSERT INTO request_notes_Sila (note_ID, request_ID, content, submitter_ID, is_internal, created_at) VALUES (4015, 3012, 'Mock not eklendi. Test amacli. (Note 2)', 24, FALSE, '2026-07-13 19:03:35');
INSERT INTO requests_Sila (request_ID, creator_ID, title, description, status, type, generated_id, final_priority_score, created_at) VALUES (3013, 27, 'Veri kaybi yasaniyor - Mock Dev 24 - 9', 'Sistemin genelini etkileyen bir yavaslik soz konusu.', 'ASSIGNED', 'BUG_DÜZELTME', 'M-1013', 76.5, '2026-06-26 15:03:35');
INSERT INTO priorities_Sila (priority_ID, request_ID, company_points, product_mgr_score, software_mgr_score, priority_score) VALUES (3013, 3013, 86.3, 3, 4, 76.5);
INSERT INTO workflows_Sila (task_ID, request_ID, developer_ID, workflow_status, assigned_by_ID, assigned_at) VALUES (3013, 3013, 24, 'ASSIGNED', 1, '2026-06-26 16:03:35');
INSERT INTO request_notes_Sila (note_ID, request_ID, content, submitter_ID, is_internal, created_at) VALUES (4016, 3013, 'Mock not eklendi. Test amacli. (Note 0)', 1, FALSE, '2026-06-26 17:03:35');
INSERT INTO requests_Sila (request_ID, creator_ID, title, description, status, type, generated_id, final_priority_score, created_at) VALUES (3014, 34, 'Veri kaybi yasaniyor - Mock Dev 24 - 10', 'Musteriler bu sorundan sikayetci, acil bakilmasi gerekiyor.', 'COMPLETED', 'SİSTEM_ÇÖKÜŞÜ', 'M-1014', 73.0, '2026-06-28 15:03:35');
INSERT INTO priorities_Sila (priority_ID, request_ID, company_points, product_mgr_score, software_mgr_score, priority_score) VALUES (3014, 3014, 77.6, 4, 3, 73.0);
INSERT INTO workflows_Sila (task_ID, request_ID, developer_ID, workflow_status, assigned_by_ID, assigned_at, resolved_at) VALUES (3014, 3014, 24, 'RESOLVED', 1, '2026-06-28 16:03:35', '2026-07-01 16:03:35');
INSERT INTO request_notes_Sila (note_ID, request_ID, content, submitter_ID, is_internal, created_at) VALUES (4017, 3014, 'Mock not eklendi. Test amacli. (Note 0)', 1, FALSE, '2026-06-28 17:03:35');
INSERT INTO requests_Sila (request_ID, creator_ID, title, description, status, type, generated_id, final_priority_score, created_at) VALUES (3015, 34, 'Veritabani baglanti hatasi - Mock Dev 24 - 11', 'Musteriler bu sorundan sikayetci, acil bakilmasi gerekiyor.', 'COMPLETED', 'ENTEGRASYON_SIKINTILARI', 'M-1015', 85.7, '2026-07-19 15:03:35');
INSERT INTO priorities_Sila (priority_ID, request_ID, company_points, product_mgr_score, software_mgr_score, priority_score) VALUES (3015, 3015, 94.2, 3, 5, 85.7);
INSERT INTO workflows_Sila (task_ID, request_ID, developer_ID, workflow_status, assigned_by_ID, assigned_at, resolved_at) VALUES (3015, 3015, 24, 'RESOLVED', 1, '2026-07-19 16:03:35', '2026-07-23 16:03:35');
INSERT INTO request_notes_Sila (note_ID, request_ID, content, submitter_ID, is_internal, created_at) VALUES (4018, 3015, 'Mock not eklendi. Test amacli. (Note 0)', 1, TRUE, '2026-07-19 17:03:35');
INSERT INTO request_notes_Sila (note_ID, request_ID, content, submitter_ID, is_internal, created_at) VALUES (4019, 3015, 'Mock not eklendi. Test amacli. (Note 1)', 24, TRUE, '2026-07-19 18:03:35');
INSERT INTO requests_Sila (request_ID, creator_ID, title, description, status, type, generated_id, final_priority_score, created_at) VALUES (3016, 28, 'Yeni buton eklenmesi - Mock Dev 24 - 12', 'Tasarim ekibi guncellemeyi talep etti.', 'ASSIGNED', 'BUG_DÜZELTME', 'M-1016', 74.8, '2026-07-01 15:03:35');
INSERT INTO priorities_Sila (priority_ID, request_ID, company_points, product_mgr_score, software_mgr_score, priority_score) VALUES (3016, 3016, 82.1, 3, 4, 74.8);
INSERT INTO workflows_Sila (task_ID, request_ID, developer_ID, workflow_status, assigned_by_ID, assigned_at) VALUES (3016, 3016, 24, 'ASSIGNED', 1, '2026-07-01 16:03:35');
INSERT INTO request_notes_Sila (note_ID, request_ID, content, submitter_ID, is_internal, created_at) VALUES (4020, 3016, 'Mock not eklendi. Test amacli. (Note 0)', 1, TRUE, '2026-07-01 17:03:35');
INSERT INTO requests_Sila (request_ID, creator_ID, title, description, status, type, generated_id, final_priority_score, created_at) VALUES (3017, 34, '500 Internal Server Error - Mock Dev 24 - 13', 'Musteriler bu sorundan sikayetci, acil bakilmasi gerekiyor.', 'ASSIGNED', 'DİĞER', 'M-1017', 90.2, '2026-06-24 15:03:35');
INSERT INTO priorities_Sila (priority_ID, request_ID, company_points, product_mgr_score, software_mgr_score, priority_score) VALUES (3017, 3017, 90.4, 4, 5, 90.2);
INSERT INTO workflows_Sila (task_ID, request_ID, developer_ID, workflow_status, assigned_by_ID, assigned_at) VALUES (3017, 3017, 24, 'ASSIGNED', 1, '2026-06-24 16:03:35');
INSERT INTO request_notes_Sila (note_ID, request_ID, content, submitter_ID, is_internal, created_at) VALUES (4021, 3017, 'Mock not eklendi. Test amacli. (Note 0)', 24, TRUE, '2026-06-24 17:03:35');
INSERT INTO request_notes_Sila (note_ID, request_ID, content, submitter_ID, is_internal, created_at) VALUES (4022, 3017, 'Mock not eklendi. Test amacli. (Note 1)', 1, TRUE, '2026-06-24 18:03:35');
INSERT INTO requests_Sila (request_ID, creator_ID, title, description, status, type, generated_id, final_priority_score, created_at) VALUES (3018, 31, 'Raporlama modulu calismiyor - Mock Dev 24 - 14', 'Veriler eksik geliyor, veritabani sorgusu optimize edilmeli.', 'COMPLETED', 'BUG_DÜZELTME', 'M-1018', 84.2, '2026-07-12 15:03:35');
INSERT INTO priorities_Sila (priority_ID, request_ID, company_points, product_mgr_score, software_mgr_score, priority_score) VALUES (3018, 3018, 75.4, 5, 4, 84.2);
INSERT INTO workflows_Sila (task_ID, request_ID, developer_ID, workflow_status, assigned_by_ID, assigned_at, resolved_at) VALUES (3018, 3018, 24, 'RESOLVED', 1, '2026-07-12 16:03:35', '2026-07-13 16:03:35');
INSERT INTO request_notes_Sila (note_ID, request_ID, content, submitter_ID, is_internal, created_at) VALUES (4023, 3018, 'Mock not eklendi. Test amacli. (Note 0)', 1, FALSE, '2026-07-12 17:03:35');
INSERT INTO requests_Sila (request_ID, creator_ID, title, description, status, type, generated_id, final_priority_score, created_at) VALUES (3019, 34, 'Sifre sifirlama maili gelmiyor - Mock Dev 24 - 15', 'Musteriler bu sorundan sikayetci, acil bakilmasi gerekiyor.', 'COMPLETED', 'YENİ_ÖZELLİK_EKLEME', 'M-1019', 76.3, '2026-06-30 15:03:35');
INSERT INTO priorities_Sila (priority_ID, request_ID, company_points, product_mgr_score, software_mgr_score, priority_score) VALUES (3019, 3019, 70.7, 4, 4, 76.3);
INSERT INTO workflows_Sila (task_ID, request_ID, developer_ID, workflow_status, assigned_by_ID, assigned_at, resolved_at) VALUES (3019, 3019, 24, 'RESOLVED', 1, '2026-06-30 16:03:35', '2026-07-05 16:03:35');
INSERT INTO request_notes_Sila (note_ID, request_ID, content, submitter_ID, is_internal, created_at) VALUES (4024, 3019, 'Mock not eklendi. Test amacli. (Note 0)', 1, TRUE, '2026-06-30 17:03:35');
INSERT INTO requests_Sila (request_ID, creator_ID, title, description, status, type, generated_id, final_priority_score, created_at) VALUES (3020, 31, 'Sayfa yuklenmiyor - Mock Dev 24 - 16', 'Dun yapilan guncellemeden sonra bozuldu.', 'ASSIGNED', 'SİSTEM_ÇÖKÜŞÜ', 'M-1020', 85.7, '2026-07-16 15:03:35');
INSERT INTO priorities_Sila (priority_ID, request_ID, company_points, product_mgr_score, software_mgr_score, priority_score) VALUES (3020, 3020, 79.2, 5, 4, 85.7);
INSERT INTO workflows_Sila (task_ID, request_ID, developer_ID, workflow_status, assigned_by_ID, assigned_at) VALUES (3020, 3020, 24, 'ASSIGNED', 1, '2026-07-16 16:03:35');
INSERT INTO request_notes_Sila (note_ID, request_ID, content, submitter_ID, is_internal, created_at) VALUES (4025, 3020, 'Mock not eklendi. Test amacli. (Note 0)', 1, TRUE, '2026-07-16 17:03:35');
INSERT INTO request_notes_Sila (note_ID, request_ID, content, submitter_ID, is_internal, created_at) VALUES (4026, 3020, 'Mock not eklendi. Test amacli. (Note 1)', 1, FALSE, '2026-07-16 18:03:35');
INSERT INTO requests_Sila (request_ID, creator_ID, title, description, status, type, generated_id, final_priority_score, created_at) VALUES (3021, 32, 'Sifre sifirlama maili gelmiyor - Mock Dev 24 - 17', 'Dun yapilan guncellemeden sonra bozuldu.', 'ASSIGNED', 'ENTEGRASYON_SIKINTILARI', 'M-1021', 95.9, '2026-06-22 15:03:35');
INSERT INTO priorities_Sila (priority_ID, request_ID, company_points, product_mgr_score, software_mgr_score, priority_score) VALUES (3021, 3021, 89.8, 5, 5, 95.9);
INSERT INTO workflows_Sila (task_ID, request_ID, developer_ID, workflow_status, assigned_by_ID, assigned_at) VALUES (3021, 3021, 24, 'ASSIGNED', 1, '2026-06-22 16:03:35');
INSERT INTO request_notes_Sila (note_ID, request_ID, content, submitter_ID, is_internal, created_at) VALUES (4027, 3021, 'Mock not eklendi. Test amacli. (Note 0)', 1, TRUE, '2026-06-22 17:03:35');
INSERT INTO requests_Sila (request_ID, creator_ID, title, description, status, type, generated_id, final_priority_score, created_at) VALUES (3022, 35, 'Mobil uyumluluk sorunu - Mock Dev 24 - 18', 'Dun yapilan guncellemeden sonra bozuldu.', 'ASSIGNED', 'SİSTEM_ÇÖKÜŞÜ', 'M-1022', 86.3, '2026-06-28 15:03:35');
INSERT INTO priorities_Sila (priority_ID, request_ID, company_points, product_mgr_score, software_mgr_score, priority_score) VALUES (3022, 3022, 80.6, 5, 4, 86.3);
INSERT INTO workflows_Sila (task_ID, request_ID, developer_ID, workflow_status, assigned_by_ID, assigned_at) VALUES (3022, 3022, 24, 'ASSIGNED', 1, '2026-06-28 16:03:35');
INSERT INTO request_notes_Sila (note_ID, request_ID, content, submitter_ID, is_internal, created_at) VALUES (4028, 3022, 'Mock not eklendi. Test amacli. (Note 0)', 24, TRUE, '2026-06-28 17:03:35');
INSERT INTO request_notes_Sila (note_ID, request_ID, content, submitter_ID, is_internal, created_at) VALUES (4029, 3022, 'Mock not eklendi. Test amacli. (Note 1)', 1, TRUE, '2026-06-28 18:03:35');
INSERT INTO requests_Sila (request_ID, creator_ID, title, description, status, type, generated_id, final_priority_score, created_at) VALUES (3023, 34, '500 Internal Server Error - Mock Dev 24 - 19', 'Test ortaminda calisiyor ama canlida hata veriyor.', 'ASSIGNED', 'VERİ_KAYBI', 'M-1023', 93.3, '2026-07-01 15:03:35');
INSERT INTO priorities_Sila (priority_ID, request_ID, company_points, product_mgr_score, software_mgr_score, priority_score) VALUES (3023, 3023, 83.3, 5, 5, 93.3);
INSERT INTO workflows_Sila (task_ID, request_ID, developer_ID, workflow_status, assigned_by_ID, assigned_at) VALUES (3023, 3023, 24, 'ASSIGNED', 1, '2026-07-01 16:03:35');
INSERT INTO request_notes_Sila (note_ID, request_ID, content, submitter_ID, is_internal, created_at) VALUES (4030, 3023, 'Mock not eklendi. Test amacli. (Note 0)', 1, FALSE, '2026-07-01 17:03:35');
INSERT INTO request_notes_Sila (note_ID, request_ID, content, submitter_ID, is_internal, created_at) VALUES (4031, 3023, 'Mock not eklendi. Test amacli. (Note 1)', 24, TRUE, '2026-07-01 18:03:35');
INSERT INTO requests_Sila (request_ID, creator_ID, title, description, status, type, generated_id, final_priority_score, created_at) VALUES (3024, 29, 'Raporlama modulu calismiyor - Mock Dev 24 - 20', 'Loglarda NullPointerException gordum, ekteki dosyaya bakiniz.', 'COMPLETED', 'BUG_DÜZELTME', 'M-1024', 78.3, '2026-07-01 15:03:35');
INSERT INTO priorities_Sila (priority_ID, request_ID, company_points, product_mgr_score, software_mgr_score, priority_score) VALUES (3024, 3024, 90.8, 4, 3, 78.3);
INSERT INTO workflows_Sila (task_ID, request_ID, developer_ID, workflow_status, assigned_by_ID, assigned_at, resolved_at) VALUES (3024, 3024, 24, 'RESOLVED', 1, '2026-07-01 16:03:35', '2026-07-05 16:03:35');
INSERT INTO request_notes_Sila (note_ID, request_ID, content, submitter_ID, is_internal, created_at) VALUES (4032, 3024, 'Mock not eklendi. Test amacli. (Note 0)', 1, FALSE, '2026-07-01 17:03:35');
INSERT INTO request_notes_Sila (note_ID, request_ID, content, submitter_ID, is_internal, created_at) VALUES (4033, 3024, 'Mock not eklendi. Test amacli. (Note 1)', 1, FALSE, '2026-07-01 18:03:35');
INSERT INTO request_notes_Sila (note_ID, request_ID, content, submitter_ID, is_internal, created_at) VALUES (4034, 3024, 'Mock not eklendi. Test amacli. (Note 2)', 1, TRUE, '2026-07-01 19:03:35');
INSERT INTO requests_Sila (request_ID, creator_ID, title, description, status, type, generated_id, final_priority_score, created_at) VALUES (3025, 35, '500 Internal Server Error - Mock Dev 24 - 21', 'Musteriler bu sorundan sikayetci, acil bakilmasi gerekiyor.', 'COMPLETED', 'YENİ_ÖZELLİK_EKLEME', 'M-1025', 85.5, '2026-07-08 15:03:35');
INSERT INTO priorities_Sila (priority_ID, request_ID, company_points, product_mgr_score, software_mgr_score, priority_score) VALUES (3025, 3025, 78.8, 5, 4, 85.5);
INSERT INTO workflows_Sila (task_ID, request_ID, developer_ID, workflow_status, assigned_by_ID, assigned_at, resolved_at) VALUES (3025, 3025, 24, 'RESOLVED', 1, '2026-07-08 16:03:35', '2026-07-10 16:03:35');
INSERT INTO request_notes_Sila (note_ID, request_ID, content, submitter_ID, is_internal, created_at) VALUES (4035, 3025, 'Mock not eklendi. Test amacli. (Note 0)', 24, FALSE, '2026-07-08 17:03:35');
INSERT INTO request_notes_Sila (note_ID, request_ID, content, submitter_ID, is_internal, created_at) VALUES (4036, 3025, 'Mock not eklendi. Test amacli. (Note 1)', 1, TRUE, '2026-07-08 18:03:35');
INSERT INTO request_notes_Sila (note_ID, request_ID, content, submitter_ID, is_internal, created_at) VALUES (4037, 3025, 'Mock not eklendi. Test amacli. (Note 2)', 1, FALSE, '2026-07-08 19:03:35');
INSERT INTO requests_Sila (request_ID, creator_ID, title, description, status, type, generated_id, final_priority_score, created_at) VALUES (3026, 28, 'Sayfa yuklenmiyor - Mock Dev 24 - 22', 'Test ortaminda calisiyor ama canlida hata veriyor.', 'COMPLETED', 'BUG_DÜZELTME', 'M-1026', 72.0, '2026-06-27 15:03:35');
INSERT INTO priorities_Sila (priority_ID, request_ID, company_points, product_mgr_score, software_mgr_score, priority_score) VALUES (3026, 3026, 75.1, 4, 3, 72.0);
INSERT INTO workflows_Sila (task_ID, request_ID, developer_ID, workflow_status, assigned_by_ID, assigned_at, resolved_at) VALUES (3026, 3026, 24, 'RESOLVED', 1, '2026-06-27 16:03:35', '2026-07-01 16:03:35');
INSERT INTO request_notes_Sila (note_ID, request_ID, content, submitter_ID, is_internal, created_at) VALUES (4038, 3026, 'Mock not eklendi. Test amacli. (Note 0)', 1, TRUE, '2026-06-27 17:03:35');
INSERT INTO request_notes_Sila (note_ID, request_ID, content, submitter_ID, is_internal, created_at) VALUES (4039, 3026, 'Mock not eklendi. Test amacli. (Note 1)', 1, TRUE, '2026-06-27 18:03:35');
INSERT INTO request_notes_Sila (note_ID, request_ID, content, submitter_ID, is_internal, created_at) VALUES (4040, 3026, 'Mock not eklendi. Test amacli. (Note 2)', 1, TRUE, '2026-06-27 19:03:35');
INSERT INTO requests_Sila (request_ID, creator_ID, title, description, status, type, generated_id, final_priority_score, created_at) VALUES (3027, 34, 'Kullanici girisi yavas - Mock Dev 24 - 23', 'Test ortaminda calisiyor ama canlida hata veriyor.', 'COMPLETED', 'BUG_DÜZELTME', 'M-1027', 77.9, '2026-07-17 15:03:35');
INSERT INTO priorities_Sila (priority_ID, request_ID, company_points, product_mgr_score, software_mgr_score, priority_score) VALUES (3027, 3027, 89.8, 3, 4, 77.9);
INSERT INTO workflows_Sila (task_ID, request_ID, developer_ID, workflow_status, assigned_by_ID, assigned_at, resolved_at) VALUES (3027, 3027, 24, 'RESOLVED', 1, '2026-07-17 16:03:35', '2026-07-19 16:03:35');
INSERT INTO request_notes_Sila (note_ID, request_ID, content, submitter_ID, is_internal, created_at) VALUES (4041, 3027, 'Mock not eklendi. Test amacli. (Note 0)', 1, TRUE, '2026-07-17 17:03:35');
INSERT INTO request_notes_Sila (note_ID, request_ID, content, submitter_ID, is_internal, created_at) VALUES (4042, 3027, 'Mock not eklendi. Test amacli. (Note 1)', 1, FALSE, '2026-07-17 18:03:35');
INSERT INTO request_notes_Sila (note_ID, request_ID, content, submitter_ID, is_internal, created_at) VALUES (4043, 3027, 'Mock not eklendi. Test amacli. (Note 2)', 24, TRUE, '2026-07-17 19:03:35');
INSERT INTO requests_Sila (request_ID, creator_ID, title, description, status, type, generated_id, final_priority_score, created_at) VALUES (3028, 31, '500 Internal Server Error - Mock Dev 24 - 24', 'Veriler eksik geliyor, veritabani sorgusu optimize edilmeli.', 'ASSIGNED', 'YENİ_ÖZELLİK_EKLEME', 'M-1028', 82.8, '2026-07-15 15:03:35');
INSERT INTO priorities_Sila (priority_ID, request_ID, company_points, product_mgr_score, software_mgr_score, priority_score) VALUES (3028, 3028, 87.1, 3, 5, 82.8);
INSERT INTO workflows_Sila (task_ID, request_ID, developer_ID, workflow_status, assigned_by_ID, assigned_at) VALUES (3028, 3028, 24, 'ASSIGNED', 1, '2026-07-15 16:03:35');
INSERT INTO request_notes_Sila (note_ID, request_ID, content, submitter_ID, is_internal, created_at) VALUES (4044, 3028, 'Mock not eklendi. Test amacli. (Note 0)', 1, FALSE, '2026-07-15 17:03:35');
INSERT INTO request_notes_Sila (note_ID, request_ID, content, submitter_ID, is_internal, created_at) VALUES (4045, 3028, 'Mock not eklendi. Test amacli. (Note 1)', 1, TRUE, '2026-07-15 18:03:35');
INSERT INTO request_notes_Sila (note_ID, request_ID, content, submitter_ID, is_internal, created_at) VALUES (4046, 3028, 'Mock not eklendi. Test amacli. (Note 2)', 1, TRUE, '2026-07-15 19:03:35');
INSERT INTO requests_Sila (request_ID, creator_ID, title, description, status, type, generated_id, final_priority_score, created_at) VALUES (3029, 32, 'Sifre sifirlama maili gelmiyor - Mock Dev 24 - 25', 'Veriler eksik geliyor, veritabani sorgusu optimize edilmeli.', 'COMPLETED', 'SİSTEM_ÇÖKÜŞÜ', 'M-1029', 90.0, '2026-06-21 15:03:35');
INSERT INTO priorities_Sila (priority_ID, request_ID, company_points, product_mgr_score, software_mgr_score, priority_score) VALUES (3029, 3029, 75.0, 5, 5, 90.0);
INSERT INTO workflows_Sila (task_ID, request_ID, developer_ID, workflow_status, assigned_by_ID, assigned_at, resolved_at) VALUES (3029, 3029, 24, 'RESOLVED', 1, '2026-06-21 16:03:35', '2026-06-26 16:03:35');
INSERT INTO request_notes_Sila (note_ID, request_ID, content, submitter_ID, is_internal, created_at) VALUES (4047, 3029, 'Mock not eklendi. Test amacli. (Note 0)', 1, FALSE, '2026-06-21 17:03:35');
INSERT INTO requests_Sila (request_ID, creator_ID, title, description, status, type, generated_id, final_priority_score, created_at) VALUES (3030, 28, 'Kullanici girisi yavas - Mock Dev 24 - 26', 'Veriler eksik geliyor, veritabani sorgusu optimize edilmeli.', 'ASSIGNED', 'VERİ_KAYBI', 'M-1030', 77.5, '2026-06-22 15:03:35');
INSERT INTO priorities_Sila (priority_ID, request_ID, company_points, product_mgr_score, software_mgr_score, priority_score) VALUES (3030, 3030, 73.8, 5, 3, 77.5);
INSERT INTO workflows_Sila (task_ID, request_ID, developer_ID, workflow_status, assigned_by_ID, assigned_at) VALUES (3030, 3030, 24, 'ASSIGNED', 1, '2026-06-22 16:03:35');
INSERT INTO request_notes_Sila (note_ID, request_ID, content, submitter_ID, is_internal, created_at) VALUES (4048, 3030, 'Mock not eklendi. Test amacli. (Note 0)', 1, TRUE, '2026-06-22 17:03:35');
INSERT INTO request_notes_Sila (note_ID, request_ID, content, submitter_ID, is_internal, created_at) VALUES (4049, 3030, 'Mock not eklendi. Test amacli. (Note 1)', 1, FALSE, '2026-06-22 18:03:35');
INSERT INTO requests_Sila (request_ID, creator_ID, title, description, status, type, generated_id, final_priority_score, created_at) VALUES (3031, 33, 'Arayuzde kayma var - Mock Dev 24 - 27', 'Veriler eksik geliyor, veritabani sorgusu optimize edilmeli.', 'COMPLETED', 'VERİ_KAYBI', 'M-1031', 77.2, '2026-06-29 15:03:35');
INSERT INTO priorities_Sila (priority_ID, request_ID, company_points, product_mgr_score, software_mgr_score, priority_score) VALUES (3031, 3031, 88.0, 4, 3, 77.2);
INSERT INTO workflows_Sila (task_ID, request_ID, developer_ID, workflow_status, assigned_by_ID, assigned_at, resolved_at) VALUES (3031, 3031, 24, 'RESOLVED', 1, '2026-06-29 16:03:35', '2026-07-02 16:03:35');
INSERT INTO request_notes_Sila (note_ID, request_ID, content, submitter_ID, is_internal, created_at) VALUES (4050, 3031, 'Mock not eklendi. Test amacli. (Note 0)', 1, TRUE, '2026-06-29 17:03:35');
INSERT INTO request_notes_Sila (note_ID, request_ID, content, submitter_ID, is_internal, created_at) VALUES (4051, 3031, 'Mock not eklendi. Test amacli. (Note 1)', 24, TRUE, '2026-06-29 18:03:35');
INSERT INTO requests_Sila (request_ID, creator_ID, title, description, status, type, generated_id, final_priority_score, created_at) VALUES (3032, 27, 'Veri kaybi yasaniyor - Mock Dev 24 - 28', 'Test ortaminda calisiyor ama canlida hata veriyor.', 'ASSIGNED', 'BUG_DÜZELTME', 'M-1032', 85.2, '2026-07-01 15:03:35');
INSERT INTO priorities_Sila (priority_ID, request_ID, company_points, product_mgr_score, software_mgr_score, priority_score) VALUES (3032, 3032, 77.9, 5, 4, 85.2);
INSERT INTO workflows_Sila (task_ID, request_ID, developer_ID, workflow_status, assigned_by_ID, assigned_at) VALUES (3032, 3032, 24, 'ASSIGNED', 1, '2026-07-01 16:03:35');
INSERT INTO request_notes_Sila (note_ID, request_ID, content, submitter_ID, is_internal, created_at) VALUES (4052, 3032, 'Mock not eklendi. Test amacli. (Note 0)', 24, TRUE, '2026-07-01 17:03:35');
INSERT INTO request_notes_Sila (note_ID, request_ID, content, submitter_ID, is_internal, created_at) VALUES (4053, 3032, 'Mock not eklendi. Test amacli. (Note 1)', 1, TRUE, '2026-07-01 18:03:35');
INSERT INTO request_notes_Sila (note_ID, request_ID, content, submitter_ID, is_internal, created_at) VALUES (4054, 3032, 'Mock not eklendi. Test amacli. (Note 2)', 24, TRUE, '2026-07-01 19:03:35');
INSERT INTO requests_Sila (request_ID, creator_ID, title, description, status, type, generated_id, final_priority_score, created_at) VALUES (3033, 31, '500 Internal Server Error - Mock Dev 24 - 29', 'Musteriler bu sorundan sikayetci, acil bakilmasi gerekiyor.', 'ASSIGNED', 'YENİ_ÖZELLİK_EKLEME', 'M-1033', 84.1, '2026-07-16 15:03:35');
INSERT INTO priorities_Sila (priority_ID, request_ID, company_points, product_mgr_score, software_mgr_score, priority_score) VALUES (3033, 3033, 75.2, 5, 4, 84.1);
INSERT INTO workflows_Sila (task_ID, request_ID, developer_ID, workflow_status, assigned_by_ID, assigned_at) VALUES (3033, 3033, 24, 'ASSIGNED', 1, '2026-07-16 16:03:35');
INSERT INTO request_notes_Sila (note_ID, request_ID, content, submitter_ID, is_internal, created_at) VALUES (4055, 3033, 'Mock not eklendi. Test amacli. (Note 0)', 24, TRUE, '2026-07-16 17:03:35');
INSERT INTO request_notes_Sila (note_ID, request_ID, content, submitter_ID, is_internal, created_at) VALUES (4056, 3033, 'Mock not eklendi. Test amacli. (Note 1)', 1, TRUE, '2026-07-16 18:03:35');
INSERT INTO request_notes_Sila (note_ID, request_ID, content, submitter_ID, is_internal, created_at) VALUES (4057, 3033, 'Mock not eklendi. Test amacli. (Note 2)', 1, TRUE, '2026-07-16 19:03:35');
INSERT INTO requests_Sila (request_ID, creator_ID, title, description, status, type, generated_id, final_priority_score, created_at) VALUES (3034, 26, 'Veri kaybi yasaniyor - Mock Dev 25 - 0', 'Sistemin genelini etkileyen bir yavaslik soz konusu.', 'ASSIGNED', 'GELİŞTİRME', 'M-1034', 81.1, '2026-07-04 15:03:35');
INSERT INTO priorities_Sila (priority_ID, request_ID, company_points, product_mgr_score, software_mgr_score, priority_score) VALUES (3034, 3034, 97.7, 3, 4, 81.1);
INSERT INTO workflows_Sila (task_ID, request_ID, developer_ID, workflow_status, assigned_by_ID, assigned_at) VALUES (3034, 3034, 25, 'ASSIGNED', 1, '2026-07-04 16:03:35');
INSERT INTO request_notes_Sila (note_ID, request_ID, content, submitter_ID, is_internal, created_at) VALUES (4058, 3034, 'Mock not eklendi. Test amacli. (Note 0)', 1, FALSE, '2026-07-04 17:03:35');
INSERT INTO requests_Sila (request_ID, creator_ID, title, description, status, type, generated_id, final_priority_score, created_at) VALUES (3035, 34, 'Raporlama modulu calismiyor - Mock Dev 25 - 1', 'Loglarda NullPointerException gordum, ekteki dosyaya bakiniz.', 'COMPLETED', 'DİĞER', 'M-1035', 85.5, '2026-07-13 15:03:35');
INSERT INTO priorities_Sila (priority_ID, request_ID, company_points, product_mgr_score, software_mgr_score, priority_score) VALUES (3035, 3035, 93.7, 3, 5, 85.5);
INSERT INTO workflows_Sila (task_ID, request_ID, developer_ID, workflow_status, assigned_by_ID, assigned_at, resolved_at) VALUES (3035, 3035, 25, 'RESOLVED', 1, '2026-07-13 16:03:35', '2026-07-18 16:03:35');
INSERT INTO request_notes_Sila (note_ID, request_ID, content, submitter_ID, is_internal, created_at) VALUES (4059, 3035, 'Mock not eklendi. Test amacli. (Note 0)', 25, FALSE, '2026-07-13 17:03:35');
INSERT INTO request_notes_Sila (note_ID, request_ID, content, submitter_ID, is_internal, created_at) VALUES (4060, 3035, 'Mock not eklendi. Test amacli. (Note 1)', 25, TRUE, '2026-07-13 18:03:35');
INSERT INTO request_notes_Sila (note_ID, request_ID, content, submitter_ID, is_internal, created_at) VALUES (4061, 3035, 'Mock not eklendi. Test amacli. (Note 2)', 25, TRUE, '2026-07-13 19:03:35');
INSERT INTO requests_Sila (request_ID, creator_ID, title, description, status, type, generated_id, final_priority_score, created_at) VALUES (3036, 26, 'Yeni buton eklenmesi - Mock Dev 25 - 2', 'Sistemin genelini etkileyen bir yavaslik soz konusu.', 'COMPLETED', 'SİSTEM_ÇÖKÜŞÜ', 'M-1036', 76.1, '2026-06-26 15:03:35');
INSERT INTO priorities_Sila (priority_ID, request_ID, company_points, product_mgr_score, software_mgr_score, priority_score) VALUES (3036, 3036, 70.1, 5, 3, 76.1);
INSERT INTO workflows_Sila (task_ID, request_ID, developer_ID, workflow_status, assigned_by_ID, assigned_at, resolved_at) VALUES (3036, 3036, 25, 'RESOLVED', 1, '2026-06-26 16:03:35', '2026-07-01 16:03:35');
INSERT INTO request_notes_Sila (note_ID, request_ID, content, submitter_ID, is_internal, created_at) VALUES (4062, 3036, 'Mock not eklendi. Test amacli. (Note 0)', 1, FALSE, '2026-06-26 17:03:35');
INSERT INTO requests_Sila (request_ID, creator_ID, title, description, status, type, generated_id, final_priority_score, created_at) VALUES (3037, 26, 'Veri kaybi yasaniyor - Mock Dev 25 - 3', 'Musteriler bu sorundan sikayetci, acil bakilmasi gerekiyor.', 'COMPLETED', 'DİĞER', 'M-1037', 78.3, '2026-07-14 15:03:35');
INSERT INTO priorities_Sila (priority_ID, request_ID, company_points, product_mgr_score, software_mgr_score, priority_score) VALUES (3037, 3037, 75.7, 3, 5, 78.3);
INSERT INTO workflows_Sila (task_ID, request_ID, developer_ID, workflow_status, assigned_by_ID, assigned_at, resolved_at) VALUES (3037, 3037, 25, 'RESOLVED', 1, '2026-07-14 16:03:35', '2026-07-17 16:03:35');
INSERT INTO request_notes_Sila (note_ID, request_ID, content, submitter_ID, is_internal, created_at) VALUES (4063, 3037, 'Mock not eklendi. Test amacli. (Note 0)', 25, FALSE, '2026-07-14 17:03:35');
INSERT INTO request_notes_Sila (note_ID, request_ID, content, submitter_ID, is_internal, created_at) VALUES (4064, 3037, 'Mock not eklendi. Test amacli. (Note 1)', 1, FALSE, '2026-07-14 18:03:35');
INSERT INTO request_notes_Sila (note_ID, request_ID, content, submitter_ID, is_internal, created_at) VALUES (4065, 3037, 'Mock not eklendi. Test amacli. (Note 2)', 1, FALSE, '2026-07-14 19:03:35');
INSERT INTO requests_Sila (request_ID, creator_ID, title, description, status, type, generated_id, final_priority_score, created_at) VALUES (3038, 28, 'Sayfa yuklenmiyor - Mock Dev 25 - 4', 'Veriler eksik geliyor, veritabani sorgusu optimize edilmeli.', 'COMPLETED', 'VERİ_KAYBI', 'M-1038', 91.7, '2026-07-13 15:03:35');
INSERT INTO priorities_Sila (priority_ID, request_ID, company_points, product_mgr_score, software_mgr_score, priority_score) VALUES (3038, 3038, 94.2, 4, 5, 91.7);
INSERT INTO workflows_Sila (task_ID, request_ID, developer_ID, workflow_status, assigned_by_ID, assigned_at, resolved_at) VALUES (3038, 3038, 25, 'RESOLVED', 1, '2026-07-13 16:03:35', '2026-07-16 16:03:35');
INSERT INTO request_notes_Sila (note_ID, request_ID, content, submitter_ID, is_internal, created_at) VALUES (4066, 3038, 'Mock not eklendi. Test amacli. (Note 0)', 25, TRUE, '2026-07-13 17:03:35');
INSERT INTO request_notes_Sila (note_ID, request_ID, content, submitter_ID, is_internal, created_at) VALUES (4067, 3038, 'Mock not eklendi. Test amacli. (Note 1)', 25, TRUE, '2026-07-13 18:03:35');
INSERT INTO request_notes_Sila (note_ID, request_ID, content, submitter_ID, is_internal, created_at) VALUES (4068, 3038, 'Mock not eklendi. Test amacli. (Note 2)', 25, FALSE, '2026-07-13 19:03:35');
INSERT INTO requests_Sila (request_ID, creator_ID, title, description, status, type, generated_id, final_priority_score, created_at) VALUES (3039, 27, 'Arayuzde kayma var - Mock Dev 25 - 5', 'Sistemin genelini etkileyen bir yavaslik soz konusu.', 'COMPLETED', 'DİĞER', 'M-1039', 84.8, '2026-07-19 15:03:35');
INSERT INTO priorities_Sila (priority_ID, request_ID, company_points, product_mgr_score, software_mgr_score, priority_score) VALUES (3039, 3039, 92.1, 5, 3, 84.8);
INSERT INTO workflows_Sila (task_ID, request_ID, developer_ID, workflow_status, assigned_by_ID, assigned_at, resolved_at) VALUES (3039, 3039, 25, 'RESOLVED', 1, '2026-07-19 16:03:35', '2026-07-22 16:03:35');
INSERT INTO request_notes_Sila (note_ID, request_ID, content, submitter_ID, is_internal, created_at) VALUES (4069, 3039, 'Mock not eklendi. Test amacli. (Note 0)', 25, TRUE, '2026-07-19 17:03:35');
INSERT INTO request_notes_Sila (note_ID, request_ID, content, submitter_ID, is_internal, created_at) VALUES (4070, 3039, 'Mock not eklendi. Test amacli. (Note 1)', 25, TRUE, '2026-07-19 18:03:35');
INSERT INTO requests_Sila (request_ID, creator_ID, title, description, status, type, generated_id, final_priority_score, created_at) VALUES (3040, 26, '500 Internal Server Error - Mock Dev 25 - 6', 'Sistemin genelini etkileyen bir yavaslik soz konusu.', 'ASSIGNED', 'ENTEGRASYON_SIKINTILARI', 'M-1040', 80.2, '2026-07-19 15:03:35');
INSERT INTO priorities_Sila (priority_ID, request_ID, company_points, product_mgr_score, software_mgr_score, priority_score) VALUES (3040, 3040, 95.6, 4, 3, 80.2);
INSERT INTO workflows_Sila (task_ID, request_ID, developer_ID, workflow_status, assigned_by_ID, assigned_at) VALUES (3040, 3040, 25, 'ASSIGNED', 1, '2026-07-19 16:03:35');
INSERT INTO request_notes_Sila (note_ID, request_ID, content, submitter_ID, is_internal, created_at) VALUES (4071, 3040, 'Mock not eklendi. Test amacli. (Note 0)', 25, TRUE, '2026-07-19 17:03:35');
INSERT INTO request_notes_Sila (note_ID, request_ID, content, submitter_ID, is_internal, created_at) VALUES (4072, 3040, 'Mock not eklendi. Test amacli. (Note 1)', 25, FALSE, '2026-07-19 18:03:35');
INSERT INTO request_notes_Sila (note_ID, request_ID, content, submitter_ID, is_internal, created_at) VALUES (4073, 3040, 'Mock not eklendi. Test amacli. (Note 2)', 1, FALSE, '2026-07-19 19:03:35');
INSERT INTO requests_Sila (request_ID, creator_ID, title, description, status, type, generated_id, final_priority_score, created_at) VALUES (3041, 26, 'Kullanici girisi yavas - Mock Dev 25 - 7', 'Sistemin genelini etkileyen bir yavaslik soz konusu.', 'ASSIGNED', 'YENİ_ÖZELLİK_EKLEME', 'M-1041', 91.1, '2026-06-27 15:03:35');
INSERT INTO priorities_Sila (priority_ID, request_ID, company_points, product_mgr_score, software_mgr_score, priority_score) VALUES (3041, 3041, 92.7, 5, 4, 91.1);
INSERT INTO workflows_Sila (task_ID, request_ID, developer_ID, workflow_status, assigned_by_ID, assigned_at) VALUES (3041, 3041, 25, 'ASSIGNED', 1, '2026-06-27 16:03:35');
INSERT INTO request_notes_Sila (note_ID, request_ID, content, submitter_ID, is_internal, created_at) VALUES (4074, 3041, 'Mock not eklendi. Test amacli. (Note 0)', 25, TRUE, '2026-06-27 17:03:35');
INSERT INTO request_notes_Sila (note_ID, request_ID, content, submitter_ID, is_internal, created_at) VALUES (4075, 3041, 'Mock not eklendi. Test amacli. (Note 1)', 1, TRUE, '2026-06-27 18:03:35');
INSERT INTO request_notes_Sila (note_ID, request_ID, content, submitter_ID, is_internal, created_at) VALUES (4076, 3041, 'Mock not eklendi. Test amacli. (Note 2)', 25, TRUE, '2026-06-27 19:03:35');
INSERT INTO requests_Sila (request_ID, creator_ID, title, description, status, type, generated_id, final_priority_score, created_at) VALUES (3042, 32, 'Yeni buton eklenmesi - Mock Dev 25 - 8', 'Veriler eksik geliyor, veritabani sorgusu optimize edilmeli.', 'ASSIGNED', 'VERİ_KAYBI', 'M-1042', 84.8, '2026-06-24 15:03:35');
INSERT INTO priorities_Sila (priority_ID, request_ID, company_points, product_mgr_score, software_mgr_score, priority_score) VALUES (3042, 3042, 77.1, 5, 4, 84.8);
INSERT INTO workflows_Sila (task_ID, request_ID, developer_ID, workflow_status, assigned_by_ID, assigned_at) VALUES (3042, 3042, 25, 'ASSIGNED', 1, '2026-06-24 16:03:35');
INSERT INTO request_notes_Sila (note_ID, request_ID, content, submitter_ID, is_internal, created_at) VALUES (4077, 3042, 'Mock not eklendi. Test amacli. (Note 0)', 1, FALSE, '2026-06-24 17:03:35');
INSERT INTO request_notes_Sila (note_ID, request_ID, content, submitter_ID, is_internal, created_at) VALUES (4078, 3042, 'Mock not eklendi. Test amacli. (Note 1)', 25, FALSE, '2026-06-24 18:03:35');
INSERT INTO requests_Sila (request_ID, creator_ID, title, description, status, type, generated_id, final_priority_score, created_at) VALUES (3043, 33, 'Veri kaybi yasaniyor - Mock Dev 25 - 9', 'Dun yapilan guncellemeden sonra bozuldu.', 'ASSIGNED', 'BUG_DÜZELTME', 'M-1043', 76.3, '2026-06-30 15:03:35');
INSERT INTO priorities_Sila (priority_ID, request_ID, company_points, product_mgr_score, software_mgr_score, priority_score) VALUES (3043, 3043, 85.7, 4, 3, 76.3);
INSERT INTO workflows_Sila (task_ID, request_ID, developer_ID, workflow_status, assigned_by_ID, assigned_at) VALUES (3043, 3043, 25, 'ASSIGNED', 1, '2026-06-30 16:03:35');
INSERT INTO request_notes_Sila (note_ID, request_ID, content, submitter_ID, is_internal, created_at) VALUES (4079, 3043, 'Mock not eklendi. Test amacli. (Note 0)', 25, FALSE, '2026-06-30 17:03:35');
INSERT INTO requests_Sila (request_ID, creator_ID, title, description, status, type, generated_id, final_priority_score, created_at) VALUES (3044, 34, 'Sifre sifirlama maili gelmiyor - Mock Dev 25 - 10', 'Performans cok dusuk.', 'ASSIGNED', 'YENİ_ÖZELLİK_EKLEME', 'M-1044', 78.5, '2026-07-16 15:03:35');
INSERT INTO priorities_Sila (priority_ID, request_ID, company_points, product_mgr_score, software_mgr_score, priority_score) VALUES (3044, 3044, 91.3, 3, 4, 78.5);
INSERT INTO workflows_Sila (task_ID, request_ID, developer_ID, workflow_status, assigned_by_ID, assigned_at) VALUES (3044, 3044, 25, 'ASSIGNED', 1, '2026-07-16 16:03:35');
INSERT INTO request_notes_Sila (note_ID, request_ID, content, submitter_ID, is_internal, created_at) VALUES (4080, 3044, 'Mock not eklendi. Test amacli. (Note 0)', 1, TRUE, '2026-07-16 17:03:35');
INSERT INTO request_notes_Sila (note_ID, request_ID, content, submitter_ID, is_internal, created_at) VALUES (4081, 3044, 'Mock not eklendi. Test amacli. (Note 1)', 1, FALSE, '2026-07-16 18:03:35');
INSERT INTO requests_Sila (request_ID, creator_ID, title, description, status, type, generated_id, final_priority_score, created_at) VALUES (3045, 31, 'Sifre sifirlama maili gelmiyor - Mock Dev 25 - 11', 'Musteriler bu sorundan sikayetci, acil bakilmasi gerekiyor.', 'ASSIGNED', 'SİSTEM_ÇÖKÜŞÜ', 'M-1045', 81.0, '2026-06-23 15:03:35');
INSERT INTO priorities_Sila (priority_ID, request_ID, company_points, product_mgr_score, software_mgr_score, priority_score) VALUES (3045, 3045, 97.6, 3, 4, 81.0);
INSERT INTO workflows_Sila (task_ID, request_ID, developer_ID, workflow_status, assigned_by_ID, assigned_at) VALUES (3045, 3045, 25, 'ASSIGNED', 1, '2026-06-23 16:03:35');
INSERT INTO request_notes_Sila (note_ID, request_ID, content, submitter_ID, is_internal, created_at) VALUES (4082, 3045, 'Mock not eklendi. Test amacli. (Note 0)', 25, FALSE, '2026-06-23 17:03:35');
INSERT INTO requests_Sila (request_ID, creator_ID, title, description, status, type, generated_id, final_priority_score, created_at) VALUES (3046, 27, 'Sayfa yuklenmiyor - Mock Dev 25 - 12', 'Dun yapilan guncellemeden sonra bozuldu.', 'ASSIGNED', 'ENTEGRASYON_SIKINTILARI', 'M-1046', 72.4, '2026-07-13 15:03:35');
INSERT INTO priorities_Sila (priority_ID, request_ID, company_points, product_mgr_score, software_mgr_score, priority_score) VALUES (3046, 3046, 91.1, 3, 3, 72.4);
INSERT INTO workflows_Sila (task_ID, request_ID, developer_ID, workflow_status, assigned_by_ID, assigned_at) VALUES (3046, 3046, 25, 'ASSIGNED', 1, '2026-07-13 16:03:35');
INSERT INTO request_notes_Sila (note_ID, request_ID, content, submitter_ID, is_internal, created_at) VALUES (4083, 3046, 'Mock not eklendi. Test amacli. (Note 0)', 25, FALSE, '2026-07-13 17:03:35');
INSERT INTO request_notes_Sila (note_ID, request_ID, content, submitter_ID, is_internal, created_at) VALUES (4084, 3046, 'Mock not eklendi. Test amacli. (Note 1)', 25, FALSE, '2026-07-13 18:03:35');
INSERT INTO requests_Sila (request_ID, creator_ID, title, description, status, type, generated_id, final_priority_score, created_at) VALUES (3047, 29, 'Yeni buton eklenmesi - Mock Dev 25 - 13', 'Loglarda NullPointerException gordum, ekteki dosyaya bakiniz.', 'ASSIGNED', 'SİSTEM_ÇÖKÜŞÜ', 'M-1047', 86.4, '2026-06-22 15:03:35');
INSERT INTO priorities_Sila (priority_ID, request_ID, company_points, product_mgr_score, software_mgr_score, priority_score) VALUES (3047, 3047, 96.0, 5, 3, 86.4);
INSERT INTO workflows_Sila (task_ID, request_ID, developer_ID, workflow_status, assigned_by_ID, assigned_at) VALUES (3047, 3047, 25, 'ASSIGNED', 1, '2026-06-22 16:03:35');
INSERT INTO request_notes_Sila (note_ID, request_ID, content, submitter_ID, is_internal, created_at) VALUES (4085, 3047, 'Mock not eklendi. Test amacli. (Note 0)', 25, FALSE, '2026-06-22 17:03:35');
INSERT INTO request_notes_Sila (note_ID, request_ID, content, submitter_ID, is_internal, created_at) VALUES (4086, 3047, 'Mock not eklendi. Test amacli. (Note 1)', 25, FALSE, '2026-06-22 18:03:35');
INSERT INTO request_notes_Sila (note_ID, request_ID, content, submitter_ID, is_internal, created_at) VALUES (4087, 3047, 'Mock not eklendi. Test amacli. (Note 2)', 1, FALSE, '2026-06-22 19:03:35');
INSERT INTO requests_Sila (request_ID, creator_ID, title, description, status, type, generated_id, final_priority_score, created_at) VALUES (3048, 26, 'Mobil uyumluluk sorunu - Mock Dev 25 - 14', 'Performans cok dusuk.', 'ASSIGNED', 'ENTEGRASYON_SIKINTILARI', 'M-1048', 89.3, '2026-07-10 15:03:35');
INSERT INTO priorities_Sila (priority_ID, request_ID, company_points, product_mgr_score, software_mgr_score, priority_score) VALUES (3048, 3048, 73.2, 5, 5, 89.3);
INSERT INTO workflows_Sila (task_ID, request_ID, developer_ID, workflow_status, assigned_by_ID, assigned_at) VALUES (3048, 3048, 25, 'ASSIGNED', 1, '2026-07-10 16:03:35');
INSERT INTO request_notes_Sila (note_ID, request_ID, content, submitter_ID, is_internal, created_at) VALUES (4088, 3048, 'Mock not eklendi. Test amacli. (Note 0)', 1, TRUE, '2026-07-10 17:03:35');
INSERT INTO request_notes_Sila (note_ID, request_ID, content, submitter_ID, is_internal, created_at) VALUES (4089, 3048, 'Mock not eklendi. Test amacli. (Note 1)', 25, TRUE, '2026-07-10 18:03:35');
INSERT INTO request_notes_Sila (note_ID, request_ID, content, submitter_ID, is_internal, created_at) VALUES (4090, 3048, 'Mock not eklendi. Test amacli. (Note 2)', 1, FALSE, '2026-07-10 19:03:35');
INSERT INTO requests_Sila (request_ID, creator_ID, title, description, status, type, generated_id, final_priority_score, created_at) VALUES (3049, 34, '500 Internal Server Error - Mock Dev 25 - 15', 'Musteriler bu sorundan sikayetci, acil bakilmasi gerekiyor.', 'ASSIGNED', 'GELİŞTİRME', 'M-1049', 87.9, '2026-06-22 15:03:35');
INSERT INTO priorities_Sila (priority_ID, request_ID, company_points, product_mgr_score, software_mgr_score, priority_score) VALUES (3049, 3049, 99.7, 5, 3, 87.9);
INSERT INTO workflows_Sila (task_ID, request_ID, developer_ID, workflow_status, assigned_by_ID, assigned_at) VALUES (3049, 3049, 25, 'ASSIGNED', 1, '2026-06-22 16:03:35');
INSERT INTO request_notes_Sila (note_ID, request_ID, content, submitter_ID, is_internal, created_at) VALUES (4091, 3049, 'Mock not eklendi. Test amacli. (Note 0)', 1, TRUE, '2026-06-22 17:03:35');
INSERT INTO request_notes_Sila (note_ID, request_ID, content, submitter_ID, is_internal, created_at) VALUES (4092, 3049, 'Mock not eklendi. Test amacli. (Note 1)', 1, TRUE, '2026-06-22 18:03:35');
INSERT INTO request_notes_Sila (note_ID, request_ID, content, submitter_ID, is_internal, created_at) VALUES (4093, 3049, 'Mock not eklendi. Test amacli. (Note 2)', 25, TRUE, '2026-06-22 19:03:35');
INSERT INTO requests_Sila (request_ID, creator_ID, title, description, status, type, generated_id, final_priority_score, created_at) VALUES (3050, 26, 'Sifre sifirlama maili gelmiyor - Mock Dev 25 - 16', 'Veriler eksik geliyor, veritabani sorgusu optimize edilmeli.', 'ASSIGNED', 'YENİ_ÖZELLİK_EKLEME', 'M-1050', 82.3, '2026-07-01 15:03:35');
INSERT INTO priorities_Sila (priority_ID, request_ID, company_points, product_mgr_score, software_mgr_score, priority_score) VALUES (3050, 3050, 85.7, 3, 5, 82.3);
INSERT INTO workflows_Sila (task_ID, request_ID, developer_ID, workflow_status, assigned_by_ID, assigned_at) VALUES (3050, 3050, 25, 'ASSIGNED', 1, '2026-07-01 16:03:35');
INSERT INTO request_notes_Sila (note_ID, request_ID, content, submitter_ID, is_internal, created_at) VALUES (4094, 3050, 'Mock not eklendi. Test amacli. (Note 0)', 25, FALSE, '2026-07-01 17:03:35');
INSERT INTO requests_Sila (request_ID, creator_ID, title, description, status, type, generated_id, final_priority_score, created_at) VALUES (3051, 30, 'Raporlama modulu calismiyor - Mock Dev 25 - 17', 'Tasarim ekibi guncellemeyi talep etti.', 'ASSIGNED', 'BUG_DÜZELTME', 'M-1051', 84.6, '2026-07-11 15:03:35');
INSERT INTO priorities_Sila (priority_ID, request_ID, company_points, product_mgr_score, software_mgr_score, priority_score) VALUES (3051, 3051, 91.6, 5, 3, 84.6);
INSERT INTO workflows_Sila (task_ID, request_ID, developer_ID, workflow_status, assigned_by_ID, assigned_at) VALUES (3051, 3051, 25, 'ASSIGNED', 1, '2026-07-11 16:03:35');
INSERT INTO request_notes_Sila (note_ID, request_ID, content, submitter_ID, is_internal, created_at) VALUES (4095, 3051, 'Mock not eklendi. Test amacli. (Note 0)', 25, TRUE, '2026-07-11 17:03:35');
INSERT INTO request_notes_Sila (note_ID, request_ID, content, submitter_ID, is_internal, created_at) VALUES (4096, 3051, 'Mock not eklendi. Test amacli. (Note 1)', 1, TRUE, '2026-07-11 18:03:35');
INSERT INTO request_notes_Sila (note_ID, request_ID, content, submitter_ID, is_internal, created_at) VALUES (4097, 3051, 'Mock not eklendi. Test amacli. (Note 2)', 1, FALSE, '2026-07-11 19:03:35');
INSERT INTO requests_Sila (request_ID, creator_ID, title, description, status, type, generated_id, final_priority_score, created_at) VALUES (3052, 31, '500 Internal Server Error - Mock Dev 25 - 18', 'Veriler eksik geliyor, veritabani sorgusu optimize edilmeli.', 'COMPLETED', 'DİĞER', 'M-1052', 74.6, '2026-06-28 15:03:35');
INSERT INTO priorities_Sila (priority_ID, request_ID, company_points, product_mgr_score, software_mgr_score, priority_score) VALUES (3052, 3052, 96.6, 3, 3, 74.6);
INSERT INTO workflows_Sila (task_ID, request_ID, developer_ID, workflow_status, assigned_by_ID, assigned_at, resolved_at) VALUES (3052, 3052, 25, 'RESOLVED', 1, '2026-06-28 16:03:35', '2026-07-01 16:03:35');
INSERT INTO request_notes_Sila (note_ID, request_ID, content, submitter_ID, is_internal, created_at) VALUES (4098, 3052, 'Mock not eklendi. Test amacli. (Note 0)', 25, FALSE, '2026-06-28 17:03:35');
INSERT INTO requests_Sila (request_ID, creator_ID, title, description, status, type, generated_id, final_priority_score, created_at) VALUES (3053, 28, 'Veri kaybi yasaniyor - Mock Dev 25 - 19', 'Sistemin genelini etkileyen bir yavaslik soz konusu.', 'COMPLETED', 'GELİŞTİRME', 'M-1053', 89.8, '2026-07-19 15:03:35');
INSERT INTO priorities_Sila (priority_ID, request_ID, company_points, product_mgr_score, software_mgr_score, priority_score) VALUES (3053, 3053, 89.5, 5, 4, 89.8);
INSERT INTO workflows_Sila (task_ID, request_ID, developer_ID, workflow_status, assigned_by_ID, assigned_at, resolved_at) VALUES (3053, 3053, 25, 'RESOLVED', 1, '2026-07-19 16:03:35', '2026-07-21 16:03:35');
INSERT INTO request_notes_Sila (note_ID, request_ID, content, submitter_ID, is_internal, created_at) VALUES (4099, 3053, 'Mock not eklendi. Test amacli. (Note 0)', 25, FALSE, '2026-07-19 17:03:35');
INSERT INTO request_notes_Sila (note_ID, request_ID, content, submitter_ID, is_internal, created_at) VALUES (4100, 3053, 'Mock not eklendi. Test amacli. (Note 1)', 1, FALSE, '2026-07-19 18:03:35');
INSERT INTO requests_Sila (request_ID, creator_ID, title, description, status, type, generated_id, final_priority_score, created_at) VALUES (3054, 30, '500 Internal Server Error - Mock Dev 25 - 20', 'Performans cok dusuk.', 'ASSIGNED', 'DİĞER', 'M-1054', 87.9, '2026-06-28 15:03:35');
INSERT INTO priorities_Sila (priority_ID, request_ID, company_points, product_mgr_score, software_mgr_score, priority_score) VALUES (3054, 3054, 99.8, 3, 5, 87.9);
INSERT INTO workflows_Sila (task_ID, request_ID, developer_ID, workflow_status, assigned_by_ID, assigned_at) VALUES (3054, 3054, 25, 'ASSIGNED', 1, '2026-06-28 16:03:35');
INSERT INTO request_notes_Sila (note_ID, request_ID, content, submitter_ID, is_internal, created_at) VALUES (4101, 3054, 'Mock not eklendi. Test amacli. (Note 0)', 25, FALSE, '2026-06-28 17:03:35');
INSERT INTO requests_Sila (request_ID, creator_ID, title, description, status, type, generated_id, final_priority_score, created_at) VALUES (3055, 34, 'Arayuzde kayma var - Mock Dev 25 - 21', 'Dun yapilan guncellemeden sonra bozuldu.', 'COMPLETED', 'YENİ_ÖZELLİK_EKLEME', 'M-1055', 86.0, '2026-06-24 15:03:35');
INSERT INTO priorities_Sila (priority_ID, request_ID, company_points, product_mgr_score, software_mgr_score, priority_score) VALUES (3055, 3055, 94.9, 4, 4, 86.0);
INSERT INTO workflows_Sila (task_ID, request_ID, developer_ID, workflow_status, assigned_by_ID, assigned_at, resolved_at) VALUES (3055, 3055, 25, 'RESOLVED', 1, '2026-06-24 16:03:35', '2026-06-26 16:03:35');
INSERT INTO request_notes_Sila (note_ID, request_ID, content, submitter_ID, is_internal, created_at) VALUES (4102, 3055, 'Mock not eklendi. Test amacli. (Note 0)', 25, TRUE, '2026-06-24 17:03:35');
INSERT INTO request_notes_Sila (note_ID, request_ID, content, submitter_ID, is_internal, created_at) VALUES (4103, 3055, 'Mock not eklendi. Test amacli. (Note 1)', 25, FALSE, '2026-06-24 18:03:35');
INSERT INTO request_notes_Sila (note_ID, request_ID, content, submitter_ID, is_internal, created_at) VALUES (4104, 3055, 'Mock not eklendi. Test amacli. (Note 2)', 25, FALSE, '2026-06-24 19:03:35');
INSERT INTO requests_Sila (request_ID, creator_ID, title, description, status, type, generated_id, final_priority_score, created_at) VALUES (3056, 31, '500 Internal Server Error - Mock Dev 25 - 22', 'Performans cok dusuk.', 'COMPLETED', 'GELİŞTİRME', 'M-1056', 92.8, '2026-07-11 15:03:35');
INSERT INTO priorities_Sila (priority_ID, request_ID, company_points, product_mgr_score, software_mgr_score, priority_score) VALUES (3056, 3056, 97.0, 5, 4, 92.8);
INSERT INTO workflows_Sila (task_ID, request_ID, developer_ID, workflow_status, assigned_by_ID, assigned_at, resolved_at) VALUES (3056, 3056, 25, 'RESOLVED', 1, '2026-07-11 16:03:35', '2026-07-16 16:03:35');
INSERT INTO request_notes_Sila (note_ID, request_ID, content, submitter_ID, is_internal, created_at) VALUES (4105, 3056, 'Mock not eklendi. Test amacli. (Note 0)', 1, TRUE, '2026-07-11 17:03:35');
INSERT INTO request_notes_Sila (note_ID, request_ID, content, submitter_ID, is_internal, created_at) VALUES (4106, 3056, 'Mock not eklendi. Test amacli. (Note 1)', 25, TRUE, '2026-07-11 18:03:35');
INSERT INTO request_notes_Sila (note_ID, request_ID, content, submitter_ID, is_internal, created_at) VALUES (4107, 3056, 'Mock not eklendi. Test amacli. (Note 2)', 1, TRUE, '2026-07-11 19:03:35');
INSERT INTO requests_Sila (request_ID, creator_ID, title, description, status, type, generated_id, final_priority_score, created_at) VALUES (3057, 27, '500 Internal Server Error - Mock Dev 25 - 23', 'Performans cok dusuk.', 'COMPLETED', 'GELİŞTİRME', 'M-1057', 79.4, '2026-07-03 15:03:35');
INSERT INTO priorities_Sila (priority_ID, request_ID, company_points, product_mgr_score, software_mgr_score, priority_score) VALUES (3057, 3057, 78.6, 4, 4, 79.4);
INSERT INTO workflows_Sila (task_ID, request_ID, developer_ID, workflow_status, assigned_by_ID, assigned_at, resolved_at) VALUES (3057, 3057, 25, 'RESOLVED', 1, '2026-07-03 16:03:35', '2026-07-04 16:03:35');
INSERT INTO request_notes_Sila (note_ID, request_ID, content, submitter_ID, is_internal, created_at) VALUES (4108, 3057, 'Mock not eklendi. Test amacli. (Note 0)', 25, FALSE, '2026-07-03 17:03:35');
INSERT INTO request_notes_Sila (note_ID, request_ID, content, submitter_ID, is_internal, created_at) VALUES (4109, 3057, 'Mock not eklendi. Test amacli. (Note 1)', 25, TRUE, '2026-07-03 18:03:35');
INSERT INTO request_notes_Sila (note_ID, request_ID, content, submitter_ID, is_internal, created_at) VALUES (4110, 3057, 'Mock not eklendi. Test amacli. (Note 2)', 25, FALSE, '2026-07-03 19:03:35');
INSERT INTO requests_Sila (request_ID, creator_ID, title, description, status, type, generated_id, final_priority_score, created_at) VALUES (3058, 31, 'Veritabani baglanti hatasi - Mock Dev 25 - 24', 'Sistemin genelini etkileyen bir yavaslik soz konusu.', 'ASSIGNED', 'DİĞER', 'M-1058', 94.8, '2026-06-29 15:03:35');
INSERT INTO priorities_Sila (priority_ID, request_ID, company_points, product_mgr_score, software_mgr_score, priority_score) VALUES (3058, 3058, 87.0, 5, 5, 94.8);
INSERT INTO workflows_Sila (task_ID, request_ID, developer_ID, workflow_status, assigned_by_ID, assigned_at) VALUES (3058, 3058, 25, 'ASSIGNED', 1, '2026-06-29 16:03:35');
INSERT INTO request_notes_Sila (note_ID, request_ID, content, submitter_ID, is_internal, created_at) VALUES (4111, 3058, 'Mock not eklendi. Test amacli. (Note 0)', 1, FALSE, '2026-06-29 17:03:35');
INSERT INTO request_notes_Sila (note_ID, request_ID, content, submitter_ID, is_internal, created_at) VALUES (4112, 3058, 'Mock not eklendi. Test amacli. (Note 1)', 1, FALSE, '2026-06-29 18:03:35');
INSERT INTO request_notes_Sila (note_ID, request_ID, content, submitter_ID, is_internal, created_at) VALUES (4113, 3058, 'Mock not eklendi. Test amacli. (Note 2)', 25, FALSE, '2026-06-29 19:03:35');
INSERT INTO requests_Sila (request_ID, creator_ID, title, description, status, type, generated_id, final_priority_score, created_at) VALUES (3059, 35, 'Kullanici girisi yavas - Mock Dev 25 - 25', 'Test ortaminda calisiyor ama canlida hata veriyor.', 'ASSIGNED', 'YENİ_ÖZELLİK_EKLEME', 'M-1059', 84.3, '2026-06-24 15:03:35');
INSERT INTO priorities_Sila (priority_ID, request_ID, company_points, product_mgr_score, software_mgr_score, priority_score) VALUES (3059, 3059, 75.6, 5, 4, 84.3);
INSERT INTO workflows_Sila (task_ID, request_ID, developer_ID, workflow_status, assigned_by_ID, assigned_at) VALUES (3059, 3059, 25, 'ASSIGNED', 1, '2026-06-24 16:03:35');
INSERT INTO request_notes_Sila (note_ID, request_ID, content, submitter_ID, is_internal, created_at) VALUES (4114, 3059, 'Mock not eklendi. Test amacli. (Note 0)', 25, TRUE, '2026-06-24 17:03:35');
INSERT INTO request_notes_Sila (note_ID, request_ID, content, submitter_ID, is_internal, created_at) VALUES (4115, 3059, 'Mock not eklendi. Test amacli. (Note 1)', 25, FALSE, '2026-06-24 18:03:35');
INSERT INTO request_notes_Sila (note_ID, request_ID, content, submitter_ID, is_internal, created_at) VALUES (4116, 3059, 'Mock not eklendi. Test amacli. (Note 2)', 1, TRUE, '2026-06-24 19:03:35');
INSERT INTO requests_Sila (request_ID, creator_ID, title, description, status, type, generated_id, final_priority_score, created_at) VALUES (3060, 32, 'Sayfa yuklenmiyor - Mock Dev 25 - 26', 'Performans cok dusuk.', 'ASSIGNED', 'YENİ_ÖZELLİK_EKLEME', 'M-1060', 80.7, '2026-07-08 15:03:35');
INSERT INTO priorities_Sila (priority_ID, request_ID, company_points, product_mgr_score, software_mgr_score, priority_score) VALUES (3060, 3060, 81.8, 3, 5, 80.7);
INSERT INTO workflows_Sila (task_ID, request_ID, developer_ID, workflow_status, assigned_by_ID, assigned_at) VALUES (3060, 3060, 25, 'ASSIGNED', 1, '2026-07-08 16:03:35');
INSERT INTO request_notes_Sila (note_ID, request_ID, content, submitter_ID, is_internal, created_at) VALUES (4117, 3060, 'Mock not eklendi. Test amacli. (Note 0)', 1, FALSE, '2026-07-08 17:03:35');
INSERT INTO requests_Sila (request_ID, creator_ID, title, description, status, type, generated_id, final_priority_score, created_at) VALUES (3061, 33, 'Arayuzde kayma var - Mock Dev 25 - 27', 'Dun yapilan guncellemeden sonra bozuldu.', 'ASSIGNED', 'ENTEGRASYON_SIKINTILARI', 'M-1061', 88.0, '2026-06-27 15:03:35');
INSERT INTO priorities_Sila (priority_ID, request_ID, company_points, product_mgr_score, software_mgr_score, priority_score) VALUES (3061, 3061, 85.0, 4, 5, 88.0);
INSERT INTO workflows_Sila (task_ID, request_ID, developer_ID, workflow_status, assigned_by_ID, assigned_at) VALUES (3061, 3061, 25, 'ASSIGNED', 1, '2026-06-27 16:03:35');
INSERT INTO request_notes_Sila (note_ID, request_ID, content, submitter_ID, is_internal, created_at) VALUES (4118, 3061, 'Mock not eklendi. Test amacli. (Note 0)', 25, FALSE, '2026-06-27 17:03:35');
INSERT INTO request_notes_Sila (note_ID, request_ID, content, submitter_ID, is_internal, created_at) VALUES (4119, 3061, 'Mock not eklendi. Test amacli. (Note 1)', 1, FALSE, '2026-06-27 18:03:35');
INSERT INTO request_notes_Sila (note_ID, request_ID, content, submitter_ID, is_internal, created_at) VALUES (4120, 3061, 'Mock not eklendi. Test amacli. (Note 2)', 1, TRUE, '2026-06-27 19:03:35');
INSERT INTO requests_Sila (request_ID, creator_ID, title, description, status, type, generated_id, final_priority_score, created_at) VALUES (3062, 30, 'Veritabani baglanti hatasi - Mock Dev 25 - 28', 'Tasarim ekibi guncellemeyi talep etti.', 'COMPLETED', 'YENİ_ÖZELLİK_EKLEME', 'M-1062', 77.5, '2026-07-01 15:03:35');
INSERT INTO priorities_Sila (priority_ID, request_ID, company_points, product_mgr_score, software_mgr_score, priority_score) VALUES (3062, 3062, 73.8, 4, 4, 77.5);
INSERT INTO workflows_Sila (task_ID, request_ID, developer_ID, workflow_status, assigned_by_ID, assigned_at, resolved_at) VALUES (3062, 3062, 25, 'RESOLVED', 1, '2026-07-01 16:03:35', '2026-07-03 16:03:35');
INSERT INTO request_notes_Sila (note_ID, request_ID, content, submitter_ID, is_internal, created_at) VALUES (4121, 3062, 'Mock not eklendi. Test amacli. (Note 0)', 25, FALSE, '2026-07-01 17:03:35');
INSERT INTO request_notes_Sila (note_ID, request_ID, content, submitter_ID, is_internal, created_at) VALUES (4122, 3062, 'Mock not eklendi. Test amacli. (Note 1)', 1, FALSE, '2026-07-01 18:03:35');
INSERT INTO request_notes_Sila (note_ID, request_ID, content, submitter_ID, is_internal, created_at) VALUES (4123, 3062, 'Mock not eklendi. Test amacli. (Note 2)', 25, TRUE, '2026-07-01 19:03:35');
INSERT INTO requests_Sila (request_ID, creator_ID, title, description, status, type, generated_id, final_priority_score, created_at) VALUES (3063, 30, 'Sifre sifirlama maili gelmiyor - Mock Dev 25 - 29', 'Dun yapilan guncellemeden sonra bozuldu.', 'ASSIGNED', 'ENTEGRASYON_SIKINTILARI', 'M-1063', 72.4, '2026-07-19 15:03:35');
INSERT INTO priorities_Sila (priority_ID, request_ID, company_points, product_mgr_score, software_mgr_score, priority_score) VALUES (3063, 3063, 75.9, 3, 4, 72.4);
INSERT INTO workflows_Sila (task_ID, request_ID, developer_ID, workflow_status, assigned_by_ID, assigned_at) VALUES (3063, 3063, 25, 'ASSIGNED', 1, '2026-07-19 16:03:35');
INSERT INTO request_notes_Sila (note_ID, request_ID, content, submitter_ID, is_internal, created_at) VALUES (4124, 3063, 'Mock not eklendi. Test amacli. (Note 0)', 1, TRUE, '2026-07-19 17:03:35');
INSERT INTO request_notes_Sila (note_ID, request_ID, content, submitter_ID, is_internal, created_at) VALUES (4125, 3063, 'Mock not eklendi. Test amacli. (Note 1)', 1, TRUE, '2026-07-19 18:03:35');
INSERT INTO request_notes_Sila (note_ID, request_ID, content, submitter_ID, is_internal, created_at) VALUES (4126, 3063, 'Mock not eklendi. Test amacli. (Note 2)', 25, TRUE, '2026-07-19 19:03:35');
INSERT INTO requests_Sila (request_ID, creator_ID, title, description, status, type, generated_id, final_priority_score, created_at) VALUES (3064, 27, 'Kullanici girisi yavas - Mock Dev 25 - 30', 'Musteriler bu sorundan sikayetci, acil bakilmasi gerekiyor.', 'ASSIGNED', 'ENTEGRASYON_SIKINTILARI', 'M-1064', 92.9, '2026-07-14 15:03:35');
INSERT INTO priorities_Sila (priority_ID, request_ID, company_points, product_mgr_score, software_mgr_score, priority_score) VALUES (3064, 3064, 97.3, 4, 5, 92.9);
INSERT INTO workflows_Sila (task_ID, request_ID, developer_ID, workflow_status, assigned_by_ID, assigned_at) VALUES (3064, 3064, 25, 'ASSIGNED', 1, '2026-07-14 16:03:35');
INSERT INTO request_notes_Sila (note_ID, request_ID, content, submitter_ID, is_internal, created_at) VALUES (4127, 3064, 'Mock not eklendi. Test amacli. (Note 0)', 1, TRUE, '2026-07-14 17:03:35');
INSERT INTO requests_Sila (request_ID, creator_ID, title, description, status, type, generated_id, final_priority_score, created_at) VALUES (3065, 32, 'Veri kaybi yasaniyor - Mock Dev 25 - 31', 'Dun yapilan guncellemeden sonra bozuldu.', 'ASSIGNED', 'SİSTEM_ÇÖKÜŞÜ', 'M-1065', 86.2, '2026-06-26 15:03:35');
INSERT INTO priorities_Sila (priority_ID, request_ID, company_points, product_mgr_score, software_mgr_score, priority_score) VALUES (3065, 3065, 95.6, 5, 3, 86.2);
INSERT INTO workflows_Sila (task_ID, request_ID, developer_ID, workflow_status, assigned_by_ID, assigned_at) VALUES (3065, 3065, 25, 'ASSIGNED', 1, '2026-06-26 16:03:35');
INSERT INTO request_notes_Sila (note_ID, request_ID, content, submitter_ID, is_internal, created_at) VALUES (4128, 3065, 'Mock not eklendi. Test amacli. (Note 0)', 1, FALSE, '2026-06-26 17:03:35');
INSERT INTO request_notes_Sila (note_ID, request_ID, content, submitter_ID, is_internal, created_at) VALUES (4129, 3065, 'Mock not eklendi. Test amacli. (Note 1)', 1, TRUE, '2026-06-26 18:03:35');
INSERT INTO requests_Sila (request_ID, creator_ID, title, description, status, type, generated_id, final_priority_score, created_at) VALUES (3066, 35, 'Mobil uyumluluk sorunu - Mock Dev 25 - 32', 'Performans cok dusuk.', 'COMPLETED', 'DİĞER', 'M-1066', 81.6, '2026-07-19 15:03:35');
INSERT INTO priorities_Sila (priority_ID, request_ID, company_points, product_mgr_score, software_mgr_score, priority_score) VALUES (3066, 3066, 99.1, 4, 3, 81.6);
INSERT INTO workflows_Sila (task_ID, request_ID, developer_ID, workflow_status, assigned_by_ID, assigned_at, resolved_at) VALUES (3066, 3066, 25, 'RESOLVED', 1, '2026-07-19 16:03:35', '2026-07-20 16:03:35');
INSERT INTO request_notes_Sila (note_ID, request_ID, content, submitter_ID, is_internal, created_at) VALUES (4130, 3066, 'Mock not eklendi. Test amacli. (Note 0)', 25, TRUE, '2026-07-19 17:03:35');
INSERT INTO requests_Sila (request_ID, creator_ID, title, description, status, type, generated_id, final_priority_score, created_at) VALUES (3067, 27, 'Veritabani baglanti hatasi - Mock Dev 25 - 33', 'Loglarda NullPointerException gordum, ekteki dosyaya bakiniz.', 'COMPLETED', 'ENTEGRASYON_SIKINTILARI', 'M-1067', 80.3, '2026-07-14 15:03:35');
INSERT INTO priorities_Sila (priority_ID, request_ID, company_points, product_mgr_score, software_mgr_score, priority_score) VALUES (3067, 3067, 80.7, 5, 3, 80.3);
INSERT INTO workflows_Sila (task_ID, request_ID, developer_ID, workflow_status, assigned_by_ID, assigned_at, resolved_at) VALUES (3067, 3067, 25, 'RESOLVED', 1, '2026-07-14 16:03:35', '2026-07-15 16:03:35');
INSERT INTO request_notes_Sila (note_ID, request_ID, content, submitter_ID, is_internal, created_at) VALUES (4131, 3067, 'Mock not eklendi. Test amacli. (Note 0)', 25, FALSE, '2026-07-14 17:03:35');
INSERT INTO request_notes_Sila (note_ID, request_ID, content, submitter_ID, is_internal, created_at) VALUES (4132, 3067, 'Mock not eklendi. Test amacli. (Note 1)', 25, FALSE, '2026-07-14 18:03:35');
INSERT INTO requests_Sila (request_ID, creator_ID, title, description, status, type, generated_id, final_priority_score, created_at) VALUES (3068, 30, 'Sifre sifirlama maili gelmiyor - Mock Dev 25 - 34', 'Veriler eksik geliyor, veritabani sorgusu optimize edilmeli.', 'ASSIGNED', 'GELİŞTİRME', 'M-1068', 84.2, '2026-06-27 15:03:35');
INSERT INTO priorities_Sila (priority_ID, request_ID, company_points, product_mgr_score, software_mgr_score, priority_score) VALUES (3068, 3068, 75.4, 5, 4, 84.2);
INSERT INTO workflows_Sila (task_ID, request_ID, developer_ID, workflow_status, assigned_by_ID, assigned_at) VALUES (3068, 3068, 25, 'ASSIGNED', 1, '2026-06-27 16:03:35');
INSERT INTO request_notes_Sila (note_ID, request_ID, content, submitter_ID, is_internal, created_at) VALUES (4133, 3068, 'Mock not eklendi. Test amacli. (Note 0)', 1, FALSE, '2026-06-27 17:03:35');
INSERT INTO requests_Sila (request_ID, creator_ID, title, description, status, type, generated_id, final_priority_score, created_at) VALUES (3069, 32, 'Sifre sifirlama maili gelmiyor - Mock Dev 25 - 35', 'Veriler eksik geliyor, veritabani sorgusu optimize edilmeli.', 'COMPLETED', 'YENİ_ÖZELLİK_EKLEME', 'M-1069', 76.5, '2026-07-01 15:03:35');
INSERT INTO priorities_Sila (priority_ID, request_ID, company_points, product_mgr_score, software_mgr_score, priority_score) VALUES (3069, 3069, 86.2, 4, 3, 76.5);
INSERT INTO workflows_Sila (task_ID, request_ID, developer_ID, workflow_status, assigned_by_ID, assigned_at, resolved_at) VALUES (3069, 3069, 25, 'RESOLVED', 1, '2026-07-01 16:03:35', '2026-07-03 16:03:35');
INSERT INTO request_notes_Sila (note_ID, request_ID, content, submitter_ID, is_internal, created_at) VALUES (4134, 3069, 'Mock not eklendi. Test amacli. (Note 0)', 1, FALSE, '2026-07-01 17:03:35');
INSERT INTO requests_Sila (request_ID, creator_ID, title, description, status, type, generated_id, final_priority_score, created_at) VALUES (3070, 28, 'Sayfa yuklenmiyor - Mock Dev 25 - 36', 'Musteriler bu sorundan sikayetci, acil bakilmasi gerekiyor.', 'COMPLETED', 'BUG_DÜZELTME', 'M-1070', 76.3, '2026-06-29 15:03:35');
INSERT INTO priorities_Sila (priority_ID, request_ID, company_points, product_mgr_score, software_mgr_score, priority_score) VALUES (3070, 3070, 70.7, 5, 3, 76.3);
INSERT INTO workflows_Sila (task_ID, request_ID, developer_ID, workflow_status, assigned_by_ID, assigned_at, resolved_at) VALUES (3070, 3070, 25, 'RESOLVED', 1, '2026-06-29 16:03:35', '2026-07-04 16:03:35');
INSERT INTO request_notes_Sila (note_ID, request_ID, content, submitter_ID, is_internal, created_at) VALUES (4135, 3070, 'Mock not eklendi. Test amacli. (Note 0)', 25, FALSE, '2026-06-29 17:03:35');
INSERT INTO request_notes_Sila (note_ID, request_ID, content, submitter_ID, is_internal, created_at) VALUES (4136, 3070, 'Mock not eklendi. Test amacli. (Note 1)', 25, FALSE, '2026-06-29 18:03:35');
INSERT INTO requests_Sila (request_ID, creator_ID, title, description, status, type, generated_id, final_priority_score, created_at) VALUES (3071, 30, 'Yeni buton eklenmesi - Mock Dev 25 - 37', 'Musteriler bu sorundan sikayetci, acil bakilmasi gerekiyor.', 'COMPLETED', 'DİĞER', 'M-1071', 82.3, '2026-07-16 15:03:35');
INSERT INTO priorities_Sila (priority_ID, request_ID, company_points, product_mgr_score, software_mgr_score, priority_score) VALUES (3071, 3071, 85.7, 3, 5, 82.3);
INSERT INTO workflows_Sila (task_ID, request_ID, developer_ID, workflow_status, assigned_by_ID, assigned_at, resolved_at) VALUES (3071, 3071, 25, 'RESOLVED', 1, '2026-07-16 16:03:35', '2026-07-18 16:03:35');
INSERT INTO request_notes_Sila (note_ID, request_ID, content, submitter_ID, is_internal, created_at) VALUES (4137, 3071, 'Mock not eklendi. Test amacli. (Note 0)', 1, FALSE, '2026-07-16 17:03:35');
INSERT INTO request_notes_Sila (note_ID, request_ID, content, submitter_ID, is_internal, created_at) VALUES (4138, 3071, 'Mock not eklendi. Test amacli. (Note 1)', 25, TRUE, '2026-07-16 18:03:35');
INSERT INTO requests_Sila (request_ID, creator_ID, title, description, status, type, generated_id, final_priority_score, created_at) VALUES (3072, 29, 'Arayuzde kayma var - Mock Dev 25 - 38', 'Dun yapilan guncellemeden sonra bozuldu.', 'COMPLETED', 'DİĞER', 'M-1072', 86.0, '2026-06-24 15:03:35');
INSERT INTO priorities_Sila (priority_ID, request_ID, company_points, product_mgr_score, software_mgr_score, priority_score) VALUES (3072, 3072, 94.9, 5, 3, 86.0);
INSERT INTO workflows_Sila (task_ID, request_ID, developer_ID, workflow_status, assigned_by_ID, assigned_at, resolved_at) VALUES (3072, 3072, 25, 'RESOLVED', 1, '2026-06-24 16:03:35', '2026-06-29 16:03:35');
INSERT INTO request_notes_Sila (note_ID, request_ID, content, submitter_ID, is_internal, created_at) VALUES (4139, 3072, 'Mock not eklendi. Test amacli. (Note 0)', 1, TRUE, '2026-06-24 17:03:35');
INSERT INTO request_notes_Sila (note_ID, request_ID, content, submitter_ID, is_internal, created_at) VALUES (4140, 3072, 'Mock not eklendi. Test amacli. (Note 1)', 1, FALSE, '2026-06-24 18:03:35');
INSERT INTO requests_Sila (request_ID, creator_ID, title, description, status, type, generated_id, final_priority_score, created_at) VALUES (3073, 34, 'Arayuzde kayma var - Mock Dev 25 - 39', 'Tasarim ekibi guncellemeyi talep etti.', 'ASSIGNED', 'BUG_DÜZELTME', 'M-1073', 72.4, '2026-06-22 15:03:35');
INSERT INTO priorities_Sila (priority_ID, request_ID, company_points, product_mgr_score, software_mgr_score, priority_score) VALUES (3073, 3073, 75.9, 3, 4, 72.4);
INSERT INTO workflows_Sila (task_ID, request_ID, developer_ID, workflow_status, assigned_by_ID, assigned_at) VALUES (3073, 3073, 25, 'ASSIGNED', 1, '2026-06-22 16:03:35');
INSERT INTO request_notes_Sila (note_ID, request_ID, content, submitter_ID, is_internal, created_at) VALUES (4141, 3073, 'Mock not eklendi. Test amacli. (Note 0)', 25, FALSE, '2026-06-22 17:03:35');
INSERT INTO request_notes_Sila (note_ID, request_ID, content, submitter_ID, is_internal, created_at) VALUES (4142, 3073, 'Mock not eklendi. Test amacli. (Note 1)', 25, TRUE, '2026-06-22 18:03:35');
INSERT INTO request_notes_Sila (note_ID, request_ID, content, submitter_ID, is_internal, created_at) VALUES (4143, 3073, 'Mock not eklendi. Test amacli. (Note 2)', 25, FALSE, '2026-06-22 19:03:35');
INSERT INTO requests_Sila (request_ID, creator_ID, title, description, status, type, generated_id, final_priority_score, created_at) VALUES (3074, 35, 'Sifre sifirlama maili gelmiyor - Mock Dev 25 - 40', 'Veriler eksik geliyor, veritabani sorgusu optimize edilmeli.', 'COMPLETED', 'YENİ_ÖZELLİK_EKLEME', 'M-1074', 78.8, '2026-07-13 15:03:35');
INSERT INTO priorities_Sila (priority_ID, request_ID, company_points, product_mgr_score, software_mgr_score, priority_score) VALUES (3074, 3074, 92.1, 4, 3, 78.8);
INSERT INTO workflows_Sila (task_ID, request_ID, developer_ID, workflow_status, assigned_by_ID, assigned_at, resolved_at) VALUES (3074, 3074, 25, 'RESOLVED', 1, '2026-07-13 16:03:35', '2026-07-17 16:03:35');
INSERT INTO request_notes_Sila (note_ID, request_ID, content, submitter_ID, is_internal, created_at) VALUES (4144, 3074, 'Mock not eklendi. Test amacli. (Note 0)', 25, FALSE, '2026-07-13 17:03:35');
INSERT INTO request_notes_Sila (note_ID, request_ID, content, submitter_ID, is_internal, created_at) VALUES (4145, 3074, 'Mock not eklendi. Test amacli. (Note 1)', 1, FALSE, '2026-07-13 18:03:35');
INSERT INTO request_notes_Sila (note_ID, request_ID, content, submitter_ID, is_internal, created_at) VALUES (4146, 3074, 'Mock not eklendi. Test amacli. (Note 2)', 25, FALSE, '2026-07-13 19:03:35');
INSERT INTO requests_Sila (request_ID, creator_ID, title, description, status, type, generated_id, final_priority_score, created_at) VALUES (3075, 34, '500 Internal Server Error - Mock Dev 25 - 41', 'Musteriler bu sorundan sikayetci, acil bakilmasi gerekiyor.', 'ASSIGNED', 'BUG_DÜZELTME', 'M-1075', 93.4, '2026-06-26 15:03:35');
INSERT INTO priorities_Sila (priority_ID, request_ID, company_points, product_mgr_score, software_mgr_score, priority_score) VALUES (3075, 3075, 98.4, 5, 4, 93.4);
INSERT INTO workflows_Sila (task_ID, request_ID, developer_ID, workflow_status, assigned_by_ID, assigned_at) VALUES (3075, 3075, 25, 'ASSIGNED', 1, '2026-06-26 16:03:35');
INSERT INTO request_notes_Sila (note_ID, request_ID, content, submitter_ID, is_internal, created_at) VALUES (4147, 3075, 'Mock not eklendi. Test amacli. (Note 0)', 1, FALSE, '2026-06-26 17:03:35');
INSERT INTO requests_Sila (request_ID, creator_ID, title, description, status, type, generated_id, final_priority_score, created_at) VALUES (3076, 28, 'Raporlama modulu calismiyor - Mock Dev 25 - 42', 'Dun yapilan guncellemeden sonra bozuldu.', 'ASSIGNED', 'SİSTEM_ÇÖKÜŞÜ', 'M-1076', 78.3, '2026-07-02 15:03:35');
INSERT INTO priorities_Sila (priority_ID, request_ID, company_points, product_mgr_score, software_mgr_score, priority_score) VALUES (3076, 3076, 90.9, 4, 3, 78.3);
INSERT INTO workflows_Sila (task_ID, request_ID, developer_ID, workflow_status, assigned_by_ID, assigned_at) VALUES (3076, 3076, 25, 'ASSIGNED', 1, '2026-07-02 16:03:35');
INSERT INTO request_notes_Sila (note_ID, request_ID, content, submitter_ID, is_internal, created_at) VALUES (4148, 3076, 'Mock not eklendi. Test amacli. (Note 0)', 1, FALSE, '2026-07-02 17:03:35');
INSERT INTO request_notes_Sila (note_ID, request_ID, content, submitter_ID, is_internal, created_at) VALUES (4149, 3076, 'Mock not eklendi. Test amacli. (Note 1)', 25, TRUE, '2026-07-02 18:03:35');
INSERT INTO requests_Sila (request_ID, creator_ID, title, description, status, type, generated_id, final_priority_score, created_at) VALUES (3077, 35, '500 Internal Server Error - Mock Dev 25 - 43', 'Performans cok dusuk.', 'COMPLETED', 'DİĞER', 'M-1077', 76.4, '2026-07-13 15:03:35');
INSERT INTO priorities_Sila (priority_ID, request_ID, company_points, product_mgr_score, software_mgr_score, priority_score) VALUES (3077, 3077, 86.0, 4, 3, 76.4);
INSERT INTO workflows_Sila (task_ID, request_ID, developer_ID, workflow_status, assigned_by_ID, assigned_at, resolved_at) VALUES (3077, 3077, 25, 'RESOLVED', 1, '2026-07-13 16:03:35', '2026-07-17 16:03:35');
INSERT INTO request_notes_Sila (note_ID, request_ID, content, submitter_ID, is_internal, created_at) VALUES (4150, 3077, 'Mock not eklendi. Test amacli. (Note 0)', 1, TRUE, '2026-07-13 17:03:35');
INSERT INTO request_notes_Sila (note_ID, request_ID, content, submitter_ID, is_internal, created_at) VALUES (4151, 3077, 'Mock not eklendi. Test amacli. (Note 1)', 25, TRUE, '2026-07-13 18:03:35');